-- MySQL dump 10.13  Distrib 5.7.28, for Linux (x86_64)
--
-- Host: localhost    Database: obds
-- ------------------------------------------------------
-- Server version	5.7.28-0ubuntu0.19.04.2

/*!40101 SET @OLD_CHARACTER_SET_CLIENT=@@CHARACTER_SET_CLIENT */;
/*!40101 SET @OLD_CHARACTER_SET_RESULTS=@@CHARACTER_SET_RESULTS */;
/*!40101 SET @OLD_COLLATION_CONNECTION=@@COLLATION_CONNECTION */;
/*!40101 SET NAMES utf8 */;
/*!40103 SET @OLD_TIME_ZONE=@@TIME_ZONE */;
/*!40103 SET TIME_ZONE='+00:00' */;
/*!40014 SET @OLD_UNIQUE_CHECKS=@@UNIQUE_CHECKS, UNIQUE_CHECKS=0 */;
/*!40014 SET @OLD_FOREIGN_KEY_CHECKS=@@FOREIGN_KEY_CHECKS, FOREIGN_KEY_CHECKS=0 */;
/*!40101 SET @OLD_SQL_MODE=@@SQL_MODE, SQL_MODE='NO_AUTO_VALUE_ON_ZERO' */;
/*!40111 SET @OLD_SQL_NOTES=@@SQL_NOTES, SQL_NOTES=0 */;

--
-- Table structure for table `Account`
--

DROP TABLE IF EXISTS `Account`;
/*!40101 SET @saved_cs_client     = @@character_set_client */;
/*!40101 SET character_set_client = utf8 */;
CREATE TABLE `Account` (
  `id` varchar(10) NOT NULL,
  `password` varchar(40) DEFAULT NULL,
  `category` varchar(20) DEFAULT NULL,
  PRIMARY KEY (`id`)
) ENGINE=InnoDB DEFAULT CHARSET=latin1;
/*!40101 SET character_set_client = @saved_cs_client */;

--
-- Dumping data for table `Account`
--

LOCK TABLES `Account` WRITE;
/*!40000 ALTER TABLE `Account` DISABLE KEYS */;
/*!40000 ALTER TABLE `Account` ENABLE KEYS */;
UNLOCK TABLES;

--
-- Table structure for table `Blood_Bank`
--

DROP TABLE IF EXISTS `Blood_Bank`;
/*!40101 SET @saved_cs_client     = @@character_set_client */;
/*!40101 SET character_set_client = utf8 */;
CREATE TABLE `Blood_Bank` (
  `BANK_id` char(11) NOT NULL,
  `Name` varchar(40) NOT NULL,
  `Apositive` int(11) DEFAULT NULL,
  `Anegative` int(11) DEFAULT NULL,
  `Bpositive` int(11) DEFAULT NULL,
  `Bnegative` int(11) DEFAULT NULL,
  `Opositive` int(11) DEFAULT NULL,
  `Onegative` int(11) DEFAULT NULL,
  `ABpositive` int(11) DEFAULT NULL,
  `ABnegative` int(11) DEFAULT NULL,
  `Address` varchar(100) NOT NULL,
  `Contact` char(10) NOT NULL,
  `pincode` char(6) NOT NULL,
  PRIMARY KEY (`BANK_id`)
) ENGINE=InnoDB DEFAULT CHARSET=latin1;
/*!40101 SET character_set_client = @saved_cs_client */;

--
-- Dumping data for table `Blood_Bank`
--

LOCK TABLES `Blood_Bank` WRITE;
/*!40000 ALTER TABLE `Blood_Bank` DISABLE KEYS */;
/*!40000 ALTER TABLE `Blood_Bank` ENABLE KEYS */;
UNLOCK TABLES;

--
-- Table structure for table `Blood_Donor`
--

DROP TABLE IF EXISTS `Blood_Donor`;
/*!40101 SET @saved_cs_client     = @@character_set_client */;
/*!40101 SET character_set_client = utf8 */;
CREATE TABLE `Blood_Donor` (
  `Age` int(11) NOT NULL,
  `BLD_id` char(9) NOT NULL,
  `Name` varchar(35) NOT NULL,
  `Address` varchar(100) NOT NULL,
  `ORG_id` char(9) DEFAULT NULL,
  `Blood_Group` varchar(3) NOT NULL,
  `Last_Donated` date NOT NULL,
  `Last_Checkup` date NOT NULL,
  `Pincode` char(6) NOT NULL,
  PRIMARY KEY (`BLD_id`),
  KEY `ORG_id` (`ORG_id`),
  CONSTRAINT `Blood_Donor_ibfk_1` FOREIGN KEY (`ORG_id`) REFERENCES `Organisation` (`ORG_id`)
) ENGINE=InnoDB DEFAULT CHARSET=latin1;
/*!40101 SET character_set_client = @saved_cs_client */;

--
-- Dumping data for table `Blood_Donor`
--

LOCK TABLES `Blood_Donor` WRITE;
/*!40000 ALTER TABLE `Blood_Donor` DISABLE KEYS */;
/*!40000 ALTER TABLE `Blood_Donor` ENABLE KEYS */;
UNLOCK TABLES;

--
-- Table structure for table `Cornea`
--

DROP TABLE IF EXISTS `Cornea`;
/*!40101 SET @saved_cs_client     = @@character_set_client */;
/*!40101 SET character_set_client = utf8 */;
CREATE TABLE `Cornea` (
  `ORGAN_id` char(7) NOT NULL,
  `DON_id` char(9) DEFAULT NULL,
  `PAT_id` char(9) DEFAULT NULL,
  `Matched_id` char(7) DEFAULT NULL,
  `Procurement_Timestamp` timestamp NOT NULL DEFAULT CURRENT_TIMESTAMP ON UPDATE CURRENT_TIMESTAMP,
  PRIMARY KEY (`ORGAN_id`),
  KEY `DON_id` (`DON_id`),
  KEY `PAT_id` (`PAT_id`),
  KEY `Matched_id` (`Matched_id`),
  CONSTRAINT `Cornea_ibfk_1` FOREIGN KEY (`DON_id`) REFERENCES `Organ_Donor` (`DON_id`),
  CONSTRAINT `Cornea_ibfk_2` FOREIGN KEY (`PAT_id`) REFERENCES `Patient` (`PAT_id`),
  CONSTRAINT `Cornea_ibfk_3` FOREIGN KEY (`Matched_id`) REFERENCES `Cornea` (`ORGAN_id`)
) ENGINE=InnoDB DEFAULT CHARSET=latin1;
/*!40101 SET character_set_client = @saved_cs_client */;

--
-- Dumping data for table `Cornea`
--

LOCK TABLES `Cornea` WRITE;
/*!40000 ALTER TABLE `Cornea` DISABLE KEYS */;
/*!40000 ALTER TABLE `Cornea` ENABLE KEYS */;
UNLOCK TABLES;

--
-- Table structure for table `Doctor`
--

DROP TABLE IF EXISTS `Doctor`;
/*!40101 SET @saved_cs_client     = @@character_set_client */;
/*!40101 SET character_set_client = utf8 */;
CREATE TABLE `Doctor` (
  `Doc_ID` char(9) NOT NULL,
  `Name` varchar(35) NOT NULL,
  `Contact` char(10) NOT NULL,
  `Speciality` varchar(20) NOT NULL,
  PRIMARY KEY (`Doc_ID`)
) ENGINE=InnoDB DEFAULT CHARSET=latin1;
/*!40101 SET character_set_client = @saved_cs_client */;

--
-- Dumping data for table `Doctor`
--

LOCK TABLES `Doctor` WRITE;
/*!40000 ALTER TABLE `Doctor` DISABLE KEYS */;
INSERT INTO `Doctor` VALUES ('DOC_10005','Robert Call','9283717445','Others'),('DOC_10033','Joe Lashley','9418396734','Ophthalmologists'),('DOC_10217','Felipe Lancaster','9581639803','Pulmonologist'),('DOC_10338','Justin Driscoll','9868767528','Cardiovascular'),('DOC_10565','Katrina Ramsey','9924006578','Pulmonologist'),('DOC_10617','John Hurless','9093027627','Gastroenterologist'),('DOC_10667','Jeremy Thornsberry','9585268497','Ophthalmologists'),('DOC_10716','Danny Karban','9301477851','Pulmonologist'),('DOC_1077','Bonnie Christian','9507503943','Pulmonologist'),('DOC_10816','Gilbert Campbell','9759139569','Cardiovascular'),('DOC_10853','Thomas Wood','9857387205','Others'),('DOC_1088','Armando Barrett','9386794789','Cardiovascular'),('DOC_10890','Eugene Wood','9393081721','Gastroenterologist'),('DOC_1097','Christine Gregory','9799865650','Ophthalmologists'),('DOC_110','Tamika Iozzi','9532923198','Others'),('DOC_11065','Jennifer Thomas','9536122241','Cardiovascular'),('DOC_11148','Dawn Robertson','9349967836','Hepatologist'),('DOC_11178','Andrew Kitchen','9420604052','Nephrologist'),('DOC_11385','Latoya Pearson','9575048500','Gastroenterologist'),('DOC_11507','Teresa Molina','9130726280','Pulmonologist'),('DOC_11511','Steve Gray','9950555419','Nephrologist'),('DOC_11659','Michael Hamilton','9821928148','Cardiovascular'),('DOC_11823','John Farnsworth','9466925215','Others'),('DOC_11958','Thomas Lescarbeau','9569827353','Gastroenterologist'),('DOC_12057','Ralph Wiggins','9192754379','Ophthalmologists'),('DOC_12078','Nathan Sigmon','9534027460','Gastroenterologist'),('DOC_12286','Holly Ahlman','9063175888','Nephrologist'),('DOC_12457','Norma Armenta','9100555099','Gastroenterologist'),('DOC_1250','Dorothy Garrett','9174517704','Gastroenterologist'),('DOC_12668','Charles Seaman','9292162104','Gastroenterologist'),('DOC_1267','Thelma Thao','9845479709','Pulmonologist'),('DOC_12684','Genaro Coney','9453124706','Nephrologist'),('DOC_12719','James Mcarthur','9756479890','Pulmonologist'),('DOC_12821','Dennis Walker','9456865947','Ophthalmologists'),('DOC_12861','Mark Brownlee','9197039997','Nephrologist'),('DOC_12892','Ricardo Alston','9760076277','Nephrologist'),('DOC_13107','Jesus Goode','9106672291','Pulmonologist'),('DOC_13200','John Solorio','9716681751','Nephrologist'),('DOC_13242','Andrea Fedezko','9529999825','Cardiovascular'),('DOC_13409','Judy Goldberger','9945151708','Gastroenterologist'),('DOC_1341','Michael Weston','9598837090','Gastroenterologist'),('DOC_13442','Ray Cooper','9085815314','Pulmonologist'),('DOC_13474','Christopher Powell','9335575928','Gastroenterologist'),('DOC_13879','Carol Fuentes','9360365975','Gastroenterologist'),('DOC_14127','Brenda Lehman','9242205357','Others'),('DOC_14144','Loren Blank','9303360389','Ophthalmologists'),('DOC_14289','Robin Floyd','9690032262','Others'),('DOC_1438','Bethany Lambert','9797431463','Gastroenterologist'),('DOC_14534','Agnes Hecker','9991852261','Others'),('DOC_14558','Olga Dawson','9891692576','Hepatologist'),('DOC_14559','Opal Phillips','9608290630','Hepatologist'),('DOC_14638','Justin Johnson','9125668590','Ophthalmologists'),('DOC_14682','Taylor Emch','9460427367','Nephrologist'),('DOC_14771','Alfred Soto','9658173165','Cardiovascular'),('DOC_14815','Mark Mclaughlin','9441442896','Ophthalmologists'),('DOC_14827','Maryann Talbert','9273857264','Others'),('DOC_15191','Robert Hedrick','9128390567','Pulmonologist'),('DOC_15260','Phyllis Little','9768720772','Cardiovascular'),('DOC_15417','Jewel Fields','9784775487','Gastroenterologist'),('DOC_1560','Brandy Dougherty','9440760503','Hepatologist'),('DOC_15614','Floyd Cato','9828771039','Gastroenterologist'),('DOC_15629','Charles Smith','9852730247','Cardiovascular'),('DOC_15645','Cindy Dimas','9778319538','Nephrologist'),('DOC_15891','Charles Kenworthy','9578047896','Gastroenterologist'),('DOC_15989','Nelly Bush','9870403090','Ophthalmologists'),('DOC_16236','Kay Akins','9091308281','Gastroenterologist'),('DOC_16284','Tina Rivett','9893163516','Others'),('DOC_16514','Lisa Cerna','9003892784','Ophthalmologists'),('DOC_16614','Wanda Borg','9567057055','Nephrologist'),('DOC_16666','John Sok','9501643200','Pulmonologist'),('DOC_16695','Barbara Pearce','9141849793','Cardiovascular'),('DOC_16914','Bruce Roach','9670008912','Pulmonologist'),('DOC_16925','Paul Vil','9490397526','Pulmonologist'),('DOC_16952','David Parado','9331683112','Gastroenterologist'),('DOC_16999','James Marsh','9983941744','Others'),('DOC_17160','Jimmy Woock','9146991848','Cardiovascular'),('DOC_1730','Megan Lee','9242072041','Hepatologist'),('DOC_1737','Howard Reeves','9312585531','Hepatologist'),('DOC_17398','Theresa Lawrence','9197283991','Hepatologist'),('DOC_17419','Clarice Burden','9506700491','Cardiovascular'),('DOC_17470','Sherry Lesher','9286830423','Nephrologist'),('DOC_17577','Daryl Andrada','9592913805','Others'),('DOC_17667','James Dyess','9151829074','Others'),('DOC_17690','Leopoldo Ralph','9272978217','Gastroenterologist'),('DOC_17727','Caleb Parra','9460950879','Cardiovascular'),('DOC_17731','Joseph Baker','9898263203','Cardiovascular'),('DOC_17868','Kristin Mackenzie','9775943097','Cardiovascular'),('DOC_18206','Luke Marshall','9143518568','Ophthalmologists'),('DOC_1821','Kenneth Jacques','9423508928','Gastroenterologist'),('DOC_18290','Marlys Bryant','9430455544','Cardiovascular'),('DOC_18293','Frances Felix','9659319860','Hepatologist'),('DOC_18464','Joseph Morrison','9588033955','Others'),('DOC_1862','William Janes','9665061001','Hepatologist'),('DOC_1873','Amy Davis','9481293377','Gastroenterologist'),('DOC_18769','Corrina Nuuanu','9033483613','Pulmonologist'),('DOC_19016','German Splatt','9930365103','Hepatologist'),('DOC_19057','Kyong Nevarez','9507444673','Nephrologist'),('DOC_19117','Walter Carr','9169731986','Gastroenterologist'),('DOC_19156','Patricia Devera','9152910079','Ophthalmologists'),('DOC_19178','Christopher Gray','9098741812','Others'),('DOC_19267','Rodney Klinger','9047735055','Gastroenterologist'),('DOC_19768','Glenn Stefani','9445323358','Hepatologist'),('DOC_19794','John Reichert','9332173179','Ophthalmologists'),('DOC_19798','Erika Johnson','9150192821','Pulmonologist'),('DOC_19807','Tiara Davis','9587770152','Cardiovascular'),('DOC_20029','Jazmine Scott','9854385559','Ophthalmologists'),('DOC_20070','Evelyn Marquez','9420115207','Hepatologist'),('DOC_20102','Charlotte Nigro','9583911748','Cardiovascular'),('DOC_20168','Monica Turner','9494845852','Nephrologist'),('DOC_20251','Brittany Medina','9788152149','Pulmonologist'),('DOC_20341','Michele Tadlock','9507195129','Pulmonologist'),('DOC_20408','Marie Fitzwater','9576085568','Hepatologist'),('DOC_20522','Logan Fink','9164851347','Hepatologist'),('DOC_2056','Carl Hoch','9281013507','Others'),('DOC_20631','Ronald Velasquez','9416433542','Cardiovascular'),('DOC_20653','Margaret Mccoy','9268335571','Gastroenterologist'),('DOC_20742','Charles Ide','9220815920','Gastroenterologist'),('DOC_210','George Silva','9996003646','Nephrologist'),('DOC_21073','Selina Walp','9464870837','Pulmonologist'),('DOC_2114','Bradley Goff','9401932852','Nephrologist'),('DOC_21230','Dawn Goforth','9531122418','Gastroenterologist'),('DOC_21317','Buford Christensen','9362308238','Gastroenterologist'),('DOC_21421','Laura Henderson','9863539777','Nephrologist'),('DOC_21512','Carmen Mcneil','9049507085','Ophthalmologists'),('DOC_21598','Miguel Dunkerson','9738182928','Cardiovascular'),('DOC_21778','Robert Thackaberry','9570873134','Gastroenterologist'),('DOC_21817','Ben Yin','9471932509','Hepatologist'),('DOC_21858','Clyde Park','9188199674','Nephrologist'),('DOC_21968','Mildred Stegmann','9433646227','Hepatologist'),('DOC_22101','Michael Mann','9544152804','Cardiovascular'),('DOC_22249','Tawana Clark','9012810856','Cardiovascular'),('DOC_22254','Linda Ryans','9096859567','Hepatologist'),('DOC_22412','Marion Mcclintock','9322014841','Ophthalmologists'),('DOC_22415','Justin Unsworth','9199775008','Pulmonologist'),('DOC_22430','Joanna Reardon','9446656447','Nephrologist'),('DOC_22506','Charles Santarelli','9697294454','Cardiovascular'),('DOC_22553','Shelly Riggings','9436058883','Pulmonologist'),('DOC_2270','Timothy Decker','9425102110','Cardiovascular'),('DOC_22702','Robert Sisco','9993328818','Ophthalmologists'),('DOC_22974','Timothy Nishitani','9487323879','Ophthalmologists'),('DOC_23002','Bernice Rowden','9471065255','Others'),('DOC_23102','Robert Clark','9241994249','Pulmonologist'),('DOC_23153','James Paul','9888990435','Pulmonologist'),('DOC_2323','Leland Cochran','9081903957','Ophthalmologists'),('DOC_23280','Leonard Golden','9524860750','Nephrologist'),('DOC_23282','Eric Garcia','9858302144','Hepatologist'),('DOC_23325','Daryl Davis','9722119061','Pulmonologist'),('DOC_23459','Gilbert Buckley','9926420000','Cardiovascular'),('DOC_23464','Linda Jones','9887090403','Nephrologist'),('DOC_23610','Chester Forti','9150378394','Gastroenterologist'),('DOC_23764','John Smith','9545329835','Ophthalmologists'),('DOC_23781','Janet Lopez','9511799393','Ophthalmologists'),('DOC_23814','Brenda Riddle','9103157821','Cardiovascular'),('DOC_23915','Brian Wright','9445929925','Pulmonologist'),('DOC_23998','Edgardo Majure','9958574651','Ophthalmologists'),('DOC_24010','Matthew Surrett','9996689819','Ophthalmologists'),('DOC_24058','William Page','9382068472','Others'),('DOC_24092','Helen Barnes','9428227836','Others'),('DOC_2411','Vicki Johnson','9288231994','Cardiovascular'),('DOC_24421','Kyle Leavins','9835497587','Gastroenterologist'),('DOC_24482','Alma Henderson','9241367077','Pulmonologist'),('DOC_2453','Harry Parker','9883654392','Pulmonologist'),('DOC_24546','Cheryl Locicero','9520569197','Cardiovascular'),('DOC_24581','Jennifer Jones','9969009106','Pulmonologist'),('DOC_24617','Florence Cross','9596050771','Ophthalmologists'),('DOC_24689','Whitney Burwell','9735022354','Gastroenterologist'),('DOC_24722','Mary Cox','9174166054','Cardiovascular'),('DOC_24736','James Shelton','9224101977','Nephrologist'),('DOC_24811','Gordon Gray','9455097328','Hepatologist'),('DOC_24812','Stephen Allison','9741085320','Pulmonologist'),('DOC_24987','Steven Casares','9056686593','Others'),('DOC_25091','Brian Gottlieb','9823980346','Hepatologist'),('DOC_25104','Lonnie Duke','9701836441','Nephrologist'),('DOC_25111','Brian Netzer','9799905056','Gastroenterologist'),('DOC_25127','Catherine Hill','9014014387','Nephrologist'),('DOC_25208','Ernest Meyer','9490692067','Others'),('DOC_25335','Amy Dunham','9542105609','Ophthalmologists'),('DOC_25390','Ty Krebbs','9997895046','Pulmonologist'),('DOC_25401','Scott Person','9135946359','Gastroenterologist'),('DOC_25414','Gina Pool','9765739724','Nephrologist'),('DOC_25650','Edward Waren','9234750821','Pulmonologist'),('DOC_25677','Ashley Scott','9340655724','Others'),('DOC_25731','Nancy Garrett','9123663561','Others'),('DOC_25746','Matthew Loper','9558194132','Nephrologist'),('DOC_25821','Wendy Martin','9499943834','Hepatologist'),('DOC_26115','Steven Lake','9830993371','Cardiovascular'),('DOC_26144','Raymond Bliss','9518422107','Gastroenterologist'),('DOC_26338','Harold Bullard','9365037768','Gastroenterologist'),('DOC_2635','Gregory Vaughn','9692462380','Ophthalmologists'),('DOC_26509','Joanne Williams','9497512716','Ophthalmologists'),('DOC_2660','Patricia Hubbard','9767622080','Cardiovascular'),('DOC_26684','David Duteau','9051083324','Ophthalmologists'),('DOC_26807','Doyle Jensen','9717699309','Nephrologist'),('DOC_27100','Christopher Lord','9242601979','Pulmonologist'),('DOC_272','Daniel Wingard','9191702773','Ophthalmologists'),('DOC_27278','Joanna Barker','9342710405','Nephrologist'),('DOC_27354','Elli Guzman','9198141462','Pulmonologist'),('DOC_2741','David Yard','9464100062','Pulmonologist'),('DOC_27567','Marvin Gjertsen','9063290188','Pulmonologist'),('DOC_27603','Eric Moran','9303863497','Nephrologist'),('DOC_27724','Michael Self','9207401371','Ophthalmologists'),('DOC_2779','Steven Peppers','9102889749','Others'),('DOC_27819','Ruben Jones','9589089643','Gastroenterologist'),('DOC_27845','Anthony Freiler','9434312258','Cardiovascular'),('DOC_27851','Erica Byrd','9881242967','Hepatologist'),('DOC_27897','Clare Stommes','9682725412','Pulmonologist'),('DOC_27999','Fletcher Groth','9478461026','Cardiovascular'),('DOC_282','James Avent','9814187770','Gastroenterologist'),('DOC_2820','Joseph Seney','9932470120','Hepatologist'),('DOC_28432','Doreen Smith','9287661300','Nephrologist'),('DOC_2850','Irene Tippets','9174027792','Ophthalmologists'),('DOC_28506','Robin Walker','9667185070','Nephrologist'),('DOC_28635','Kristie Nash','9895541624','Hepatologist'),('DOC_28707','Floria Mckinney','9047672381','Gastroenterologist'),('DOC_28767','Michael Essary','9823961669','Ophthalmologists'),('DOC_28772','Linda Jackson','9740516295','Gastroenterologist'),('DOC_28843','Gregoria Rousseau','9124318238','Gastroenterologist'),('DOC_28907','Michael Robinson','9256073504','Hepatologist'),('DOC_29008','Gary Davis','9719552575','Nephrologist'),('DOC_2906','Charles Sanders','9697461551','Others'),('DOC_29117','Gladys Couch','9200482441','Hepatologist'),('DOC_29132','Charles Simmer','9558362126','Gastroenterologist'),('DOC_29166','Tara Caudill','9077773676','Ophthalmologists'),('DOC_29276','Wilma Dixon','9555728073','Gastroenterologist'),('DOC_29280','Edward Brotherton','9247075801','Cardiovascular'),('DOC_29382','Roosevelt Lemus','9984156148','Gastroenterologist'),('DOC_29447','John Thomas','9937506442','Gastroenterologist'),('DOC_29449','William Burkette','9084194858','Pulmonologist'),('DOC_29502','Thomas Reif','9487684569','Nephrologist'),('DOC_29607','Silas Guy','9091670872','Others'),('DOC_29667','Calvin Oconnor','9459046376','Gastroenterologist'),('DOC_29703','Wesley Webb','9410443444','Hepatologist'),('DOC_29864','Michael Boyd','9980161573','Gastroenterologist'),('DOC_29958','Christopher Shin','9129970483','Nephrologist'),('DOC_29969','Thomas Wall','9640995463','Hepatologist'),('DOC_30018','Thomas Martinez','9757831956','Ophthalmologists'),('DOC_3009','Shanda Coleman','9121729765','Ophthalmologists'),('DOC_30146','Melissa Kellogg','9931784131','Hepatologist'),('DOC_3058','Tiffany Binegar','9114070539','Nephrologist'),('DOC_30647','Thelma Rodriguez','9904029733','Pulmonologist'),('DOC_30883','Clarence Cabrera','9679816171','Gastroenterologist'),('DOC_30996','Linda Mazzaferro','9716098597','Hepatologist'),('DOC_31109','Vern Hedrick','9850297437','Others'),('DOC_31115','Stacey Scott','9355240857','Ophthalmologists'),('DOC_31131','Annette Williams','9616120045','Nephrologist'),('DOC_31205','Paula Lopez','9040940489','Others'),('DOC_31248','Amy Ponce','9122520054','Ophthalmologists'),('DOC_31310','Willie Gomez','9273615234','Hepatologist'),('DOC_31445','Charlene Farnan','9117444732','Gastroenterologist'),('DOC_31632','Amanda Diaz','9853102241','Ophthalmologists'),('DOC_31701','Melvin Coop','9937875454','Gastroenterologist'),('DOC_31806','Kelly Jaramillo','9152242300','Nephrologist'),('DOC_31854','Eric Shilkuski','9026232615','Ophthalmologists'),('DOC_31922','Terry Howard','9943930912','Nephrologist'),('DOC_32087','Dennis Davis','9975438226','Nephrologist'),('DOC_32181','Linda Solano','9739194730','Cardiovascular'),('DOC_32242','Walter Furniss','9501608645','Cardiovascular'),('DOC_32278','Mark Bernard','9423372135','Hepatologist'),('DOC_32308','Kathleen Anderson','9128237507','Others'),('DOC_3231','Lucy Stutzman','9233101051','Nephrologist'),('DOC_32348','David Carrabine','9076635031','Nephrologist'),('DOC_32436','John Walz','9413571747','Others'),('DOC_32441','Dexter Kimmel','9370430679','Gastroenterologist'),('DOC_32719','Charles Gill','9486639050','Cardiovascular'),('DOC_32730','Joseph Watkins','9772325076','Cardiovascular'),('DOC_32855','Emmy Kirk','9185695165','Cardiovascular'),('DOC_32923','Roderick Ferguson','9103854917','Pulmonologist'),('DOC_3313','Ami Palomaki','9793800028','Others'),('DOC_33138','Roger Dudley','9992712235','Hepatologist'),('DOC_33201','Edmond Hewitt','9200897690','Gastroenterologist'),('DOC_33205','Georgia Hudson','9896964903','Gastroenterologist'),('DOC_33221','Ruth Kuehn','9374045453','Pulmonologist'),('DOC_33265','Charity Killough','9211638717','Cardiovascular'),('DOC_33784','Marie Mendenhall','9956917238','Cardiovascular'),('DOC_33805','Valeria Beauprez','9906162278','Cardiovascular'),('DOC_33956','Robert Harrison','9884526945','Gastroenterologist'),('DOC_34026','James Westerman','9449883688','Hepatologist'),('DOC_34061','Norma Sosa','9199208389','Pulmonologist'),('DOC_34234','Marco Ballard','9327900720','Gastroenterologist'),('DOC_34568','Rene Fender','9676755580','Gastroenterologist'),('DOC_34643','Brian Hudson','9019476377','Ophthalmologists'),('DOC_34658','Donald Hicks','9623315692','Others'),('DOC_34770','Margaret Salazar','9431629526','Cardiovascular'),('DOC_34831','Randy Brown','9631954162','Pulmonologist'),('DOC_34921','Harold Glass','9724827904','Hepatologist'),('DOC_34938','Faye Puckett','9656991793','Ophthalmologists'),('DOC_34988','Victor Brinkley','9300417565','Cardiovascular'),('DOC_35010','Nora Peterman','9049413431','Others'),('DOC_35215','Paul Simon','9582836529','Gastroenterologist'),('DOC_35373','Andrew Matelski','9640919286','Gastroenterologist'),('DOC_35397','George Mccauley','9825773671','Hepatologist'),('DOC_35398','Sherman Weems','9774172556','Others'),('DOC_35703','Steve Brown','9156358650','Pulmonologist'),('DOC_35726','Noe Miller','9487715570','Pulmonologist'),('DOC_3573','Reginald Hennigan','9609641310','Cardiovascular'),('DOC_35775','Joseph Rubio','9204758090','Others'),('DOC_35920','Kurt Best','9742603333','Nephrologist'),('DOC_36257','Gay Hayashi','9191964900','Ophthalmologists'),('DOC_36291','Geraldine Brown','9040732738','Nephrologist'),('DOC_36310','Kathleen Davison','9857387695','Others'),('DOC_36365','Ellen Cook','9199342836','Pulmonologist'),('DOC_36405','Walter Morris','9629020876','Gastroenterologist'),('DOC_36433','Ida Moore','9734827172','Others'),('DOC_36947','Jason Garner','9547791115','Ophthalmologists'),('DOC_36976','Vickie Clark','9618056672','Cardiovascular'),('DOC_37165','Brian Harrison','9785931311','Others'),('DOC_37192','Jose Hairston','9017381808','Cardiovascular'),('DOC_3724','Gloria Mackerl','9781600650','Pulmonologist'),('DOC_37421','Jacqueline Hall','9355346561','Cardiovascular'),('DOC_3755','James Suddreth','9200051483','Nephrologist'),('DOC_37919','Alex Gibson','9054640491','Cardiovascular'),('DOC_37924','Velma Holm','9064697338','Pulmonologist'),('DOC_3813','Thomas Dancy','9145788324','Pulmonologist'),('DOC_38303','Cleo Pullman','9639626773','Hepatologist'),('DOC_38305','Jeff Mills','9384641992','Others'),('DOC_38365','Monique Mayer','9508562136','Others'),('DOC_3843','Maira Do','9879265695','Nephrologist'),('DOC_38504','Paul Altieri','9854295925','Others'),('DOC_38767','Mary Chandler','9937637908','Others'),('DOC_3881','Aubrey Myers','9514166888','Ophthalmologists'),('DOC_38831','Tracey Jaskolski','9957322718','Others'),('DOC_38851','Kenneth Hale','9352305898','Hepatologist'),('DOC_3886','Frank Garcia','9621447767','Nephrologist'),('DOC_38961','William Farmer','9132099903','Pulmonologist'),('DOC_38983','Curtis Mcalister','9339371236','Pulmonologist'),('DOC_39086','Sarah Petch','9721601046','Ophthalmologists'),('DOC_39128','Danny Hester','9633651526','Pulmonologist'),('DOC_39228','Roy Quick','9353678928','Pulmonologist'),('DOC_39294','Ronald Fernandez','9413983431','Cardiovascular'),('DOC_39436','Marie Gomez','9534393997','Others'),('DOC_39634','Danielle Secor','9843266677','Ophthalmologists'),('DOC_39679','Charles Bermudez','9643619148','Others'),('DOC_39845','Wendy Gray','9033546766','Cardiovascular'),('DOC_39880','Alex Mouton','9769320945','Cardiovascular'),('DOC_40032','Cortney Rogers','9344988343','Pulmonologist'),('DOC_4008','Rhonda Barnett','9823982941','Ophthalmologists'),('DOC_40111','Lawrence Williford','9559090937','Hepatologist'),('DOC_40183','Marx Hardy','9738195223','Others'),('DOC_4022','Kimberly Moore','9407981260','Others'),('DOC_40239','David Goicoechea','9219569463','Ophthalmologists'),('DOC_40399','Steven Harvey','9887669697','Cardiovascular'),('DOC_4058','Christine Henesey','9944720272','Nephrologist'),('DOC_40658','Laurie Baker','9691498796','Hepatologist'),('DOC_40662','Tamara Hoover','9421599985','Ophthalmologists'),('DOC_40663','Oscar Chelton','9312182564','Others'),('DOC_40691','Monica Do','9348957873','Others'),('DOC_40920','Sonja Labounty','9230779631','Others'),('DOC_41053','Andrea Webber','9310240102','Nephrologist'),('DOC_41115','Troy Carpenter','9839302339','Others'),('DOC_41142','Patrick Gregory','9745744719','Ophthalmologists'),('DOC_41187','Robert Leven','9636658300','Nephrologist'),('DOC_41207','Donald Hunter','9672155207','Gastroenterologist'),('DOC_41274','Morris Garcia','9567012673','Nephrologist'),('DOC_413','Gloria Freedman','9746406657','Gastroenterologist'),('DOC_41421','Kayla Willmon','9582460757','Others'),('DOC_4143','Henry Breunig','9454662573','Ophthalmologists'),('DOC_41434','Edwin Craig','9975643938','Gastroenterologist'),('DOC_41566','Anita Tolston','9790830278','Ophthalmologists'),('DOC_41633','Justin Sullivan','9445302213','Gastroenterologist'),('DOC_41671','Bruce Griffith','9843898660','Ophthalmologists'),('DOC_4172','Collin Williams','9173354147','Pulmonologist'),('DOC_4184','Janice Lane','9993551528','Pulmonologist'),('DOC_41918','Samuel Collins','9671992086','Cardiovascular'),('DOC_41961','Kelly Denton','9646834521','Gastroenterologist'),('DOC_42073','Dominic Stewart','9632051854','Ophthalmologists'),('DOC_42273','Amanda Davis','9325864204','Ophthalmologists'),('DOC_42296','Matthew Hill','9211817564','Ophthalmologists'),('DOC_4248','Robert Gonzalez','9832159502','Others'),('DOC_42580','Ray Stinson','9922610349','Gastroenterologist'),('DOC_42716','Marilyn Paschal','9119196031','Ophthalmologists'),('DOC_42727','Angel Fitch','9365867910','Cardiovascular'),('DOC_4286','Mario Sawyer','9501722773','Hepatologist'),('DOC_42999','Roberta Garcia','9625305552','Gastroenterologist'),('DOC_43125','Arlene Grant','9185005054','Others'),('DOC_43260','Maria Folkers','9465099133','Gastroenterologist'),('DOC_43462','Robert Young','9501123043','Hepatologist'),('DOC_43469','Peter Medrano','9170361105','Others'),('DOC_43517','Brian Mckoy','9451695225','Pulmonologist'),('DOC_4374','Sandra Rollins','9421500040','Gastroenterologist'),('DOC_43756','Thomas Tibbets','9764424159','Pulmonologist'),('DOC_43768','Maryellen Bishop','9720999369','Ophthalmologists'),('DOC_44170','Ginger Soto','9234504959','Nephrologist'),('DOC_44254','Tracy Lambrecht','9485475605','Others'),('DOC_44370','Edward Harrison','9388237771','Others'),('DOC_44569','Danyell Koch','9969620762','Others'),('DOC_44673','Charlie Fray','9642308268','Cardiovascular'),('DOC_44680','Jutta William','9490387695','Ophthalmologists'),('DOC_44905','James Owens','9914995445','Hepatologist'),('DOC_44910','William Welch','9101590484','Nephrologist'),('DOC_45111','Andrew Triana','9858842848','Cardiovascular'),('DOC_45213','James Smith','9391233893','Nephrologist'),('DOC_45298','Milton Laws','9924917799','Pulmonologist'),('DOC_45337','Robert Martin','9713043685','Gastroenterologist'),('DOC_45479','Lana Aaberg','9678955423','Pulmonologist'),('DOC_45592','Joseph Carrillo','9055977290','Others'),('DOC_4565','Sherri Mcintyre','9991457944','Nephrologist'),('DOC_45931','Daniel Goodwin','9070652529','Hepatologist'),('DOC_46186','Barbara Ruddell','9057803077','Nephrologist'),('DOC_46229','Katherine Roller','9355444996','Gastroenterologist'),('DOC_46354','Philip Reta','9910374563','Hepatologist'),('DOC_46417','Ryan Burchett','9919009887','Others'),('DOC_46422','Barbara Devine','9451001473','Cardiovascular'),('DOC_46488','Zelma Dumas','9307050000','Pulmonologist'),('DOC_46498','Robert Cash','9898947639','Gastroenterologist'),('DOC_46537','Gabriel Coyle','9104030207','Cardiovascular'),('DOC_46634','Mae Dale','9126277862','Hepatologist'),('DOC_46654','Mary Parnell','9933875136','Pulmonologist'),('DOC_46783','Jorge Price','9010529399','Pulmonologist'),('DOC_46829','Christopher Worthington','9053341532','Nephrologist'),('DOC_46866','Gwendolyn Montgomery','9249829824','Others'),('DOC_46953','Thomas Bristol','9987279209','Cardiovascular'),('DOC_47102','Russell Foster','9223166000','Pulmonologist'),('DOC_47228','Billie Mattson','9497667759','Nephrologist'),('DOC_47367','Joan Radcliffe','9375842197','Nephrologist'),('DOC_47398','Annie Jessie','9336313201','Ophthalmologists'),('DOC_47418','Eric Wiltse','9042187919','Hepatologist'),('DOC_47494','Justin Gale','9421027817','Ophthalmologists'),('DOC_47648','Ella Hawk','9173128425','Cardiovascular'),('DOC_47924','Michael Shears','9792884484','Ophthalmologists'),('DOC_47938','Timothy Pelletier','9409688381','Others'),('DOC_48244','Darryl Self','9054005262','Others'),('DOC_4825','Gina Glass','9088045538','Others'),('DOC_48308','Gina Perigo','9531281957','Ophthalmologists'),('DOC_48315','James Newton','9012197744','Others'),('DOC_48431','Mary Mccormack','9955854822','Others'),('DOC_48519','Shirley Lank','9391891109','Hepatologist'),('DOC_48702','Elsie Dumas','9095622728','Hepatologist'),('DOC_4876','Johnny Alford','9198120156','Hepatologist'),('DOC_49046','Matthew Falbo','9187399348','Ophthalmologists'),('DOC_49066','Jaime Patton','9466101552','Others'),('DOC_49105','Maurine Duran','9403546650','Others'),('DOC_49132','Helen Capehart','9009190084','Nephrologist'),('DOC_49155','Larry Belcher','9527156205','Cardiovascular'),('DOC_49269','Matthew Eiselein','9485653904','Others'),('DOC_49286','Hazel Pierce','9683141676','Ophthalmologists'),('DOC_49634','Ernest Pace','9767056442','Nephrologist'),('DOC_49681','Brad Miller','9520020541','Gastroenterologist'),('DOC_49709','Garland Seldon','9447315195','Pulmonologist'),('DOC_49817','Nancy Williams','9434489129','Ophthalmologists'),('DOC_49838','Patricia Lee','9606143995','Hepatologist'),('DOC_4989','Jacob Rosa','9813799061','Pulmonologist'),('DOC_49904','Dana Leslie','9541948187','Pulmonologist'),('DOC_49925','Nina Schauer','9885232077','Cardiovascular'),('DOC_49941','Mary Marquez','9192328164','Gastroenterologist'),('DOC_49996','Robert Dayton','9122085435','Cardiovascular'),('DOC_50041','Ernesto Kay','9511189364','Gastroenterologist'),('DOC_50046','Opal Scales','9168581846','Cardiovascular'),('DOC_50250','Diane Jackson','9071594213','Hepatologist'),('DOC_50359','George Mills','9354786261','Hepatologist'),('DOC_50379','Lewis Washington','9335837952','Cardiovascular'),('DOC_50440','Ingrid Stroud','9728108789','Ophthalmologists'),('DOC_50589','Jason Brown','9545980945','Cardiovascular'),('DOC_50667','Ruby Fennell','9888125043','Nephrologist'),('DOC_5070','Dale Woods','9793869878','Ophthalmologists'),('DOC_50736','Brenda Lehrman','9918631224','Nephrologist'),('DOC_50790','Thomas Harris','9368314002','Pulmonologist'),('DOC_5082','Brian Gray','9712871470','Cardiovascular'),('DOC_51210','Alice Sumter','9637191604','Gastroenterologist'),('DOC_51250','Mark Wilson','9044434076','Others'),('DOC_51400','Judy Hammond','9573957774','Gastroenterologist'),('DOC_51442','Michael Cox','9467660135','Nephrologist'),('DOC_51443','Jose Masuda','9309126935','Ophthalmologists'),('DOC_51512','Leroy Ford','9041848547','Ophthalmologists'),('DOC_51547','Nina Jordan','9437705151','Others'),('DOC_51742','David Molon','9313197121','Others'),('DOC_51784','Patricia Ngo','9569563470','Gastroenterologist'),('DOC_51803','Paul Fullmer','9412847850','Ophthalmologists'),('DOC_52045','Ben Mauro','9266978793','Pulmonologist'),('DOC_52087','Stephanie Marshall','9996156989','Cardiovascular'),('DOC_52127','Evelyn Williams','9492491783','Gastroenterologist'),('DOC_5214','Nancy Nunamaker','9740571841','Nephrologist'),('DOC_52140','Richard Burgess','9738017837','Gastroenterologist'),('DOC_52149','Norma Storm','9430458236','Ophthalmologists'),('DOC_52275','Kenneth Mitchell','9722393712','Gastroenterologist'),('DOC_52408','Christie Hines','9781139713','Ophthalmologists'),('DOC_52438','Harold Johnson','9730943217','Ophthalmologists'),('DOC_52515','Timothy Jean','9555020218','Hepatologist'),('DOC_52538','Twila Harteau','9210546946','Gastroenterologist'),('DOC_5275','Robert Robinson','9201851054','Hepatologist'),('DOC_5284','John Beck','9253103869','Nephrologist'),('DOC_52872','Raquel Eaton','9880994191','Others'),('DOC_5289','Jeffrey Bremmer','9327977014','Cardiovascular'),('DOC_53060','Michelle Parker','9132905537','Pulmonologist'),('DOC_53110','Claire Johnson','9889861211','Hepatologist'),('DOC_53207','Thomas Robinson','9585363911','Ophthalmologists'),('DOC_5325','Samuel Moses','9623807164','Others'),('DOC_53250','Roberta Labeau','9110258611','Hepatologist'),('DOC_53282','Earline Morgan','9620627811','Cardiovascular'),('DOC_53370','James Isaacson','9485792087','Others'),('DOC_53442','Lisa Merriweather','9959823816','Ophthalmologists'),('DOC_53495','Kevin Cefalu','9467829677','Nephrologist'),('DOC_53549','Ronald Hansen','9214998504','Others'),('DOC_53557','Lois Squier','9903179501','Cardiovascular'),('DOC_53627','John Duncan','9343449428','Ophthalmologists'),('DOC_53765','Kevin Hernandez','9970715049','Ophthalmologists'),('DOC_53781','Kimberly Gonsalez','9219087836','Others'),('DOC_53969','Mark Kent','9440039959','Others'),('DOC_54200','John Varela','9278815964','Others'),('DOC_54242','Benjamin Gow','9724364208','Others'),('DOC_54277','Karen King','9712999494','Cardiovascular'),('DOC_54313','Robert Fraser','9522424896','Ophthalmologists'),('DOC_54347','Margaret Huffman','9636949308','Ophthalmologists'),('DOC_54431','Tricia Erps','9040019996','Cardiovascular'),('DOC_54452','Joseph Whelan','9788977010','Gastroenterologist'),('DOC_54460','Nicole Mirabal','9676409720','Pulmonologist'),('DOC_54630','Thomas Owens','9862623009','Cardiovascular'),('DOC_54655','Teresa Mcmillan','9754355001','Pulmonologist'),('DOC_54660','Lori Douglas','9035772854','Others'),('DOC_54672','Raymond Olufson','9232516579','Others'),('DOC_54743','William Hutchinson','9512561426','Pulmonologist'),('DOC_55010','Cory Oelze','9485293580','Nephrologist'),('DOC_55089','Noreen Sorbello','9114591047','Pulmonologist'),('DOC_55409','Mary Grigg','9238090447','Gastroenterologist'),('DOC_55562','Clifton Hood','9696834604','Others'),('DOC_5557','Martha Baker','9310300833','Cardiovascular'),('DOC_55627','Donald Kisicki','9423249948','Others'),('DOC_55758','Lori Gillenwaters','9748451149','Gastroenterologist'),('DOC_55837','Glady Vetter','9724900828','Ophthalmologists'),('DOC_55942','Susan Roark','9584181473','Nephrologist'),('DOC_55999','Jane Wong','9730976941','Pulmonologist'),('DOC_56068','Laura Furness','9675396865','Hepatologist'),('DOC_56102','Matthew Sims','9516169119','Ophthalmologists'),('DOC_56210','Louise Mcgee','9301458114','Hepatologist'),('DOC_56279','Lillian Curry','9970943990','Cardiovascular'),('DOC_56295','Jeanne Fleming','9970656320','Hepatologist'),('DOC_56406','Kenneth Wright','9897183064','Pulmonologist'),('DOC_56418','Keith Donovan','9940785096','Pulmonologist'),('DOC_5642','Julie Gonzalez','9849554053','Others'),('DOC_56436','Esther Castro','9095293910','Hepatologist'),('DOC_56645','Eleanor Rothfeld','9419492760','Others'),('DOC_56720','Betty Dell','9393341948','Pulmonologist'),('DOC_5680','Charles Muniz','9630586325','Ophthalmologists'),('DOC_56875','Matthew Mccarver','9850645988','Gastroenterologist'),('DOC_57051','Sharon Hummel','9742526410','Others'),('DOC_57071','Jose Sharrow','9527682924','Gastroenterologist'),('DOC_57121','Richard Watts','9166230882','Nephrologist'),('DOC_57149','Viola Baker','9433356444','Pulmonologist'),('DOC_57225','Humberto Stewart','9495157700','Hepatologist'),('DOC_57263','Deborah Hicks','9461373640','Ophthalmologists'),('DOC_57360','William Knepper','9810075325','Hepatologist'),('DOC_57398','Katherine Kochan','9925815370','Others'),('DOC_57400','Christine Crigger','9779831244','Cardiovascular'),('DOC_57445','Paul Parrish','9548811633','Hepatologist'),('DOC_57496','Jason Danielson','9069278227','Nephrologist'),('DOC_57713','Olivia Mercedes','9577805838','Gastroenterologist'),('DOC_57810','Lisa Withers','9384845205','Nephrologist'),('DOC_57973','Cameron Harris','9314437690','Nephrologist'),('DOC_57979','Victor Barnes','9598791867','Ophthalmologists'),('DOC_5820','Jose Goins','9302833336','Ophthalmologists'),('DOC_58211','Todd Felps','9666014389','Gastroenterologist'),('DOC_58361','Daryl Williams','9888038534','Hepatologist'),('DOC_58420','Maribel Vigil','9775167731','Gastroenterologist'),('DOC_58423','Carl Brock','9018318063','Gastroenterologist'),('DOC_58461','Maria Morin','9819893386','Nephrologist'),('DOC_58495','Joan Lawson','9453718829','Ophthalmologists'),('DOC_58722','Sally Browning','9700044706','Pulmonologist'),('DOC_59154','Esther Sievers','9120202332','Pulmonologist'),('DOC_59200','Eda Sanchez','9971920931','Cardiovascular'),('DOC_59323','Theresa Zeigler','9730263793','Others'),('DOC_59637','Elsie Henderson','9691443947','Others'),('DOC_59812','Bobbie Register','9606417232','Nephrologist'),('DOC_59958','Justine Silva','9647612187','Ophthalmologists'),('DOC_60007','Allan Kahl','9961646491','Nephrologist'),('DOC_6004','Tiffany Witters','9976091793','Pulmonologist'),('DOC_60077','James Meli','9779189029','Cardiovascular'),('DOC_60225','Bennie Stalnaker','9472731083','Gastroenterologist'),('DOC_60248','Ronald Clarno','9664071921','Hepatologist'),('DOC_60329','Sheldon Zappala','9664266773','Nephrologist'),('DOC_60635','Evelia Ramirez','9390174412','Pulmonologist'),('DOC_6064','Becky Bane','9780149074','Others'),('DOC_60749','Stephanie Rushing','9097354589','Ophthalmologists'),('DOC_60806','Kevin Browning','9949686710','Others'),('DOC_60838','Yolanda Russell','9511632996','Cardiovascular'),('DOC_61115','Horace Negron','9747575486','Pulmonologist'),('DOC_61160','Kelly Icardo','9821077428','Pulmonologist'),('DOC_61181','Angelena Tolbert','9193160643','Hepatologist'),('DOC_61189','Carroll Cohen','9656591957','Ophthalmologists'),('DOC_61222','Michelle Hagins','9321011669','Gastroenterologist'),('DOC_61308','Patricia Baker','9600200985','Cardiovascular'),('DOC_61477','Barbara Monge','9788646856','Pulmonologist'),('DOC_61585','Sharon Forson','9778189658','Ophthalmologists'),('DOC_61774','John Stapleton','9793493507','Nephrologist'),('DOC_61966','George Prieto','9491449013','Pulmonologist'),('DOC_61985','Kenneth Campbell','9784086064','Cardiovascular'),('DOC_61999','Jerrica Swartz','9436107015','Cardiovascular'),('DOC_62057','Lois Toupin','9165101487','Cardiovascular'),('DOC_6222','Margaret Conatser','9434682187','Ophthalmologists'),('DOC_6234','Shanon Heck','9059967725','Hepatologist'),('DOC_62521','Peter Thao','9659972253','Pulmonologist'),('DOC_62544','Audrey Elliott','9342057428','Cardiovascular'),('DOC_62696','Jerome Sheridan','9018855858','Cardiovascular'),('DOC_62708','Holly Trevino','9576832617','Gastroenterologist'),('DOC_62780','Felix Cleveland','9752805552','Hepatologist'),('DOC_62893','Katherine Aquilina','9342579010','Gastroenterologist'),('DOC_63020','Timothy Currier','9212729432','Nephrologist'),('DOC_63245','Frank Glover','9252272467','Pulmonologist'),('DOC_63507','Nicole Ward','9972715364','Gastroenterologist'),('DOC_63508','Annie Harsh','9585824601','Nephrologist'),('DOC_63512','Heidi Austin','9521382835','Pulmonologist'),('DOC_636','Catherine Johnson','9818015093','Hepatologist'),('DOC_63714','Mary Turney','9633845293','Cardiovascular'),('DOC_63752','Shirley Flynn','9452177037','Ophthalmologists'),('DOC_63958','Darren Cockrell','9150331439','Nephrologist'),('DOC_64071','Alan Skinner','9913236871','Pulmonologist'),('DOC_64676','Kristen Miller','9868646135','Pulmonologist'),('DOC_64791','Robert Mccoy','9430876410','Cardiovascular'),('DOC_64913','Roslyn Jacobson','9487592098','Gastroenterologist'),('DOC_65050','Roberta Tatro','9657281239','Nephrologist'),('DOC_65143','Sheila Baird','9751801878','Others'),('DOC_65174','Robert Mccarty','9821188864','Pulmonologist'),('DOC_65221','Robert Gonzalez','9329755830','Ophthalmologists'),('DOC_65281','Libby Blythe','9504004557','Cardiovascular'),('DOC_65293','Tina Mcknight','9911939491','Pulmonologist'),('DOC_6533','Louis Herron','9812835306','Others'),('DOC_65334','Bobby Brake','9970215969','Cardiovascular'),('DOC_6535','Jaclyn Smith','9114706198','Nephrologist'),('DOC_65537','James Wilcox','9182452451','Hepatologist'),('DOC_65588','Joe Jennings','9877829211','Hepatologist'),('DOC_65591','John Warnock','9404783554','Ophthalmologists'),('DOC_65784','Kenneth Shearing','9522528961','Pulmonologist'),('DOC_65800','Kyle Chang','9664214841','Others'),('DOC_65827','Delfina Delvalle','9819969438','Pulmonologist'),('DOC_66132','Owen King','9212439165','Others'),('DOC_66168','Kathryn Smith','9800933794','Nephrologist'),('DOC_66598','Darlene Bailey','9740628622','Gastroenterologist'),('DOC_66635','Joseph Mckinney','9820061483','Hepatologist'),('DOC_66664','David Tripp','9780093321','Cardiovascular'),('DOC_66720','Derrick Deloach','9716987016','Pulmonologist'),('DOC_66765','Jesus Brazile','9331857077','Hepatologist'),('DOC_66814','Maurice Villegas','9500779022','Hepatologist'),('DOC_66824','Orville Prewitt','9770017551','Nephrologist'),('DOC_66958','Kim Charpentier','9650123998','Pulmonologist'),('DOC_66982','Steven Berryman','9791716463','Ophthalmologists'),('DOC_66998','Joseph Harris','9784746035','Cardiovascular'),('DOC_67086','Michael Chavez','9975726848','Ophthalmologists'),('DOC_67131','Stella Akins','9527790287','Hepatologist'),('DOC_67151','Sharon Taylor','9112816783','Nephrologist'),('DOC_6722','Heather Urbina','9825364073','Cardiovascular'),('DOC_67284','Michael Herreras','9705733418','Gastroenterologist'),('DOC_67368','David Jebb','9489548906','Gastroenterologist'),('DOC_67547','Linda Salgado','9197984556','Cardiovascular'),('DOC_67577','Barbara Lynch','9089741115','Gastroenterologist'),('DOC_67620','Deborah Miller','9895464496','Ophthalmologists'),('DOC_67631','Carol Shannon','9924265464','Nephrologist'),('DOC_67812','Virginia Bailey','9593144448','Nephrologist'),('DOC_67925','Robert Mauro','9331337365','Gastroenterologist'),('DOC_67941','Elisabeth Billings','9042328372','Hepatologist'),('DOC_68037','Elizabeth Martin','9801312936','Others'),('DOC_68094','Shirley Mckenzie','9257500920','Hepatologist'),('DOC_68117','Benjamin Combs','9422247444','Ophthalmologists'),('DOC_6812','Nathaniel Barbieri','9849889866','Pulmonologist'),('DOC_682','Jennifer Smith','9093281313','Hepatologist'),('DOC_6829','Joe Cantrell','9997941339','Hepatologist'),('DOC_68302','Howard Ayers','9472065210','Ophthalmologists'),('DOC_68347','Lola Freeman','9739240124','Gastroenterologist'),('DOC_6845','Lucie Reed','9896214201','Gastroenterologist'),('DOC_68469','Anne Rutan','9569196368','Gastroenterologist'),('DOC_68511','Sharon Burger','9757266197','Hepatologist'),('DOC_68571','Cordia Howard','9031752032','Hepatologist'),('DOC_68615','Gerald Depew','9740286349','Gastroenterologist'),('DOC_68735','Ann Schwartz','9204833070','Gastroenterologist'),('DOC_68754','Shirley Wilson','9319263871','Ophthalmologists'),('DOC_68774','Dora Lemire','9076444900','Hepatologist'),('DOC_68845','Candy Wells','9662752006','Gastroenterologist'),('DOC_69094','Jorge Lindsey','9028166341','Gastroenterologist'),('DOC_69186','Elizabeth Kessler','9641229249','Cardiovascular'),('DOC_69187','Dianna Pitts','9927501367','Pulmonologist'),('DOC_69236','Linda Martin','9274298514','Nephrologist'),('DOC_69308','Nathan Foster','9996802615','Gastroenterologist'),('DOC_69375','Linda Beck','9300006305','Gastroenterologist'),('DOC_69457','Amy Brunk','9639901436','Ophthalmologists'),('DOC_69474','William Cook','9532613633','Nephrologist'),('DOC_69498','Linda Cashman','9781479297','Hepatologist'),('DOC_69703','Chris Phariss','9954658013','Gastroenterologist'),('DOC_69803','Amber Cole','9172176627','Hepatologist'),('DOC_69814','Athena Hoston','9662189670','Nephrologist'),('DOC_69855','Michael Camp','9703091930','Nephrologist'),('DOC_69924','Mary Huang','9368356691','Cardiovascular'),('DOC_70148','Christopher Golden','9077588926','Pulmonologist'),('DOC_70165','Carol Fennell','9353218568','Others'),('DOC_70188','Charlie Britt','9135614227','Others'),('DOC_70205','Jeffrey Meinzer','9977162939','Cardiovascular'),('DOC_70206','Douglas Corchado','9394873893','Nephrologist'),('DOC_70207','Cindy Blazek','9064256956','Ophthalmologists'),('DOC_7026','Melissa Mosholder','9514802293','Others'),('DOC_70270','Stanton Nguyen','9806103191','Gastroenterologist'),('DOC_7028','Jeffrey Jones','9703372101','Nephrologist'),('DOC_70378','Betty Eppler','9530708932','Cardiovascular'),('DOC_70488','Rebecca Marschke','9459542405','Cardiovascular'),('DOC_70527','Sheryl Allen','9435633904','Hepatologist'),('DOC_70612','Robin Temple','9234665482','Others'),('DOC_70851','John Rikard','9937021349','Cardiovascular'),('DOC_70857','Bradley Fields','9275569184','Gastroenterologist'),('DOC_70870','Jessica Sanders','9966150734','Nephrologist'),('DOC_70895','Colleen Peck','9034126048','Gastroenterologist'),('DOC_71119','Brian Serrano','9250025642','Cardiovascular'),('DOC_71239','Joy Didonna','9054747348','Hepatologist'),('DOC_71958','Willie Tran','9180995530','Nephrologist'),('DOC_71986','Aaron Humes','9681241252','Gastroenterologist'),('DOC_72066','Leonard Goldblatt','9208649768','Cardiovascular'),('DOC_72138','Rosa Miller','9748277932','Pulmonologist'),('DOC_72206','David Prinz','9294382781','Gastroenterologist'),('DOC_72260','Dennis Mayo','9790017364','Gastroenterologist'),('DOC_72390','Norma Green','9693311941','Gastroenterologist'),('DOC_72395','Dorothy Volk','9186051637','Others'),('DOC_724','Shannon Carter','9202713360','Cardiovascular'),('DOC_72513','Cheryl Joseph','9764521661','Pulmonologist'),('DOC_7252','Alexis Smith','9185313435','Gastroenterologist'),('DOC_72524','Bradley Fessler','9316625055','Cardiovascular'),('DOC_72839','Eloisa Valdes','9547504833','Cardiovascular'),('DOC_72975','Diana Wray','9597782946','Others'),('DOC_72987','Randell Steenken','9226879312','Cardiovascular'),('DOC_73064','Lloyd Mckenzie','9535483555','Nephrologist'),('DOC_7307','Carol Kelley','9282026229','Nephrologist'),('DOC_73117','Peter Bollinger','9619835058','Nephrologist'),('DOC_73178','Robert Mcdonald','9026262328','Ophthalmologists'),('DOC_73187','Evelyn Papa','9475061597','Nephrologist'),('DOC_73243','Sonja Mcdaniel','9648152851','Gastroenterologist'),('DOC_73249','Ricky Williams','9834326243','Gastroenterologist'),('DOC_73276','Mamie Williams','9244835655','Cardiovascular'),('DOC_73396','James Nelson','9576791119','Hepatologist'),('DOC_73413','Rex Townsend','9023083724','Gastroenterologist'),('DOC_73424','William Davenport','9249224589','Others'),('DOC_73442','Kevin Burns','9268606182','Nephrologist'),('DOC_73562','Andrew Craven','9972150654','Others'),('DOC_7369','Jack Doe','9035354643','Cardiovascular'),('DOC_73787','Gary Lewis','9712373529','Gastroenterologist'),('DOC_73886','Marshall Wright','9553422777','Hepatologist'),('DOC_73939','Andre Stevenson','9003524370','Ophthalmologists'),('DOC_74141','Leslie Nails','9565876056','Ophthalmologists'),('DOC_74173','Colin Gabbard','9875960105','Cardiovascular'),('DOC_74193','Melissa Moore','9465051193','Cardiovascular'),('DOC_74217','Nell Valle','9134259471','Ophthalmologists'),('DOC_74449','Joyce Tillman','9364385691','Cardiovascular'),('DOC_74557','Nathan Mejia','9855233570','Hepatologist'),('DOC_74758','Craig Harmon','9276535779','Gastroenterologist'),('DOC_74780','Susan Juenemann','9355780332','Hepatologist'),('DOC_74852','Audry Yoon','9142136967','Ophthalmologists'),('DOC_74918','Juan Hutt','9793029191','Nephrologist'),('DOC_7492','Nancy Adams','9082891103','Ophthalmologists'),('DOC_75041','Betty Guzman','9204706150','Gastroenterologist'),('DOC_75114','Andy Walker','9104406210','Cardiovascular'),('DOC_75156','Kimberly Fondren','9430041808','Cardiovascular'),('DOC_75158','John Damore','9963580234','Hepatologist'),('DOC_75268','Walter Massa','9567215574','Gastroenterologist'),('DOC_75668','David Stewart','9106458116','Cardiovascular'),('DOC_7569','Kristen Butler','9445565033','Pulmonologist'),('DOC_75721','Pamela Turner','9594025462','Others'),('DOC_7578','Margarite Mcclanahan','9982356537','Hepatologist'),('DOC_75902','Domenic Cerullo','9107346171','Hepatologist'),('DOC_7597','Rachael Sherrill','9703408990','Others'),('DOC_76199','Aaron Merrick','9652751242','Others'),('DOC_7631','Jean Tardif','9168219726','Ophthalmologists'),('DOC_76319','Sandra Kyser','9274821551','Nephrologist'),('DOC_76343','Anthony Fornili','9630382015','Nephrologist'),('DOC_76765','Abigail Everhart','9083134787','Ophthalmologists'),('DOC_7684','Vito Sutton','9322655559','Ophthalmologists'),('DOC_7695','Debora Winchell','9073968949','Cardiovascular'),('DOC_76964','Lawrence Sider','9003856982','Gastroenterologist'),('DOC_77175','Kristen Prewitt','9915260657','Nephrologist'),('DOC_77254','Francine Smith','9519385296','Pulmonologist'),('DOC_7741','Sadie Garcia','9194551400','Others'),('DOC_77573','Alton Hess','9893457805','Nephrologist'),('DOC_77747','Tania Matthews','9941613350','Pulmonologist'),('DOC_7778','Kyle Quirin','9044050123','Nephrologist'),('DOC_7779','John Ryan','9229402646','Nephrologist'),('DOC_7782','Susan Coleman','9580086074','Nephrologist'),('DOC_77861','Mary Conover','9276647593','Hepatologist'),('DOC_77870','David Bruch','9122806275','Cardiovascular'),('DOC_78222','Betty Janak','9890040968','Hepatologist'),('DOC_78360','Timothy Baker','9178934798','Nephrologist'),('DOC_78658','Rachel Simons','9340156649','Ophthalmologists'),('DOC_78800','Stephen Soucy','9370778157','Ophthalmologists'),('DOC_78908','Ronald Montanez','9561591839','Ophthalmologists'),('DOC_78926','Nichole Abarca','9866042646','Ophthalmologists'),('DOC_79062','Raymond Forrester','9092182146','Pulmonologist'),('DOC_79155','Jorge Brooks','9748360733','Ophthalmologists'),('DOC_79449','Robert Hebert','9465820710','Cardiovascular'),('DOC_79500','Julia Lopez','9656071406','Ophthalmologists'),('DOC_79538','Betty Nabzdyk','9113924097','Cardiovascular'),('DOC_79631','Gabriele Huggins','9558277607','Nephrologist'),('DOC_79667','Ann Armstrong','9978024865','Gastroenterologist'),('DOC_79703','Tom Ross','9679356663','Hepatologist'),('DOC_79753','Michael Coryell','9935696041','Pulmonologist'),('DOC_80002','Thomas Kissinger','9515934261','Cardiovascular'),('DOC_80129','Leigh Trombley','9206056458','Hepatologist'),('DOC_80338','Warren Bailey','9321068814','Cardiovascular'),('DOC_80384','Ana Timm','9705424542','Hepatologist'),('DOC_8046','Thomas Goldman','9344388902','Cardiovascular'),('DOC_80565','Joetta Martin','9083600628','Others'),('DOC_80656','Hazel Igbinosun','9196488733','Pulmonologist'),('DOC_81132','Margaret Johnson','9758431482','Others'),('DOC_81266','Sandy Medina','9612633826','Gastroenterologist'),('DOC_81381','Tina Bisson','9752452569','Cardiovascular'),('DOC_81394','Amber Carrasco','9916352656','Pulmonologist'),('DOC_81428','Christin Mcdaniel','9845865818','Ophthalmologists'),('DOC_81446','Matthew Williams','9223387061','Cardiovascular'),('DOC_81528','John Moers','9177722748','Ophthalmologists'),('DOC_81587','Sherry Myers','9355723538','Cardiovascular'),('DOC_81667','Terry Teague','9607052761','Cardiovascular'),('DOC_81694','John Davis','9871090930','Others'),('DOC_81749','Kristen Sledge','9465620061','Gastroenterologist'),('DOC_82004','Robert Hall','9914776409','Ophthalmologists'),('DOC_82039','Alonzo Carp','9405060989','Others'),('DOC_82135','Dorothy Dominguez','9927348632','Gastroenterologist'),('DOC_82155','Renee Cobham','9759683501','Gastroenterologist'),('DOC_82244','Glen Stead','9268068951','Ophthalmologists'),('DOC_82333','Marjorie Lachenauer','9683356318','Pulmonologist'),('DOC_82361','John Aldrete','9548663844','Hepatologist'),('DOC_82460','Mary Carroll','9153866259','Ophthalmologists'),('DOC_8271','Mary Hutton','9430850954','Others'),('DOC_8289','Ben Russell','9697055470','Cardiovascular'),('DOC_82913','Shelia Champion','9026977791','Cardiovascular'),('DOC_82956','Renee Tyler','9852302444','Pulmonologist'),('DOC_83085','Alexander Davis','9075907502','Hepatologist'),('DOC_8314','Adele Daley','9326997060','Hepatologist'),('DOC_83170','Judith Beck','9689950858','Pulmonologist'),('DOC_83678','Gabriel Magee','9267175319','Others'),('DOC_83715','Theresa White','9324587582','Hepatologist'),('DOC_83725','Willie Johnson','9064711709','Nephrologist'),('DOC_83779','Frank Dupont','9332861636','Pulmonologist'),('DOC_83845','Wanda Grignon','9642440360','Nephrologist'),('DOC_83876','Robert Fontaine','9006922877','Hepatologist'),('DOC_84028','Stephen Woodruff','9003060654','Hepatologist'),('DOC_84041','Helen Small','9499810178','Hepatologist'),('DOC_8405','Jeannette Murphy','9598053654','Gastroenterologist'),('DOC_84215','Molly Lemke','9884400988','Cardiovascular'),('DOC_84240','Sherri Viverette','9683499742','Hepatologist'),('DOC_84324','Kathryn Sammons','9540957806','Nephrologist'),('DOC_84439','Winston Wedgewood','9912693758','Cardiovascular'),('DOC_84745','Lora Lafleur','9650144476','Ophthalmologists'),('DOC_84844','Russell Hernandez','9426074202','Pulmonologist'),('DOC_84850','Crystal Rayford','9127092550','Pulmonologist'),('DOC_85059','Marion Enochs','9492266637','Others'),('DOC_85149','Carmen Swan','9273844960','Others'),('DOC_85226','Dorothy Anderson','9266053943','Gastroenterologist'),('DOC_85320','Samuel Stiles','9824145914','Ophthalmologists'),('DOC_85497','Carl Saucedo','9017512813','Gastroenterologist'),('DOC_8555','Etta Kurth','9520953444','Cardiovascular'),('DOC_85672','Jeffrey Smith','9323684086','Ophthalmologists'),('DOC_85709','Joyce Whittenberg','9474007933','Nephrologist'),('DOC_85826','Valarie Oliphant','9103669215','Hepatologist'),('DOC_85827','Ethel Moore','9483349298','Pulmonologist'),('DOC_85895','Pearl Wren','9881218211','Ophthalmologists'),('DOC_85975','Melvina Hartrick','9237749711','Hepatologist'),('DOC_8610','Viola Manuel','9390294280','Cardiovascular'),('DOC_863','Amelia Vargas','9653404493','Cardiovascular'),('DOC_86369','Allan Schultz','9158114905','Gastroenterologist'),('DOC_86409','Steve Hartung','9821141932','Ophthalmologists'),('DOC_86501','Gary Wheeler','9328219288','Nephrologist'),('DOC_86596','Mathew Waldron','9605741802','Others'),('DOC_86617','Julia Weidert','9345990051','Gastroenterologist'),('DOC_86666','Karen Nielson','9684963782','Others'),('DOC_86725','Carol Cantrell','9379290473','Cardiovascular'),('DOC_86807','Scott Kidd','9631222318','Ophthalmologists'),('DOC_86844','Edward Miller','9732405821','Others'),('DOC_86858','Selene Harriott','9341150080','Hepatologist'),('DOC_86896','Richard Ware','9742581969','Hepatologist'),('DOC_86904','Mary Cannon','9178357357','Cardiovascular'),('DOC_86907','Morgan Scott','9705219647','Others'),('DOC_87065','Ronald Emme','9543015710','Gastroenterologist'),('DOC_8717','David Grothe','9911997416','Others'),('DOC_87244','Jennifer Greis','9676303759','Ophthalmologists'),('DOC_87429','Janice Roberson','9846163554','Pulmonologist'),('DOC_8757','Jorge Moreau','9865978815','Gastroenterologist'),('DOC_87624','Katherine Richards','9089899815','Pulmonologist'),('DOC_87701','Dorothy Cassady','9928497398','Cardiovascular'),('DOC_87806','Philip Burgess','9989309664','Pulmonologist'),('DOC_87828','Theresa Saldana','9586954502','Gastroenterologist'),('DOC_87833','James Bunch','9694678304','Ophthalmologists'),('DOC_87954','Cristobal Hamer','9415443797','Gastroenterologist'),('DOC_88056','Gail Steen','9552923833','Hepatologist'),('DOC_8810','Albert Kutz','9966360219','Ophthalmologists'),('DOC_88143','Laura Sikes','9555270702','Hepatologist'),('DOC_88267','Candice Marsh','9888288759','Hepatologist'),('DOC_88349','Elsie Ventura','9014736920','Pulmonologist'),('DOC_88408','Donald Taylor','9775734902','Cardiovascular'),('DOC_88483','Martin Pankow','9995310923','Nephrologist'),('DOC_88619','Victoria Luther','9903118972','Others'),('DOC_88880','Frances Zenon','9810734690','Others'),('DOC_88979','Maurice Snider','9140205927','Nephrologist'),('DOC_88994','Emma Bankston','9732203564','Hepatologist'),('DOC_89087','Randy Cotton','9690591670','Gastroenterologist'),('DOC_89099','John Greene','9910535902','Cardiovascular'),('DOC_89109','Elizabeth Edwards','9485764817','Others'),('DOC_89126','Jason Sledge','9376980157','Cardiovascular'),('DOC_89215','Joseph Bernard','9945322905','Ophthalmologists'),('DOC_89223','James Dotson','9992101535','Nephrologist'),('DOC_89244','Angie Salos','9549568635','Cardiovascular'),('DOC_89484','Michele Drury','9293190875','Hepatologist'),('DOC_89549','Rolland Campbell','9713296981','Pulmonologist'),('DOC_89917','Pamela Valero','9012814834','Cardiovascular'),('DOC_89933','Laurie Williams','9358760940','Hepatologist'),('DOC_89940','Twyla Pearson','9337143065','Nephrologist'),('DOC_89957','William Cooper','9482652877','Pulmonologist'),('DOC_90010','Tania Zanella','9004535163','Pulmonologist'),('DOC_9031','Markita Snow','9457697339','Nephrologist'),('DOC_90446','Betty Rice','9393971493','Ophthalmologists'),('DOC_90495','Ruby Knight','9766056289','Cardiovascular'),('DOC_90531','Terrell Pettit','9957901780','Others'),('DOC_9068','Michael Guerra','9154552890','Gastroenterologist'),('DOC_90733','Kelvin Bello','9004514977','Cardiovascular'),('DOC_91269','Joseph Joseph','9659998446','Others'),('DOC_91286','Carmen Black','9244433333','Others'),('DOC_91439','Genaro Taegel','9871569272','Hepatologist'),('DOC_91710','Shane Williams','9813571482','Pulmonologist'),('DOC_91795','Amanda Davis','9256880977','Others'),('DOC_91863','Erma Lamm','9417772877','Hepatologist'),('DOC_91930','Mike Ferra','9472002479','Gastroenterologist'),('DOC_91937','Joelle Krulik','9082292450','Hepatologist'),('DOC_92022','Roman Harmon','9996873910','Ophthalmologists'),('DOC_92083','Sara Moore','9058164683','Nephrologist'),('DOC_92170','Jayme Joy','9480300339','Gastroenterologist'),('DOC_92347','Margaret Acevedo','9668613399','Gastroenterologist'),('DOC_92355','Claude Smith','9056998187','Ophthalmologists'),('DOC_92519','Lucas Sigman','9676993152','Nephrologist'),('DOC_92532','Manuel Reyes','9474283290','Pulmonologist'),('DOC_92565','Gregory Iler','9957145225','Pulmonologist'),('DOC_92624','Derek Resendez','9187270016','Nephrologist'),('DOC_92681','Connie Bennett','9362423125','Ophthalmologists'),('DOC_92843','Juan Christenberry','9212118889','Nephrologist'),('DOC_92891','Brian Leblanc','9476896904','Others'),('DOC_92943','Roberta Hampton','9832726016','Nephrologist'),('DOC_9306','Irene Hayes','9387903151','Pulmonologist'),('DOC_93217','Patricia Murray','9138566961','Others'),('DOC_9351','Janet Chouteau','9827978106','Nephrologist'),('DOC_9354','Alice Powers','9195673545','Cardiovascular'),('DOC_93662','Mary Dobson','9204666988','Cardiovascular'),('DOC_93680','Guy Bennett','9180025712','Ophthalmologists'),('DOC_93715','Edward Jaramillo','9134373093','Nephrologist'),('DOC_93786','Ruth Underwood','9080438939','Gastroenterologist'),('DOC_93898','Maxine Stroh','9232853305','Hepatologist'),('DOC_93922','Jamie Powers','9075877647','Cardiovascular'),('DOC_94286','Carlene Diaz','9632609160','Pulmonologist'),('DOC_94303','Amanda Riggle','9719710770','Ophthalmologists'),('DOC_94361','David Meaker','9043816566','Ophthalmologists'),('DOC_94413','Paul Sanchez','9612173075','Ophthalmologists'),('DOC_94458','Sophia Serviss','9982911540','Pulmonologist'),('DOC_94475','Phyllis Ballesteros','9074304407','Ophthalmologists'),('DOC_94502','Maud Smith','9893550944','Cardiovascular'),('DOC_94591','Susan Richardson','9762043142','Cardiovascular'),('DOC_94864','Sonny Reyes','9893514662','Ophthalmologists'),('DOC_9494','Gary Azure','9745747401','Cardiovascular'),('DOC_94954','Michael Howard','9045791491','Pulmonologist'),('DOC_9497','Melvin Morris','9915602288','Ophthalmologists'),('DOC_94997','Samuel Garcia','9161594820','Others'),('DOC_95261','Joyce Taylor','9126460769','Nephrologist'),('DOC_95320','Brent Utterback','9196147242','Gastroenterologist'),('DOC_95627','James Justice','9272564406','Hepatologist'),('DOC_95734','Julianne Spillane','9293357688','Hepatologist'),('DOC_95793','Robert Nunnally','9526644964','Others'),('DOC_96014','Robert Franklin','9946386329','Pulmonologist'),('DOC_96645','Lonnie Burkholder','9979885048','Hepatologist'),('DOC_96688','Elizabeth Brook','9951829451','Ophthalmologists'),('DOC_96755','Johnny Cato','9456476836','Nephrologist'),('DOC_96811','Joseph Rankin','9687988364','Cardiovascular'),('DOC_97','Stephanie Rodgers','9948708045','Pulmonologist'),('DOC_97094','Lindsay Baker','9424608656','Ophthalmologists'),('DOC_97186','Anna Watkins','9792188702','Ophthalmologists'),('DOC_97189','David Brown','9266640586','Others'),('DOC_97198','Brittany Harmon','9708897167','Gastroenterologist'),('DOC_97361','Richard Sims','9808413240','Gastroenterologist'),('DOC_97464','Robert Emry','9756581455','Ophthalmologists'),('DOC_97692','Debra Markland','9377970269','Cardiovascular'),('DOC_97846','Beverly Lee','9841152403','Gastroenterologist'),('DOC_97849','Leo Nickles','9389923523','Hepatologist'),('DOC_98098','Samuel Brown','9149482678','Others'),('DOC_98143','Harvey Stanley','9610606809','Gastroenterologist'),('DOC_98355','Thelma Wilkins','9075140827','Nephrologist'),('DOC_98411','Jimmie Bullard','9870867026','Cardiovascular'),('DOC_98539','Randall Goodell','9054453130','Nephrologist'),('DOC_9855','James Oconnell','9535085704','Ophthalmologists'),('DOC_98571','Joseph Madsen','9698933627','Pulmonologist'),('DOC_98659','Mary Guidi','9003146205','Gastroenterologist'),('DOC_98665','Joseph Phillips','9698042957','Pulmonologist'),('DOC_98706','Tiffany Martin','9448715457','Pulmonologist'),('DOC_98739','Deborah Winfield','9947274113','Gastroenterologist'),('DOC_98914','Laverne Rivera','9830086987','Hepatologist'),('DOC_99024','Glen Allen','9793344815','Others'),('DOC_99040','Cynthia Sims','9553477868','Nephrologist'),('DOC_99094','Walter Cochran','9579435009','Gastroenterologist'),('DOC_99210','Laurie Tolles','9227875437','Pulmonologist'),('DOC_99353','Heather Arias','9473490496','Hepatologist'),('DOC_99400','Charles Armentrout','9614678400','Pulmonologist'),('DOC_99403','Alberta Watson','9450939132','Hepatologist'),('DOC_99537','Sara Seals','9870037310','Nephrologist'),('DOC_99631','Willie Crary','9313138205','Gastroenterologist'),('DOC_99647','Alisha Adams','9513958821','Hepatologist'),('DOC_99652','Charles Harlan','9584404539','Gastroenterologist'),('DOC_99668','Numbers Woodbury','9955846934','Others'),('DOC_99752','John Alley','9678280381','Pulmonologist'),('DOC_99759','Carolyn Miller','9172828111','Nephrologist'),('DOC_9996','Virginia Stamper','9111500422','Cardiovascular');
/*!40000 ALTER TABLE `Doctor` ENABLE KEYS */;
UNLOCK TABLES;

--
-- Table structure for table `Donors_Organ`
--

DROP TABLE IF EXISTS `Donors_Organ`;
/*!40101 SET @saved_cs_client     = @@character_set_client */;
/*!40101 SET character_set_client = utf8 */;
CREATE TABLE `Donors_Organ` (
  `DON_id` char(9) DEFAULT NULL,
  `Organ` varchar(20) DEFAULT NULL,
  KEY `DON_id` (`DON_id`),
  CONSTRAINT `Donors_Organ_ibfk_1` FOREIGN KEY (`DON_id`) REFERENCES `Organ_Donor` (`DON_id`)
) ENGINE=InnoDB DEFAULT CHARSET=latin1;
/*!40101 SET character_set_client = @saved_cs_client */;

--
-- Dumping data for table `Donors_Organ`
--

LOCK TABLES `Donors_Organ` WRITE;
/*!40000 ALTER TABLE `Donors_Organ` DISABLE KEYS */;
INSERT INTO `Donors_Organ` VALUES ('DON_449','Lung'),('DON_839','Lung'),('DON_539','Cornea'),('DON_996','Pancreas'),('DON_276','Pancreas'),('DON_338','Heart'),('DON_203','Liver'),('DON_8','Kidney'),('DON_91','Kidney'),('DON_662','Kidney'),('DON_927','Lung'),('DON_542','Kidney'),('DON_705','Pancreas'),('DON_23','Pancreas'),('DON_235','Liver'),('DON_792','Liver'),('DON_358','Cornea'),('DON_592','Heart'),('DON_50','Cornea'),('DON_806','Heart'),('DON_58','Heart'),('DON_31','Cornea'),('DON_540','Liver'),('DON_144','Lung'),('DON_133','Cornea'),('DON_441','Cornea'),('DON_691','Kidney'),('DON_458','Cornea'),('DON_817','Cornea'),('DON_843','Cornea'),('DON_298','Heart'),('DON_132','Cornea'),('DON_745','Heart'),('DON_571','Heart'),('DON_322','Kidney'),('DON_766','Lung'),('DON_18','Heart'),('DON_551','Cornea'),('DON_406','Kidney'),('DON_306','Cornea'),('DON_603','Liver'),('DON_974','Liver'),('DON_572','Liver'),('DON_549','Cornea'),('DON_274','Kidney'),('DON_24','Pancreas'),('DON_13','Kidney'),('DON_814','Liver'),('DON_121','Heart'),('DON_47','Cornea'),('DON_325','Heart'),('DON_742','Pancreas');
/*!40000 ALTER TABLE `Donors_Organ` ENABLE KEYS */;
UNLOCK TABLES;

--
-- Table structure for table `Heart`
--

DROP TABLE IF EXISTS `Heart`;
/*!40101 SET @saved_cs_client     = @@character_set_client */;
/*!40101 SET character_set_client = utf8 */;
CREATE TABLE `Heart` (
  `ORGAN_id` char(7) NOT NULL,
  `DON_id` char(9) DEFAULT NULL,
  `PAT_id` char(9) DEFAULT NULL,
  `Matched_id` char(7) DEFAULT NULL,
  `Weight` double NOT NULL,
  PRIMARY KEY (`ORGAN_id`),
  KEY `DON_id` (`DON_id`),
  KEY `PAT_id` (`PAT_id`),
  KEY `Matched_id` (`Matched_id`),
  CONSTRAINT `Heart_ibfk_1` FOREIGN KEY (`DON_id`) REFERENCES `Organ_Donor` (`DON_id`),
  CONSTRAINT `Heart_ibfk_2` FOREIGN KEY (`PAT_id`) REFERENCES `Patient` (`PAT_id`),
  CONSTRAINT `Heart_ibfk_3` FOREIGN KEY (`Matched_id`) REFERENCES `Heart` (`ORGAN_id`)
) ENGINE=InnoDB DEFAULT CHARSET=latin1;
/*!40101 SET character_set_client = @saved_cs_client */;

--
-- Dumping data for table `Heart`
--

LOCK TABLES `Heart` WRITE;
/*!40000 ALTER TABLE `Heart` DISABLE KEYS */;
/*!40000 ALTER TABLE `Heart` ENABLE KEYS */;
UNLOCK TABLES;

--
-- Table structure for table `Kidney`
--

DROP TABLE IF EXISTS `Kidney`;
/*!40101 SET @saved_cs_client     = @@character_set_client */;
/*!40101 SET character_set_client = utf8 */;
CREATE TABLE `Kidney` (
  `ORGAN_id` char(8) NOT NULL,
  `DON_id` char(9) DEFAULT NULL,
  `PAT_id` char(9) DEFAULT NULL,
  `Matched_id` char(8) DEFAULT NULL,
  `PRA` double NOT NULL,
  PRIMARY KEY (`ORGAN_id`),
  KEY `DON_id` (`DON_id`),
  KEY `PAT_id` (`PAT_id`),
  KEY `Matched_id` (`Matched_id`),
  CONSTRAINT `Kidney_ibfk_1` FOREIGN KEY (`DON_id`) REFERENCES `Organ_Donor` (`DON_id`),
  CONSTRAINT `Kidney_ibfk_2` FOREIGN KEY (`PAT_id`) REFERENCES `Patient` (`PAT_id`),
  CONSTRAINT `Kidney_ibfk_3` FOREIGN KEY (`Matched_id`) REFERENCES `Kidney` (`ORGAN_id`)
) ENGINE=InnoDB DEFAULT CHARSET=latin1;
/*!40101 SET character_set_client = @saved_cs_client */;

--
-- Dumping data for table `Kidney`
--

LOCK TABLES `Kidney` WRITE;
/*!40000 ALTER TABLE `Kidney` DISABLE KEYS */;
/*!40000 ALTER TABLE `Kidney` ENABLE KEYS */;
UNLOCK TABLES;

--
-- Table structure for table `Liver`
--

DROP TABLE IF EXISTS `Liver`;
/*!40101 SET @saved_cs_client     = @@character_set_client */;
/*!40101 SET character_set_client = utf8 */;
CREATE TABLE `Liver` (
  `ORGAN_id` char(8) NOT NULL,
  `DON_id` char(9) DEFAULT NULL,
  `PAT_id` char(9) DEFAULT NULL,
  `Matched_id` char(8) DEFAULT NULL,
  `Weight` double NOT NULL,
  PRIMARY KEY (`ORGAN_id`),
  KEY `DON_id` (`DON_id`),
  KEY `PAT_id` (`PAT_id`),
  KEY `Matched_id` (`Matched_id`),
  CONSTRAINT `Liver_ibfk_1` FOREIGN KEY (`DON_id`) REFERENCES `Organ_Donor` (`DON_id`),
  CONSTRAINT `Liver_ibfk_2` FOREIGN KEY (`PAT_id`) REFERENCES `Patient` (`PAT_id`),
  CONSTRAINT `Liver_ibfk_3` FOREIGN KEY (`Matched_id`) REFERENCES `Liver` (`ORGAN_id`)
) ENGINE=InnoDB DEFAULT CHARSET=latin1;
/*!40101 SET character_set_client = @saved_cs_client */;

--
-- Dumping data for table `Liver`
--

LOCK TABLES `Liver` WRITE;
/*!40000 ALTER TABLE `Liver` DISABLE KEYS */;
/*!40000 ALTER TABLE `Liver` ENABLE KEYS */;
UNLOCK TABLES;

--
-- Table structure for table `Lung`
--

DROP TABLE IF EXISTS `Lung`;
/*!40101 SET @saved_cs_client     = @@character_set_client */;
/*!40101 SET character_set_client = utf8 */;
CREATE TABLE `Lung` (
  `ORGAN_id` char(8) NOT NULL,
  `DON_id` char(9) DEFAULT NULL,
  `PAT_id` char(9) DEFAULT NULL,
  `Matched_id` char(8) DEFAULT NULL,
  `Age` int(11) NOT NULL,
  `Size` double NOT NULL,
  `Smoking_History` int(11) NOT NULL,
  PRIMARY KEY (`ORGAN_id`),
  KEY `DON_id` (`DON_id`),
  KEY `PAT_id` (`PAT_id`),
  KEY `Matched_id` (`Matched_id`),
  CONSTRAINT `Lung_ibfk_1` FOREIGN KEY (`DON_id`) REFERENCES `Organ_Donor` (`DON_id`),
  CONSTRAINT `Lung_ibfk_2` FOREIGN KEY (`PAT_id`) REFERENCES `Patient` (`PAT_id`),
  CONSTRAINT `Lung_ibfk_3` FOREIGN KEY (`Matched_id`) REFERENCES `Lung` (`ORGAN_id`)
) ENGINE=InnoDB DEFAULT CHARSET=latin1;
/*!40101 SET character_set_client = @saved_cs_client */;

--
-- Dumping data for table `Lung`
--

LOCK TABLES `Lung` WRITE;
/*!40000 ALTER TABLE `Lung` DISABLE KEYS */;
/*!40000 ALTER TABLE `Lung` ENABLE KEYS */;
UNLOCK TABLES;

--
-- Table structure for table `New_Donor`
--

DROP TABLE IF EXISTS `New_Donor`;
/*!40101 SET @saved_cs_client     = @@character_set_client */;
/*!40101 SET character_set_client = utf8 */;
CREATE TABLE `New_Donor` (
  `Age` int(11) NOT NULL,
  `DON_id` char(9) NOT NULL,
  `Name` varchar(35) NOT NULL,
  `Address` varchar(100) NOT NULL,
  `Contact` char(10) NOT NULL,
  `Blood_Group` varchar(3) DEFAULT NULL,
  `Pincode` char(6) NOT NULL,
  PRIMARY KEY (`DON_id`)
) ENGINE=InnoDB DEFAULT CHARSET=latin1;
/*!40101 SET character_set_client = @saved_cs_client */;

--
-- Dumping data for table `New_Donor`
--

LOCK TABLES `New_Donor` WRITE;
/*!40000 ALTER TABLE `New_Donor` DISABLE KEYS */;
/*!40000 ALTER TABLE `New_Donor` ENABLE KEYS */;
UNLOCK TABLES;

--
-- Table structure for table `Organ_Donor`
--

DROP TABLE IF EXISTS `Organ_Donor`;
/*!40101 SET @saved_cs_client     = @@character_set_client */;
/*!40101 SET character_set_client = utf8 */;
CREATE TABLE `Organ_Donor` (
  `Age` int(11) NOT NULL,
  `DON_id` char(9) NOT NULL,
  `Name` varchar(35) NOT NULL,
  `Address` varchar(100) NOT NULL,
  `Contact` char(10) NOT NULL,
  `ORG_id` char(9) NOT NULL,
  `Status` varchar(5) NOT NULL,
  `Last_check_up_date` date DEFAULT NULL,
  `Blood_Group` varchar(3) NOT NULL,
  `Pincode` char(6) NOT NULL,
  PRIMARY KEY (`DON_id`),
  KEY `ORG_id` (`ORG_id`),
  CONSTRAINT `Organ_Donor_ibfk_1` FOREIGN KEY (`ORG_id`) REFERENCES `Organisation` (`ORG_id`)
) ENGINE=InnoDB DEFAULT CHARSET=latin1;
/*!40101 SET character_set_client = @saved_cs_client */;

--
-- Dumping data for table `Organ_Donor`
--

LOCK TABLES `Organ_Donor` WRITE;
/*!40000 ALTER TABLE `Organ_Donor` DISABLE KEYS */;
INSERT INTO `Organ_Donor` VALUES (47,'DON_121','Madeline Gutierrez','9246 John Land Jagannadhapuram ANDHRA PRADESH','7351044504','ORG_392','Alive','2020-01-03','AB-','534312'),(29,'DON_13','Roberta Lang','16567 Weeks Cape Suite 614 Dasappagoundanpudur TAMILNADU','7431207311','ORG_573','Alive','2020-03-18','A-','638503'),(18,'DON_132','Elizabeth Rathbun','2629 Jessica Center Pallur KERALA','7003155115','ORG_523','Alive','2020-03-29','O+','679532'),(34,'DON_133','Christina Keith','746 Roberts Inlet Ganganapalli ANDHRA PRADESH','7075167196','ORG_938','Alive','2020-02-22','B-','515425'),(42,'DON_144','David Lynn','735 Robin Wall Tadgam GUJARAT','7602940310','ORG_786','Alive','2020-02-05','O+','396135'),(18,'DON_18','Julianne Culver','80062 Johnson Stream Apt. 870 Bewhari MADHYA PRADESH','7131138959','ORG_573','Alive','2020-02-14','AB+','480997'),(42,'DON_203','Christine Bridges','8271 Schultz Key Apt. 738 Deorihangaon MADHYA PRADESH','7065821276','ORG_610','Alive','2020-04-10','O+','486340'),(36,'DON_23','Matthew Cate','1275 Jacob Inlet Suite 171 Jagadhri HARYANA','7317519886','ORG_735','Alive','2020-02-13','B+','135003'),(43,'DON_235','Alton Medina','36854 Williams Lakes Dhaneli CHATTISGARH','7703302630','ORG_610','Alive','2020-03-30','O-','495668'),(40,'DON_24','Jame Stewart','0174 Amber Gateway Suite 471 Ranglalahi BIHAR','7393123297','ORG_711','Alive','2020-02-01','A-','845404'),(19,'DON_274','Michele Gallegos','58725 Shields Hills Uttamnagar UTTARAKHAND','7589216995','ORG_359','Alive','2020-02-02','A+','263148'),(48,'DON_276','Jane Smith','USNV Wilson Lambia Kalan RAJASTHAN','7711073317','ORG_610','Alive','2020-04-16','AB+','311024'),(38,'DON_298','Margaret Fox','177 Small Highway J P Nagar KARNATAKA','7584780746','ORG_573','Alive','2020-01-03','AB+','560078'),(40,'DON_306','Linda Gibson','880 Karen Expressway Apt. 434 Kerakalmatti KARNATAKA','7768032671','ORG_648','Alive','2020-02-23','AB+','587206'),(27,'DON_31','Marilyn Sayle','7708 Dixon Cliff Suite 246 Thekkupattu TAMILNADU','7326907786','ORG_561','Alive','2020-01-06','B+','635801'),(44,'DON_322','Michael Gerald','Unit 2053 Box 9601 Niralkeri KARNATAKA','7944658741','ORG_938','Alive','2020-03-01','B+','587111'),(33,'DON_325','Anne Rhodes','27641 Jessica Tunnel Sirwasuchand UTTAR PRADESH','7655101840','ORG_517','Alive','2020-04-18','A-','246722'),(26,'DON_338','James Wooldridge','4541 Thomas Roads Suite 097 Dhondha MADHYA PRADESH','7838340608','ORG_464','Alive','2020-01-10','B-','476332'),(24,'DON_358','Edith Fahie','599 Nicole Glens Kasba Jaipur ORISSA','7276064806','ORG_339','Alive','2020-03-06','AB+','756043'),(38,'DON_406','Ann Baird','498 Johnson Inlet Kattampoondi TAMILNADU','7309910078','ORG_339','Alive','2020-01-01','AB+','606806'),(19,'DON_441','Lee Uhm','779 Kevin Gardens Suite 164 Chinnammapet TAMILNADU','7897177965','ORG_984','Alive','2020-02-01','B+','631210'),(44,'DON_449','Nicholas Chancey','70362 Lewis Village Pasalapudi ANDHRA PRADESH','7275469620','ORG_420','Alive','2020-02-18','O-','533261'),(43,'DON_458','Alejandro Hughett','6458 Johnston Mall Apt. 620 Khardi MAHARASHTRA','7628875461','ORG_938','Alive','2020-01-14','A-','425303'),(46,'DON_47','David Durbin','Unit 6260 Box 9052 Vilayilmoola KERALA','7082984065','ORG_339','Alive','2020-01-15','B-','695101'),(31,'DON_50','William Richardson','9953 Robinson Coves Badwasa RAJASTHAN','7921734663','ORG_29','Alive','2020-02-01','A+','327801'),(42,'DON_539','James Caskey','2838 Wheeler Meadow Banjari MADHYA PRADESH','7464069320','ORG_886','Alive','2020-03-01','B+','486669'),(45,'DON_540','Saundra Lambert','164 Dunn Throughway Sonda  Habibpur UTTAR PRADESH','7647410402','ORG_268','Alive','2020-01-26','AB+','203132'),(48,'DON_542','Robert Constantine','030 Allen Canyon Giradra RAJASTHAN','7292177628','ORG_517','Alive','2020-02-07','B-','306401'),(41,'DON_549','Adam Finseth','31726 Watson Trail Suite 590 Sankarapuram ANDHRA PRADESH','7965736084','ORG_703','Alive','2020-01-10','A+','516002'),(46,'DON_551','Kristen Mace','4755 Alexander Club Kanji Ka Gara RAJASTHAN','7916062261','ORG_643','Alive','2020-03-30','AB+','327023'),(37,'DON_571','Don Jennings','66254 Mitchell Ridge Bamangaon RAJASTHAN','7242684964','ORG_392','Alive','2020-01-16','O+','323801'),(29,'DON_572','Brian Rook','716 Compton Extension Moharsop CHATTISGARH','7794814594','ORG_517','Alive','2020-01-31','O+','497225'),(40,'DON_58','Barbara Freeman','USNS Anthony Bishanpur Titara BIHAR','7007634767','ORG_884','Alive','2020-01-24','B+','844502'),(35,'DON_592','Doloris Strader','11555 Anthony Ford Pattakarai TAMILNADU','7916877176','ORG_512','Alive','2020-03-29','AB+','628618'),(22,'DON_603','Angelia Holifield','219 Moss Center Suite 051 Salbira ORISSA','7993335623','ORG_93','Alive','2020-02-13','O-','770016'),(35,'DON_662','Gloria Gauvin','50817 Lynch Port Chauhatta BIHAR','7602937994','ORG_788','Alive','2020-02-11','B-','852138'),(40,'DON_691','David Richmond','7680 Torres Stream Kamlanagar UTTAR PRADESH','7819861325','ORG_268','Alive','2020-03-23','O+','212109'),(29,'DON_705','Rose Vrbka','7260 Scott Pike Deobaloda CHATTISGARH','7026519368','ORG_523','Alive','2020-04-01','B-','490025'),(27,'DON_742','Steven Bogacz','9954 Hogan Lakes Apt. 603 Santhalka RAJASTHAN','7799548364','ORG_643','Alive','2020-02-15','O-','301019'),(25,'DON_745','James Hilburn','375 Mills Walk Suite 078 Awara Road KARNATAKA','7948427475','ORG_811','Alive','2020-03-14','B+','581302'),(42,'DON_766','Dan Smith','Unit 8456 Box 3739 Baburi UTTAR PRADESH','7429654990','ORG_537','Alive','2020-02-04','AB+','232102'),(29,'DON_792','Lois Griffith','Unit 6955 Box 5123 Nellow JAMMUKASHMIR','7238520769','ORG_704','Alive','2020-02-08','B-','192231'),(39,'DON_8','Todd Minchew','7876 Brianna Courts Baheliabaht MADHYA PRADESH','7906502507','ORG_788','Alive','2020-03-07','B+','485115'),(23,'DON_806','Nancy Brookhouse','728 Perez Mill Apt. 856 Kabrapali ORISSA','7127515975','ORG_938','Alive','2020-02-28','O+','768112'),(45,'DON_814','Adam Smith','92507 Bishop Mill Bandarlanka ANDHRA PRADESH','7533009294','ORG_886','Alive','2020-04-09','AB+','533221'),(36,'DON_817','Bonnie Paz','26898 Hardy Harbor Suite 486 Telma UTTAR PRADESH','7796002931','ORG_994','Alive','2020-02-13','O-','221718'),(22,'DON_839','Jewell Hadley','813 Jeff Tunnel Dhanyla RAJASTHAN','7626865575','ORG_938','Alive','2020-01-11','AB-','313334'),(29,'DON_843','Christopher Allen','0556 Colon Creek Apt. 472 Kothapalem ANDHRA PRADESH','7900041196','ORG_788','Alive','2020-01-07','AB+','507201'),(33,'DON_91','Robert Trites','521 Kimberly Dale Chintamanpur BIHAR','7828053994','ORG_341','Alive','2020-03-02','B+','845416'),(26,'DON_927','Luz Striegel','9804 Spencer Canyon Vadugapatti TAMILNADU','7507754420','ORG_935','Alive','2020-03-06','O+','627757'),(45,'DON_974','Michael Yung','2272 Patricia Corner Gangora RAJASTHAN','7536876857','ORG_41','Alive','2020-03-12','A+','321204'),(34,'DON_996','Marcus Hood','286 Brooke Stream Gujidarada ORISSA','7376327414','ORG_703','Alive','2020-04-15','O-','756128');
/*!40000 ALTER TABLE `Organ_Donor` ENABLE KEYS */;
UNLOCK TABLES;

--
-- Table structure for table `Organisation`
--

DROP TABLE IF EXISTS `Organisation`;
/*!40101 SET @saved_cs_client     = @@character_set_client */;
/*!40101 SET character_set_client = utf8 */;
CREATE TABLE `Organisation` (
  `ORG_id` char(9) NOT NULL,
  `Address` varchar(100) NOT NULL,
  `Contact` char(10) NOT NULL,
  `Name` varchar(100) NOT NULL,
  PRIMARY KEY (`ORG_id`)
) ENGINE=InnoDB DEFAULT CHARSET=latin1;
/*!40101 SET character_set_client = @saved_cs_client */;

--
-- Dumping data for table `Organisation`
--

LOCK TABLES `Organisation` WRITE;
/*!40000 ALTER TABLE `Organisation` DISABLE KEYS */;
INSERT INTO `Organisation` VALUES ('ORG_245','6633 Rivera Mission Dhanuvachapuram KERALA 695503','659914640','Donate life'),('ORG_268','314 Brown Junction Ubora MADHYA PRADESH 472445','600477991','Lifecenter'),('ORG_29','3473 John Village Suite 845 Kotambu KERALA 678551','674225346','Blood center'),('ORG_339','USNV Parker Chikkop KARNATAKA 591119','667366813','Eye Bank'),('ORG_341','331 Jesse Bypass Apt. 831 Poyilisseri KERALA 676102','638422770','Donor Life'),('ORG_359','5680 Martinez Via Suite 616 Reddiapatti TAMILNADU 621001','648936041','Lifesource'),('ORG_368','54662 Rodriguez Courts Anantapur WEST BENGAL 711301','637340661','Lifeshares'),('ORG_392','4078 Hoover Greens Suite 046 Netala UTTARAKHAND 249193','646029661','Association of organ bank'),('ORG_41','77509 Tammy Rapid Suite 546 Ajeetpur UTTAR PRADESH 210001','661066568','National Society of Transplantation'),('ORG_411','PSC 9897, Box 9496 Distt. Court (KKD) DELHI 110032','696881168','LifeGift'),('ORG_420','6108 Eduardo Parkways Suite 705 Fetehpur RAJASTHAN 301402','654538684','National Transplant Organisation'),('ORG_464','69208 Keith Squares Apt. 083 Gudamamda ANDHRA PRADESH 504311','625689083','Center for Organ recovery'),('ORG_484','4889 Alvarez Plains Suite 933 Bhadauta MADHYA PRADESH 473770','606825285','Indian Kidney fund'),('ORG_493','225 Duran Harbor Suite 890 Lakhamapur MAHARASHTRA 442603','600318028','Scientific Registry of Transplant reciptants'),('ORG_512','0466 Angela Ramp Vatayam KERALA 673518','663558459','Kerala Network for Organ Sharing'),('ORG_517','218 Cameron Ranch Apt. 604 Mitathal HARYANA 127031','611395886','Community organ Network'),('ORG_523','4739 Kathryn Court Sardarnagar UTTAR PRADESH 262406','677230392','Mohan Foundation'),('ORG_537','79238 Alvin Park Mahaloni RAJASTHAN 321401','644207706','faith organizations'),('ORG_561','2634 Sherry Lock Hebatpur GUJARAT 363115','694122955','LifeNet health'),('ORG_573','886 Pearson Causeway Sahzadpur UTTAR PRADESH 224122','656424857','Living Bank'),('ORG_610','81701 Kurt Junction Pahari UTTAR PRADESH 210206','665541309','Donor Network'),('ORG_635','USCGC Caldwell Lingasanipally ANDHRA PRADESH 509215','638238463','NHS Blood and Transplant'),('ORG_643','PSC 5038, Box 9259 Sadipurghat BIHAR 848117','645574264','Gift of hope'),('ORG_648','182 James Station Suite 585 Khyawada RAJASTHAN 325004','624939931','Donate Life'),('ORG_675','0929 Jenna Meadow Apt. 987 Metturgate TAMILNADU 624206','635417561','Donor Service'),('ORG_703','834 Gregory Drives Apt. 554 Dabuk WEST BENGAL 731216','659606652','Gift of Life'),('ORG_704','USNS Fowler Bamla HARYANA 127021','643433862','Society of Transplant'),('ORG_711','4407 Johnson Prairie Suite 079 Moodapalli ANDHRA PRADESH 505403','617583900','National Kidney Foundation'),('ORG_731','690 Scott Mill Suite 818 Ushral Mendha MAHARASHTRA 441221','626644627','Help Hope Live'),('ORG_735','4007 Davis Points Agalpur ORISSA 768029','669654108','Organ Donor Register'),('ORG_743','21902 Thomas Springs Hidigaon ORISSA 756025','634122761','New Donor Servies'),('ORG_786','PSC 0768, Box 3811 V.S. Mill BIHAR 841428','630915199','Transplant Alliance'),('ORG_788','PSC 0401, Box 1831 Garugubilli ANDHRA PRADESH 535128','615241023','Liver Foundation'),('ORG_811','4497 Richardson Cape Krishnaswamy Nagar TAMILNADU 641045','623469811','The Eye-Bank'),('ORG_884','032 Jason Flats Keeranur(MA) TAMILNADU 624617','688200666','Donate life'),('ORG_886','65994 Madison Ports Juramanpur Rampur BIHAR 844508','620590577','New-Eye'),('ORG_890','696 James Orchard Luangpawn NORTH EASTERN 796261','619673584','Donation and Transplantation Institute'),('ORG_927','041 Emma Cove Apt. 944 Chhapi GUJARAT 385210','614692900','United Network of Organ Sharing'),('ORG_93','6395 James Views Dagarpada ORISSA 756047','696900723','Lifeline'),('ORG_935','6121 Kaufman Shoals Suite 280 Bilakalaguduru ANDHRA PRADESH 518508','676061244','Mahatma Gandhi Organ Donation'),('ORG_938','382 Scott Terrace Suite 285 Khalipathar ORISSA 767026','668437254','Lifeshare'),('ORG_984','121 Evan Fall Suite 257 Kamalpur (S) GUJARAT 385340','666021982','Center for Donation and Transplant'),('ORG_994','64375 Gabrielle Course Apt. 120 Hesalkuti JHARKHAND 833102','619253908','The charity for organ Donation'),('ORG_996','14236 Joseph Keys Harischandrapuram ANDHRA PRADESH 522020','626100290','National Organ & Tissue Transplant Organisation');
/*!40000 ALTER TABLE `Organisation` ENABLE KEYS */;
UNLOCK TABLES;

--
-- Table structure for table `Organisation_Org_Accepted`
--

DROP TABLE IF EXISTS `Organisation_Org_Accepted`;
/*!40101 SET @saved_cs_client     = @@character_set_client */;
/*!40101 SET character_set_client = utf8 */;
CREATE TABLE `Organisation_Org_Accepted` (
  `ORG_id` char(9) DEFAULT NULL,
  `Organ` varchar(20) DEFAULT NULL,
  KEY `ORG_id` (`ORG_id`),
  CONSTRAINT `Organisation_Org_Accepted_ibfk_1` FOREIGN KEY (`ORG_id`) REFERENCES `Organisation` (`ORG_id`)
) ENGINE=InnoDB DEFAULT CHARSET=latin1;
/*!40101 SET character_set_client = @saved_cs_client */;

--
-- Dumping data for table `Organisation_Org_Accepted`
--

LOCK TABLES `Organisation_Org_Accepted` WRITE;
/*!40000 ALTER TABLE `Organisation_Org_Accepted` DISABLE KEYS */;
INSERT INTO `Organisation_Org_Accepted` VALUES ('ORG_411','Liver'),('ORG_411','Pancreas'),('ORG_411','Cornea'),('ORG_339','Lung'),('ORG_339','Heart'),('ORG_339','Kidney'),('ORG_339','Pancreas'),('ORG_339','Cornea'),('ORG_561','Cornea'),('ORG_561','Kidney'),('ORG_561','Lung'),('ORG_561','Pancreas'),('ORG_561','Heart'),('ORG_392','Liver'),('ORG_392','Heart'),('ORG_392','Cornea'),('ORG_392','Pancreas'),('ORG_648','Heart'),('ORG_648','Pancreas'),('ORG_648','Cornea'),('ORG_484','Lung'),('ORG_484','Heart'),('ORG_484','Kidney'),('ORG_484','Liver'),('ORG_484','Pancreas'),('ORG_886','Liver'),('ORG_886','Kidney'),('ORG_886','Cornea'),('ORG_886','Pancreas'),('ORG_735','Pancreas'),('ORG_735','Heart'),('ORG_984','Cornea'),('ORG_984','Heart'),('ORG_984','Pancreas'),('ORG_984','Liver'),('ORG_984','Kidney'),('ORG_984','Lung'),('ORG_245','Liver'),('ORG_245','Heart'),('ORG_245','Pancreas'),('ORG_245','Lung'),('ORG_743','Kidney'),('ORG_743','Heart'),('ORG_743','Pancreas'),('ORG_935','Pancreas'),('ORG_935','Lung'),('ORG_935','Heart'),('ORG_935','Kidney'),('ORG_935','Liver'),('ORG_420','Kidney'),('ORG_420','Lung'),('ORG_420','Pancreas'),('ORG_635','Kidney'),('ORG_635','Cornea'),('ORG_927','Kidney'),('ORG_927','Pancreas'),('ORG_927','Liver'),('ORG_994','Lung'),('ORG_994','Pancreas'),('ORG_994','Cornea'),('ORG_994','Kidney'),('ORG_994','Heart'),('ORG_994','Liver'),('ORG_675','Pancreas'),('ORG_675','Liver'),('ORG_675','Kidney'),('ORG_368','Pancreas'),('ORG_368','Liver'),('ORG_884','Kidney'),('ORG_884','Heart'),('ORG_884','Pancreas'),('ORG_884','Cornea'),('ORG_884','Liver'),('ORG_884','Lung'),('ORG_786','Heart'),('ORG_786','Kidney'),('ORG_786','Pancreas'),('ORG_786','Lung'),('ORG_711','Heart'),('ORG_711','Liver'),('ORG_711','Pancreas'),('ORG_811','Heart'),('ORG_811','Pancreas'),('ORG_703','Heart'),('ORG_703','Pancreas'),('ORG_703','Cornea'),('ORG_703','Liver'),('ORG_703','Lung'),('ORG_464','Liver'),('ORG_464','Lung'),('ORG_464','Heart'),('ORG_938','Liver'),('ORG_938','Cornea'),('ORG_938','Pancreas'),('ORG_938','Lung'),('ORG_938','Heart'),('ORG_938','Kidney'),('ORG_517','Heart'),('ORG_517','Lung'),('ORG_517','Pancreas'),('ORG_517','Kidney'),('ORG_517','Liver'),('ORG_93','Liver'),('ORG_93','Kidney'),('ORG_93','Pancreas'),('ORG_731','Pancreas'),('ORG_731','Lung'),('ORG_731','Heart'),('ORG_731','Kidney'),('ORG_731','Cornea'),('ORG_731','Liver'),('ORG_573','Heart'),('ORG_573','Kidney'),('ORG_573','Pancreas'),('ORG_523','Kidney'),('ORG_523','Pancreas'),('ORG_523','Cornea'),('ORG_523','Heart'),('ORG_537','Pancreas'),('ORG_537','Liver'),('ORG_537','Kidney'),('ORG_537','Lung'),('ORG_537','Heart'),('ORG_643','Pancreas'),('ORG_643','Cornea'),('ORG_643','Lung'),('ORG_610','Pancreas'),('ORG_610','Cornea'),('ORG_610','Liver'),('ORG_512','Pancreas'),('ORG_512','Heart'),('ORG_512','Liver'),('ORG_512','Kidney'),('ORG_704','Liver'),('ORG_704','Cornea'),('ORG_704','Kidney'),('ORG_493','Kidney'),('ORG_493','Heart'),('ORG_493','Cornea'),('ORG_41','Pancreas'),('ORG_41','Liver'),('ORG_41','Heart'),('ORG_41','Lung'),('ORG_41','Cornea'),('ORG_268','Liver'),('ORG_268','Cornea'),('ORG_268','Kidney'),('ORG_268','Pancreas'),('ORG_268','Heart'),('ORG_268','Lung'),('ORG_341','Pancreas'),('ORG_341','Kidney'),('ORG_29','Cornea'),('ORG_29','Pancreas'),('ORG_29','Lung'),('ORG_29','Liver'),('ORG_29','Heart'),('ORG_996','Liver'),('ORG_996','Pancreas'),('ORG_996','Kidney'),('ORG_996','Heart'),('ORG_890','Liver'),('ORG_890','Lung'),('ORG_890','Heart'),('ORG_890','Pancreas'),('ORG_359','Kidney'),('ORG_359','Pancreas'),('ORG_788','Kidney'),('ORG_788','Cornea'),('ORG_788','Lung'),('ORG_788','Pancreas');
/*!40000 ALTER TABLE `Organisation_Org_Accepted` ENABLE KEYS */;
UNLOCK TABLES;

--
-- Table structure for table `Pancreas`
--

DROP TABLE IF EXISTS `Pancreas`;
/*!40101 SET @saved_cs_client     = @@character_set_client */;
/*!40101 SET character_set_client = utf8 */;
CREATE TABLE `Pancreas` (
  `ORGAN_id` char(8) NOT NULL,
  `DON_id` char(9) DEFAULT NULL,
  `PAT_id` char(9) DEFAULT NULL,
  `Matched_id` char(8) DEFAULT NULL,
  `OPTN` double DEFAULT NULL,
  PRIMARY KEY (`ORGAN_id`),
  KEY `PAT_id` (`PAT_id`),
  KEY `Matched_id` (`Matched_id`),
  KEY `DON_id` (`DON_id`),
  CONSTRAINT `Pancreas_ibfk_1` FOREIGN KEY (`PAT_id`) REFERENCES `Patient` (`PAT_id`),
  CONSTRAINT `Pancreas_ibfk_2` FOREIGN KEY (`Matched_id`) REFERENCES `Pancreas` (`ORGAN_id`),
  CONSTRAINT `Pancreas_ibfk_3` FOREIGN KEY (`DON_id`) REFERENCES `Organ_Donor` (`DON_id`)
) ENGINE=InnoDB DEFAULT CHARSET=latin1;
/*!40101 SET character_set_client = @saved_cs_client */;

--
-- Dumping data for table `Pancreas`
--

LOCK TABLES `Pancreas` WRITE;
/*!40000 ALTER TABLE `Pancreas` DISABLE KEYS */;
/*!40000 ALTER TABLE `Pancreas` ENABLE KEYS */;
UNLOCK TABLES;

--
-- Table structure for table `Patient`
--

DROP TABLE IF EXISTS `Patient`;
/*!40101 SET @saved_cs_client     = @@character_set_client */;
/*!40101 SET character_set_client = utf8 */;
CREATE TABLE `Patient` (
  `Pincode` char(6) NOT NULL,
  `Last_check_up_date` date DEFAULT NULL,
  `PAT_id` char(9) NOT NULL,
  `Name` varchar(35) NOT NULL,
  `Contact` char(10) NOT NULL,
  `Address` varchar(100) NOT NULL,
  `Doc_id` char(9) NOT NULL,
  `Age` int(11) NOT NULL,
  `Blood_Group` varchar(3) NOT NULL,
  PRIMARY KEY (`PAT_id`),
  KEY `Doc_id` (`Doc_id`),
  CONSTRAINT `Patient_ibfk_1` FOREIGN KEY (`Doc_id`) REFERENCES `Doctor` (`Doc_ID`)
) ENGINE=InnoDB DEFAULT CHARSET=latin1;
/*!40101 SET character_set_client = @saved_cs_client */;

--
-- Dumping data for table `Patient`
--

LOCK TABLES `Patient` WRITE;
/*!40000 ALTER TABLE `Patient` DISABLE KEYS */;
INSERT INTO `Patient` VALUES ('325207','2019-12-17','PAT_1','Clarence Hodgkins','8473026921','8586 Ramirez Parkways Sahrod RAJASTHAN','DOC_98665',50,'B+'),('131002','2020-01-30','PAT_1002','Bruce Norman','8599490374','7397 Mike Fort Suite 426 Bhatgaon HARYANA','DOC_97186',69,'AB+'),('835202','2019-11-13','PAT_1004','Robert Stevens','8684846689','8498 Roberts Port Khatri Khatanga JHARKHAND','DOC_7369',64,'B-'),('591231','2020-01-31','PAT_1007','Rosa Rogers','8441156231','05573 Robbins Circle Shivapur K KARNATAKA','DOC_28767',56,'A+'),('442505','2020-01-12','PAT_1008','Chris Bream','8993827737','093 Melanie Heights Apt. 663 Ghugus MAHARASHTRA','DOC_40658',59,'AB+'),('587201','2019-08-27','PAT_1009','Luvenia Coutts','8820116833','458 Angela Ranch Adagal KARNATAKA','DOC_6234',45,'O-'),('416413','2019-12-15','PAT_101','Ruby Chouinard','8181128752','070 Jefferson Mews Apt. 563 Balgaon MAHARASHTRA','DOC_64676',40,'O-'),('515541','2020-01-23','PAT_1010','Linda Maleski','8691211220','52909 Ebony Mission Suite 185 Mallepalli ANDHRA PRADESH','DOC_64071',37,'AB-'),('768222','2019-12-27','PAT_1012','Mark Bouchard','8088384599','708 Matthew Corner Apt. 515 Hardipali ORISSA','DOC_63020',69,'A-'),('443201','2019-10-20','PAT_1016','Christopher Schoolcraft','8376468961','43629 Hernandez Manors Satgaon Bhusari MAHARASHTRA','DOC_81381',49,'O+'),('534280','2019-09-09','PAT_1021','Patricia Osteen','8740997120','771 Molina Mountain Akanivarithota ANDHRA PRADESH','DOC_1737',70,'B-'),('583276','2020-01-18','PAT_1023','Michael Bookout','8329875039','55568 Snyder Lock K U Campus KARNATAKA','DOC_1077',44,'A+'),('607105','2020-02-05','PAT_1025','James Arroyo','8907123726','USCGC Berry Vanamadevi TAMILNADU','DOC_210',27,'B-'),('638504','2019-10-11','PAT_1028','Josephine Myers','8451063099','857 Hernandez Overpass Apt. 562 Guruvareddiyur TAMILNADU','DOC_52515',53,'B-'),('344702','2019-10-31','PAT_1030','Molly Guest','8468387119','398 Keith Rest Intada RAJASTHAN','DOC_22553',44,'A-'),('502286','2019-09-02','PAT_1031','Hassan Jones','8899392907','07820 Powers Brooks Morgi ANDHRA PRADESH','DOC_7307',69,'A+'),('796181','2019-10-22','PAT_1034','Valerie Schiro','8720478838','6514 Trujillo Isle Bungtlang \'N\' NORTH EASTERN','DOC_49817',48,'AB-'),('450445','2019-10-12','PAT_1035','Gary Smart','8702189184','306 Victor Roads Sangrampur MADHYA PRADESH','DOC_96645',70,'AB+'),('344037','2019-08-01','PAT_1040','Robert Nelson','8031852580','293 James Villages Jajwa RAJASTHAN','DOC_46488',29,'B-'),('591221','2020-02-03','PAT_1052','Prudence Hayes','8238109719','3919 Sandra Crossroad Apt. 023 Kurni KARNATAKA','DOC_68094',54,'B-'),('415203','2020-02-20','PAT_1053','Dorothy Saetern','8599811868','190 Robert Stravenue Apt. 734 Takede MAHARASHTRA','DOC_8289',45,'A+'),('624618','2020-01-28','PAT_1055','Paul Alvarado','8942905073','81622 Joshua Mountains Periyamottanuthu TAMILNADU','DOC_84215',22,'AB-'),('517587','2019-10-12','PAT_1057','Robert Jeanette','8503386216','018 Lauren Ridges Apt. 845 Koppedu ANDHRA PRADESH','DOC_41274',45,'AB+'),('271855','2019-12-25','PAT_106','Tim Kalb','8388829487','472 Carter Park Motipur UTTAR PRADESH','DOC_50250',43,'AB-'),('756112','2019-10-02','PAT_1060','Cameron Strader','8584539521','04794 Mcguire Center Apt. 962 Jalamandua ORISSA','DOC_99400',61,'A-'),('415507','2019-11-23','PAT_1063','Felix Depaz','8307256724','PSC 8868, Box 0645 Yeralwadi MAHARASHTRA','DOC_34938',32,'B-'),('470661','2019-08-21','PAT_1067','Michael Hinton','8043599895','46267 Holland Fields Bijadongary MADHYA PRADESH','DOC_73178',69,'A-'),('522660','2019-08-12','PAT_1068','Patricia Pimenta','8272977890','4881 Casey Pass Vetrayuni Appapuram ANDHRA PRADESH','DOC_15645',45,'AB-'),('249193','2020-01-24','PAT_1072','Juanita Robinson','8346356524','4727 Kellie Junctions Kallyani UTTARAKHAND','DOC_15417',62,'B-'),('221715','2019-12-02','PAT_1074','Miriam Roe','8350853827','368 Nguyen Land Bilthara Bazar UTTAR PRADESH','DOC_89099',62,'B-'),('767045','2019-08-11','PAT_1075','Anthony Curry','8087678938','1690 Carly Lakes Apt. 620 Sonepur Rampur ORISSA','DOC_49046',56,'O-'),('517551','2019-10-07','PAT_1076','Todd Hart','8052856869','USCGC Compton Padiredu ANDHRA PRADESH','DOC_46498',22,'O+'),('262580','2019-12-20','PAT_1077','Kim Marinas','8794140269','6186 Lindsay Island Gagar UTTARAKHAND','DOC_11507',60,'O+'),('689551','2019-11-10','PAT_108','Rubie Lewis','8524934556','2907 Russo Stream Suite 979 Otherawest KERALA','DOC_23280',70,'O+'),('814102','2019-10-04','PAT_1081','Pamela Graves','8820452704','370 Chavez Ford Suite 892 Mahubana JHARKHAND','DOC_44680',69,'A+'),('491226','2019-09-24','PAT_1082','Megan Leffler','8689909152','497 Lawson Greens Suite 274 Jamrua CHATTISGARH','DOC_73442',47,'AB-'),('713333','2019-11-22','PAT_1085','Kimberlee Joe','8612409497','9689 Arroyo Burgs Apt. 084 Sitalpur WEST BENGAL','DOC_41434',63,'O-'),('591235','2020-02-13','PAT_1087','Maurice Kessler','8870957911','733 Cathy Ridge Handigund KARNATAKA','DOC_1250',43,'B-'),('621703','2019-12-15','PAT_1088','Francisco Adams','8941416789','515 Denise Valley Apt. 625 Sathamangalam TAMILNADU','DOC_70488',59,'B-'),('263634','2020-01-06','PAT_109','Jonathan Clark','8143293900','32015 Kristen Freeway Apt. 536 Papon UTTARAKHAND','DOC_67131',22,'AB-'),('313341','2019-08-09','PAT_1090','Cheryl Joyce','8079607072','9282 Michael Lock Lakha Guda RAJASTHAN','DOC_56406',44,'B+'),('731238','2019-10-28','PAT_1093','Jared Jackson','8836117695','553 Crystal Light Kusmore WEST BENGAL','DOC_54277',39,'B-'),('460330','2020-01-21','PAT_1094','Ann Guerra','8151825601','PSC 3693, Box 1966 Bijadehi MADHYA PRADESH','DOC_87833',41,'B-'),('304501','2020-02-16','PAT_1096','Eva Wade','8935145794','22410 Luke Islands Suite 523 Kadila RAJASTHAN','DOC_81446',46,'AB+'),('506303','2019-11-27','PAT_1097','Steve Clifford','8504798612','4397 Jared Mountain Suite 458 Nelapogula ANDHRA PRADESH','DOC_3009',22,'AB+'),('491227','2019-12-08','PAT_1098','Zachariah Musial','8531278405','16599 Lisa Burg Gurur CHATTISGARH','DOC_1077',40,'AB-'),('534005','2020-01-29','PAT_1100','Lillian Hamilton','8038033962','936 Fowler Pike Old Bus Stand ANDHRA PRADESH','DOC_91937',19,'AB-'),('416419','2019-08-19','PAT_1103','William Tran','8376561956','94001 Perez Place Borgaon MAHARASHTRA','DOC_62780',45,'AB+'),('521151','2019-08-05','PAT_1104','Travis Allen','8743352506','PSC 4892, Box 6996 Uppaluru ANDHRA PRADESH','DOC_53557',26,'B+'),('731220','2019-11-07','PAT_1108','Margaret Sanon','8216276253','215 Morgan Unions Apt. 220 Nalhati WEST BENGAL','DOC_9497',64,'B-'),('722178','2019-12-27','PAT_1109','Sandra Coward','8493055982','1216 Rivers Divide Hijaldihi WEST BENGAL','DOC_94475',47,'A-'),('202397','2019-08-02','PAT_1112','Elisabeth Wells','8345390905','69693 Ryan Isle Suite 030 Pindrawal UTTAR PRADESH','DOC_19117',54,'B+'),('764070','2020-02-04','PAT_1113','Timothy Cuellar','8140579006','2107 Clark Mall Tentulikhunti ORISSA','DOC_87806',35,'AB-'),('586124','2019-11-18','PAT_1114','Inez Mobilia','8532488551','95976 Sandra Cape Suite 213 Nagarbetta KARNATAKA','DOC_23814',64,'O+'),('781306','2019-10-24','PAT_1115','Marvin Salcido','8179339477','8303 Jose Passage Pachimchamata ASSAM','DOC_15989',22,'B-'),('394540','2019-10-22','PAT_1116','Sherry Gross','8806859085','82718 Jacqueline Tunnel Suite 548 Pardi Bhadol GUJARAT','DOC_24421',27,'B-'),('711316','2019-10-02','PAT_112','Michael Stern','8577432199','7086 Dennis Bypass Samruk WEST BENGAL','DOC_66635',30,'B+'),('824120','2019-09-12','PAT_1120','Armando Hurdle','8283915988','Unit 0468 Box 7569 Bantara BIHAR','DOC_13107',66,'O-'),('758083','2019-08-06','PAT_1121','Paula Hall','8539927253','49818 Harris Unions Suite 220 Inchola ORISSA','DOC_86501',23,'AB-'),('444407','2019-11-09','PAT_1124','Micheal Burklow','8979835060','0708 Jonathon Centers Bhendi Mahal MAHARASHTRA','DOC_19794',50,'B+'),('243636','2019-08-08','PAT_1127','James Lott','8546596113','9071 Espinoza Center Husainpur Pukhata UTTAR PRADESH','DOC_84439',64,'AB+'),('673579','2019-10-09','PAT_1129','James Bridges','8970988102','1252 Sydney Forge Apt. 571 Manal Vayal KERALA','DOC_71239',48,'A-'),('624617','2019-12-30','PAT_113','Mary Nagura','8969894504','Unit 2436 Box 6448 Perichipalayam TAMILNADU','DOC_9306',19,'A+'),('341001','2019-11-02','PAT_1135','Kelly Vergin','8293668224','13429 Herrera Fort Suite 019 Police Line Nagaur RAJASTHAN','DOC_4058',37,'A+'),('422605','2019-12-12','PAT_1138','Eric James','8107157131','48269 Austin Crossing Suite 933 Sangamner MAHARASHTRA','DOC_95261',32,'A+'),('765025','2019-09-25','PAT_114','Rex Boyd','8706228317','51668 Douglas Turnpike Apt. 551 Tabalaguda ORISSA','DOC_19156',62,'O-'),('535579','2019-11-18','PAT_1142','Howard Wilkerson','8430618412','1301 Francisco Ranch Rompalli ANDHRA PRADESH','DOC_70488',61,'AB+'),('144419','2020-02-17','PAT_1144','Mary Sweeney','8353528642','838 Leah Run Bharsingpura PUNJAB','DOC_35373',20,'O+'),('585226','2020-02-05','PAT_1146','Madelaine Montoya','8737595267','021 Amanda Lodge Suite 804 Kamthana KARNATAKA','DOC_23781',30,'B+'),('612704','2019-10-27','PAT_1148','Robin Ahmed','8613459704','276 Wiggins Roads Suite 898 Govindakudi TAMILNADU','DOC_3881',35,'AB-'),('442908','2019-10-10','PAT_1152','Dennis Williams','8867825301','70321 Courtney Park Lakhampur MAHARASHTRA','DOC_39845',44,'A+'),('470001','2019-10-15','PAT_1154','Michael Johnson','8446934291','358 Jeremy Street Suite 191 Sagar Collectrate MADHYA PRADESH','DOC_71986',42,'AB-'),('759125','2019-09-07','PAT_1155','Caroline Hernandez','8351166421','1382 Vasquez Run Kampala ORISSA','DOC_20168',64,'AB-'),('626203','2019-09-19','PAT_1156','Martina Ingram','8626522955','1966 Craig Ridges Gollapatti TAMILNADU','DOC_35373',48,'O-'),('416551','2020-01-31','PAT_1157','Vernon Scowden','8463657839','USS Harmon Jarali MAHARASHTRA','DOC_42999',40,'B-'),('577120','2019-11-18','PAT_116','Leroy Riddick','8253152660','55583 Benjamin Glen Bilagadde KARNATAKA','DOC_66814',41,'A+'),('243203','2020-02-01','PAT_1160','Roy Syrett','8869140328','10090 Heather Station Basudharan UTTAR PRADESH','DOC_69375',49,'AB+'),('363520','2019-08-27','PAT_1162','Miriam Kinchen','8494520122','9601 Tanya Avenue Zinzuda GUJARAT','DOC_31131',56,'A-'),('263623','2019-11-08','PAT_1164','Casey Garczynski','8585283348','8199 Wesley Mews Jageshwar UTTARAKHAND','DOC_29008',59,'O+'),('415109','2019-09-15','PAT_1167','Manuel Miller','8365323020','3608 Susan Turnpike Indoli MAHARASHTRA','DOC_37924',41,'A+'),('700016','2019-09-16','PAT_1168','Margarette Andrews','8216105960','USNV Thompson Madrassa WEST BENGAL','DOC_8810',38,'AB-'),('782124','2020-01-01','PAT_117','Mae Wheeler','8339678618','490 Robert Plaza Suite 345 Chitalmari Beel ASSAM','DOC_55089',35,'O+'),('521190','2019-08-23','PAT_1170','Keith Bressette','8107535285','17778 Sarah Fort Suite 578 Kannevidu ANDHRA PRADESH','DOC_27724',33,'O-'),('679562','2019-12-03','PAT_1173','Maria Rhem','8902177280','Unit 5513 Box 6643 Punnayur KERALA','DOC_98539',22,'B-'),('416532','2020-01-01','PAT_1174','Thomas Ferry','8589872046','PSC 1492, Box 3489 Daulat Sugar Factory MAHARASHTRA','DOC_29117',47,'B-'),('413213','2019-09-17','PAT_1178','Heather Stewart','8966131425','3149 Matthew Ridge Lamboti MAHARASHTRA','DOC_21317',38,'B-'),('517643','2020-01-13','PAT_1179','James Nelson','8103542671','532 Hawkins Ferry Suite 306 Sadasivapuram ANDHRA PRADESH','DOC_22553',18,'A+'),('322212','2019-10-13','PAT_1180','Jessica Hopper','8809253596','USS West Sukar RAJASTHAN','DOC_81266',45,'O+'),('480990','2020-01-25','PAT_1185','Linda Webster','8739744403','369 Jerry Extensions Suite 469 Hinotiya MADHYA PRADESH','DOC_79538',48,'A-'),('711316','2019-10-04','PAT_1186','Jason Fox','8142652919','USS Moon Birshibpur WEST BENGAL','DOC_46186',62,'O-'),('605651','2019-09-01','PAT_1187','Robert Glowacki','8331387284','127 Lindsey Meadow Negandur TAMILNADU','DOC_83876',35,'A-'),('731303','2019-12-20','PAT_1193','Julie Neilsen','8385895372','6927 Perez Well Bhatra WEST BENGAL','DOC_97846',43,'O+'),('144409','2019-11-10','PAT_1194','Neil Zeman','8656767055','486 Nancy Fall Apt. 516 Chachrari PUNJAB','DOC_1862',21,'A+'),('735210','2019-10-26','PAT_1195','Renea Jones','8426525737','Unit 2551 Box 1297 Patkidaha WEST BENGAL','DOC_72138',67,'O-'),('516150','2020-01-18','PAT_1197','Chad North','8128471722','160 Steven Greens Suite 778 Pullapathur ANDHRA PRADESH','DOC_53060',18,'B+'),('756181','2019-11-01','PAT_1202','Michael Ohl','8492778985','907 Donald Causeway Apt. 531 Mouda ORISSA','DOC_57121',56,'O-'),('721101','2019-11-01','PAT_1203','Alvaro Kern','8305220850','53752 Ruiz Lock Midnapore DSB WEST BENGAL','DOC_15191',18,'AB+'),('143111','2019-08-24','PAT_1205','Julissa Davis','8173026527','12298 Fitzgerald Point Khilchian PUNJAB','DOC_85827',48,'O-'),('786152','2019-09-20','PAT_1208','Mary Crawford','8700669466','Unit 6716 Box 4763 Dirak Maithong ASSAM','DOC_81528',40,'A+'),('249123','2020-02-23','PAT_121','Myra Ortega','8427722000','Unit 4581 Box 4243 Jakhnidhar UTTARAKHAND','DOC_82361',23,'AB-'),('225415','2019-12-03','PAT_1210','Kimberly Washington','8049723891','503 Zoe Course Apt. 667 Kotwa Dham UTTAR PRADESH','DOC_49925',40,'B-'),('767027','2020-01-18','PAT_1211','Donald Sparks','8112711784','0679 Gomez View Jogimunda ORISSA','DOC_99537',23,'B-'),('301001','2020-01-19','PAT_1212','Charles Baquet','8709506249','4196 Tiffany Spurs Suite 793 Rata Khurd RAJASTHAN','DOC_27724',30,'B+'),('504214','2019-09-04','PAT_1213','Geoffrey Austin','8177841920','00003 Velasquez Ways Suite 472 Kotapalli ANDHRA PRADESH','DOC_12719',28,'A-'),('756043','2020-02-05','PAT_1214','David Anderson','8679831445','55202 Latasha Garden Apt. 031 Panpana ORISSA','DOC_86896',48,'B-'),('500028','2019-08-15','PAT_1215','Justin Kirby','8771933125','354 Gina Station Murad Nagar ANDHRA PRADESH','DOC_53250',40,'B-'),('641101','2019-11-02','PAT_1216','Beatrice Roland','8663520242','0959 Mcbride Throughway Apt. 279 Mathipalayam TAMILNADU','DOC_39294',18,'O+'),('394230','2019-11-18','PAT_1219','Vickie Ingersoll','8185535245','387 Carla Groves Apt. 129 Umber GUJARAT','DOC_70870',55,'A-'),('811303','2019-08-04','PAT_1225','Willie Monroe','8333838730','2570 Ashley Drives Suite 583 Chandra Mandi BIHAR','DOC_92170',35,'B-'),('332041','2019-09-23','PAT_1227','Lora Webb','8812263821','759 Alexander Field Shyampura RAJASTHAN','DOC_91937',47,'A-'),('829128','2019-12-07','PAT_123','Rachael Johnson','8630735634','5899 Shelia Greens Hazari JHARKHAND','DOC_35703',45,'AB-'),('141402','2019-09-08','PAT_1230','John Coleman','8703834409','50033 Blackwell Shoals Suite 743 A.S.College(Khanna) PUNJAB','DOC_35373',58,'AB+'),('534202','2019-10-06','PAT_1231','Erin Conwell','8560860732','538 Jasmine Prairie Suite 199 D.N.R.College ANDHRA PRADESH','DOC_94458',66,'AB+'),('802152','2019-10-10','PAT_1232','Sara Whittemore','8973037638','4932 Diaz Crossroad Haradiya BIHAR','DOC_7028',40,'B-'),('689615','2020-02-03','PAT_1234','Iris Hodge','8301090228','Unit 4663 Box 9281 Kottanad KERALA','DOC_53282',29,'O-'),('127028','2020-01-12','PAT_1236','Robert Soares','8157681761','4086 Sullivan Mills Apt. 556 Noonsar HARYANA','DOC_72390',39,'AB+'),('403722','2019-09-25','PAT_124','Thomas Couper','8255516408','30497 Garza Forge Apt. 555 Verna MAHARASHTRA','DOC_55942',48,'AB-'),('841506','2019-10-16','PAT_1240','Timothy Alexander','8037953757','3318 Mallory Roads Dindayalpur BIHAR','DOC_23764',54,'A+'),('621217','2020-01-15','PAT_1241','Esther Colangelo','8849823185','42090 Warren Green Thandalaiputhur TAMILNADU','DOC_41633',42,'AB+'),('146112','2020-01-25','PAT_1244','Natalie Onusko','8103931642','1352 John Centers Apt. 853 Bhungarani PUNJAB','DOC_77870',69,'A+'),('305204','2019-10-12','PAT_1245','Gillian Suben','8370299215','489 Rebecca Streets Rampura Dabla RAJASTHAN','DOC_77175',69,'B+'),('689664','2019-11-05','PAT_1254','Stephen Sheller','8144748876','005 Johnson Court Suite 476 Thalachira Eram KERALA','DOC_92532',63,'O+'),('854334','2019-10-09','PAT_1263','Leon Cooper','8656568873','2078 Ball Hollow Jaynagar BIHAR','DOC_71986',25,'B-'),('735210','2020-01-06','PAT_1264','Ronald Shaw','8098260937','4002 Wood Circles Paschim Mallick Para WEST BENGAL','DOC_16952',44,'A+'),('700032','2020-02-23','PAT_1266','Leo Danek','8260251555','300 Luis Views Pgh Shah Road WEST BENGAL','DOC_60248',30,'A-'),('683102','2019-12-24','PAT_1276','William Leflore','8934933858','917 Brittany Garden Suite 381 Desom KERALA','DOC_92843',27,'AB+'),('813106','2020-01-25','PAT_1277','Robin Bennett','8040043987','PSC 2230, Box 4276 Katsakrh BIHAR','DOC_35397',29,'AB+'),('480334','2020-02-09','PAT_1278','Mary Kinzer','8673123932','27186 Myers Ferry Ringankhapa MADHYA PRADESH','DOC_84439',33,'O+'),('606804','2020-01-22','PAT_1279','Rene Garcia','8849687713','5928 Pham Trail Kattumalayanur TAMILNADU','DOC_24421',54,'B-'),('752066','2019-12-24','PAT_1280','Michael Hill','8225627680','09444 Frye Expressway Suite 825 Sagargaon ORISSA','DOC_39228',25,'A+'),('110001','2019-10-07','PAT_1281','Andrea Hatchett','8584243830','30751 Anderson Curve Suite 568 North Avenue DELHI','DOC_78908',29,'B-'),('713168','2019-12-09','PAT_1282','Loren Burton','8357167431','65867 Jon Mountains Paharhati WEST BENGAL','DOC_6812',49,'AB+'),('507305','2019-10-07','PAT_1284','Kathleen Baxley','8563497862','390 Price Ranch Lingagudem ANDHRA PRADESH','DOC_20653',56,'B+'),('585329','2019-09-10','PAT_1286','Eileen Martin','8106976637','PSC 0861, Box 6421 Sirkatnalli KARNATAKA','DOC_65537',29,'AB+'),('272196','2020-01-15','PAT_1289','Michael Ashby','8394220792','696 Tracy Shoals Bhanpur Babu UTTAR PRADESH','DOC_29502',42,'O+'),('311407','2020-01-07','PAT_1290','Pam Thompson','8796912637','749 Bruce Alley Taswaria RAJASTHAN','DOC_68845',35,'AB-'),('608502','2019-09-27','PAT_1297','Adam Drake','8422402069','USCGC Vega Small Bazaar TAMILNADU','DOC_93922',20,'AB+'),('413109','2019-10-25','PAT_1299','Thelma Leclair','8414349091','361 Nguyen Squares Suite 878 Gursale MAHARASHTRA','DOC_25414',52,'B+'),('313602','2019-10-04','PAT_1301','Palma Ramirez','8196049139','5507 Jackson Gardens Batharda Khurd RAJASTHAN','DOC_3009',58,'AB-'),('466331','2020-02-13','PAT_1302','Margaret Abrams','8678762796','55102 Albert Springs Apt. 805 Borkheda MADHYA PRADESH','DOC_28772',48,'B+'),('301411','2020-02-26','PAT_1303','Lucila Kuebler','8952248333','7449 Jeffrey Hill Suite 445 Hameerka RAJASTHAN','DOC_99353',49,'AB-'),('271206','2019-12-02','PAT_1306','Marcene Wilson','8419820167','09487 Patrick Inlet Adamtara UTTAR PRADESH','DOC_35920',56,'B+'),('431127','2019-10-26','PAT_1310','Allan Littman','8751326518','183 Kenneth Pike Apt. 638 Hirapur MAHARASHTRA','DOC_67812',44,'O-'),('415523','2019-11-10','PAT_1311','Catrina Reid','8458162017','1609 Brandon Plain Pimprad MAHARASHTRA','DOC_210',19,'A-'),('605202','2019-12-17','PAT_1313','Barbara Mccray','8904392790','7769 Brian Plaza Sangeethamangalam TAMILNADU','DOC_56436',58,'B+'),('562123','2019-08-18','PAT_1315','Harold Gaines','8091806958','8249 Mark Estates Lakshmipura KARNATAKA','DOC_99403',47,'A-'),('534176','2019-11-17','PAT_1316','Dawn Johnson','8841092059','6295 Christian Island Cheepurugudem ANDHRA PRADESH','DOC_36405',65,'O+'),('517237','2019-09-05','PAT_1317','Jon Swarr','8794063273','736 Billy Locks Suite 956 Budithavedu ANDHRA PRADESH','DOC_24482',28,'O+'),('306306','2020-02-16','PAT_1318','Julius Hawkins','8352867550','0945 Nash Corner Deoli Kalan RAJASTHAN','DOC_55999',52,'B-'),('606709','2019-10-05','PAT_1319','Ralph Kerwin','8211279971','41256 Suzanne Orchard Melpuludiyur TAMILNADU','DOC_50046',51,'AB-'),('248121','2019-11-02','PAT_1320','Kay Tice','8804704719','021 Melissa Squares Ajabpur UTTARAKHAND','DOC_94303',61,'O-'),('442702','2019-11-17','PAT_1321','Stephanie Linkous','8129968614','65669 Boyd Inlet Suite 014 Sonapur Deshpande MAHARASHTRA','DOC_45298',58,'A-'),('413702','2019-08-30','PAT_1323','Anna Johnson','8919754609','88657 Reed Mission Apt. 478 Mhase MAHARASHTRA','DOC_46783',28,'AB+'),('577538','2020-01-18','PAT_1325','Edward Williams','8343885572','Unit 5234 Box 4090 Chowlur KARNATAKA','DOC_68774',44,'AB-'),('282002','2019-12-12','PAT_1326','Paul Rodriguez','8219737711','PSC 4409, Box 7631 Jagdish Pura UTTAR PRADESH','DOC_98539',66,'O+'),('211002','2019-08-26','PAT_1327','Claude Gray','8385497365','14338 Hurst Drive Apt. 024 Katra UTTAR PRADESH','DOC_81266',60,'AB+'),('416414','2019-12-02','PAT_1331','Clarine Mcdaniel','8082021705','98332 Joseph Estate Suite 959 Wanlsswadi MAHARASHTRA','DOC_3573',19,'O+'),('124303','2019-08-25','PAT_1334','Gordon Harris','8201292833','36268 Ricky Skyway Sanghi HARYANA','DOC_52149',27,'B-'),('752035','2019-11-28','PAT_1339','Taylor Sharp','8055875865','968 Robles Plains Harichandanpur ORISSA','DOC_31922',46,'A-'),('798612','2019-12-24','PAT_134','Jeffrey Calumag','8419922957','51989 Long Hill Huker NORTH EASTERN','DOC_83779',52,'A-'),('424106','2019-08-22','PAT_1340','Nicholas Sexton','8863857014','4129 Patricia Plaza Khakdesim MAHARASHTRA','DOC_66720',24,'B-'),('516362','2019-10-15','PAT_1345','Paula Yamamoto','8071322774','017 Joshua Rest Nagalapalle ANDHRA PRADESH','DOC_94502',35,'O+'),('843320','2019-08-24','PAT_1346','Michael Frazier','8623902598','512 Myers Loop B. Dharmapur BIHAR','DOC_68511',39,'A-'),('431113','2019-12-20','PAT_1347','Trudy Kirschner','8431731250','24384 Vaughan Lake Apt. 344 Relgaon MAHARASHTRA','DOC_23998',38,'A+'),('263676','2019-09-12','PAT_1348','Albert Morrison','8247443554','0848 Lisa Rue Amdhar UTTARAKHAND','DOC_46783',36,'A-'),('601206','2019-12-18','PAT_135','Peggy Romie','8866046520','38015 Daniel Walks Suite 335 Kilmudalambedu TAMILNADU','DOC_33805',30,'O-'),('712408','2020-02-11','PAT_1352','Eloise Lopez','8799968296','04200 Santiago Prairie Rahimpur WEST BENGAL','DOC_47367',35,'O-'),('516227','2019-09-22','PAT_1353','Susan Kwan','8932280436','7224 Jeffrey Prairie Apt. 097 Chinthalacheruvu ANDHRA PRADESH','DOC_84850',29,'AB-'),('221717','2020-02-14','PAT_1354','James Darcangelo','8858759339','25330 Mark Lights Suite 864 Duhabihra UTTAR PRADESH','DOC_66168',24,'B-'),('635811','2020-01-09','PAT_1356','Shemeka Barrett','8618047222','32561 Sarah Falls Apt. 617 Thuthipattu TAMILNADU','DOC_92083',64,'A-'),('481551','2019-11-14','PAT_1358','Israel Browder','8439519295','3395 Sheila Tunnel Suite 674 Charega R.S. MADHYA PRADESH','DOC_5557',24,'A-'),('535270','2019-08-12','PAT_1361','Richard Watson','8503782460','576 Robin Neck Apt. 426 Kenguva ANDHRA PRADESH','DOC_49904',27,'A+'),('612803','2019-12-30','PAT_1363','Terri Miles','8991984538','58992 Cummings Fields Kilapattu TAMILNADU','DOC_1267',37,'A+'),('587122','2020-02-26','PAT_1366','Lillie Hamilton','8983280261','6750 Levy Square Apt. 955 Muddapur KARNATAKA','DOC_69703',42,'A+'),('306101','2020-02-22','PAT_1368','Brittani Clyne','8245099903','52964 Morrow Roads Dhaneriya RAJASTHAN','DOC_95261',63,'AB+'),('713423','2020-02-25','PAT_1371','Ryan Ryan','8896934153','40313 Vincent Curve Amila WEST BENGAL','DOC_99652',24,'A-'),('307026','2019-12-09','PAT_1372','Eric Wagner','8365248125','9060 Roberts Prairie Apt. 133 Chandela RAJASTHAN','DOC_12057',46,'B-'),('688006','2019-10-06','PAT_1373','Kristi Hall','8766284160','718 Adam Green Komalapuram KERALA','DOC_42273',67,'B+'),('322205','2020-01-19','PAT_1375','Alan Morgan','8012607641','008 Eric Orchard Piloda RAJASTHAN','DOC_49681',48,'A-'),('491226','2020-01-11','PAT_1376','Rosemary Parsons','8514718414','8873 Andrew Turnpike Balod Town CHATTISGARH','DOC_46634',53,'B-'),('509412','2019-12-04','PAT_1377','Robert Buck','8642599907','407 Amanda Brook Suite 057 D.Thirumalapur ANDHRA PRADESH','DOC_73787',60,'O+'),('770018','2019-12-17','PAT_138','Spencer Price','8151765890','693 Walter Rest Khatkurbahal ORISSA','DOC_85709',34,'A+'),('795010','2020-01-26','PAT_1382','Judy Grant','8572880217','4960 Julie Unions Lamlong NORTH EASTERN','DOC_19267',24,'O+'),('344044','2019-11-20','PAT_1386','Todd Greenwood','8854802954','25302 Davis Well Thapan RAJASTHAN','DOC_59154',35,'B+'),('515672','2020-02-20','PAT_1389','Daniel Cook','8810684411','USS Mcneil Mallakalva ANDHRA PRADESH','DOC_13409',20,'B+'),('416520','2019-09-19','PAT_1390','Walter Nicola','8965565629','509 Krystal Corner Terse Bambarde MAHARASHTRA','DOC_1560',50,'B+'),('415002','2019-12-20','PAT_1391','Ben Donovan','8389012815','Unit 4894 Box 2610 Ambadare MAHARASHTRA','DOC_53110',40,'AB-'),('522213','2019-12-01','PAT_1394','Antonio Blanton','8196440210','Unit 9283 Box 8501 Suddapalli ANDHRA PRADESH','DOC_24812',22,'AB-'),('391410','2019-12-25','PAT_1396','Wilmer Velovic','8039480701','98144 Courtney Flats Chapad GUJARAT','DOC_19156',58,'A-'),('795134','2019-08-03','PAT_1398','Scott Haynes','8636780248','204 Garrett Stravenue Apt. 021 Leimram NORTH EASTERN','DOC_98355',29,'B-'),('721658','2019-12-05','PAT_1399','Beverly Schmidt','8823407442','716 Holmes Estates Apt. 805 Dhekua WEST BENGAL','DOC_19267',22,'B+'),('422602','2019-10-26','PAT_140','Joshua Collier','8449147247','PSC 9291, Box 4708 Bota MAHARASHTRA','DOC_46354',35,'B-'),('341319','2019-12-03','PAT_1401','Amy Sturm','8970017250','420 Burke Grove Kharwaliya RAJASTHAN','DOC_63245',26,'B+'),('444204','2019-09-13','PAT_1402','Pablo Arnett','8736025455','27796 Mason Unions Katel Kolad MAHARASHTRA','DOC_20029',44,'AB+'),('506324','2019-10-30','PAT_1405','Magnolia Gallegos','8240114463','489 Dana Grove Apt. 875 Mupparamkalan ANDHRA PRADESH','DOC_95627',32,'O-'),('416207','2019-12-15','PAT_1406','Ana Gilford','8458008871','790 Mary Street Ispurli MAHARASHTRA','DOC_46229',40,'O+'),('815353','2019-08-20','PAT_1408','Clyde Soliz','8016066428','538 Yoder Loaf Apt. 027 Ramchandrapur JHARKHAND','DOC_32348',18,'B+'),('431519','2019-09-07','PAT_1413','Adele Morrow','8461621787','188 Christopher View Suite 998 Pattiwadgaon MAHARASHTRA','DOC_53060',67,'A-'),('415012','2020-02-10','PAT_1416','Leroy Brown','8996233820','49059 Rasmussen Expressway Apt. 820 Alewadi MAHARASHTRA','DOC_60838',53,'AB+'),('403718','2019-12-26','PAT_1418','Vince Magoun','8333964651','3964 Thomas Oval Loutolim MAHARASHTRA','DOC_22415',38,'AB-'),('522213','2019-11-18','PAT_142','Kelly Latch','8738011308','4512 Fernando Spring Vejendla ANDHRA PRADESH','DOC_49996',32,'B-'),('456771','2019-09-28','PAT_1420','James Pool','8339260074','Unit 1300 Box 0840 Peerjhalar MADHYA PRADESH','DOC_65293',35,'O-'),('515402','2020-02-07','PAT_1422','Joseph Dwyer','8861717032','95517 Jennifer Camp Suite 968 Bethapalli ANDHRA PRADESH','DOC_43517',68,'AB+'),('466001','2020-02-05','PAT_1424','Mark Sarkis','8083112575','810 Donna Bridge Apt. 705 Mungavli MADHYA PRADESH','DOC_61774',21,'B+'),('834009','2019-09-23','PAT_1426','Robert Fisher','8123775762','19416 Rivera Unions Ranchi Medical College JHARKHAND','DOC_31115',29,'O+'),('517599','2019-11-27','PAT_143','Kelly Cardenas','8860374935','1920 Greene Center Apt. 607 Deenabandupuram ANDHRA PRADESH','DOC_12057',36,'O-'),('501143','2020-01-31','PAT_1430','Virginia Turner','8811569992','03450 Anderson Lock Apt. 378 Navalga ANDHRA PRADESH','DOC_2453',42,'A-'),('731123','2020-02-21','PAT_1432','Edna Wang','8982918666','0730 Robin Streets Suite 188 Balijuri WEST BENGAL','DOC_5070',24,'A+'),('627852','2019-12-20','PAT_1433','Bruce Ransom','8872127787','00697 Moore View Agarakattu TAMILNADU','DOC_27851',51,'B-'),('151203','2019-12-24','PAT_1434','Elizabeth Harmon','8247343610','315 Sarah Knoll Golewala PUNJAB','DOC_49925',54,'O-'),('481551','2019-09-01','PAT_1437','Caroline Martinez','8838624471','35597 Nguyen Pine Apt. 960 Kochewada MADHYA PRADESH','DOC_53250',19,'AB-'),('143108','2019-11-09','PAT_1438','James Schardein','8136186415','3875 Nicole Mission Apt. 148 Assarapur PUNJAB','DOC_49046',49,'B-'),('313332','2019-11-06','PAT_1442','Phillip Evener','8186220250','PSC 1635, Box 7099 Charbhuja Road RAJASTHAN','DOC_57496',48,'O-'),('627854','2020-02-16','PAT_1446','Joseph Gatewood','8797483123','015 Kathryn Estate Suite 738 Kidanganeri TAMILNADU','DOC_43768',27,'A-'),('276304','2019-12-31','PAT_1447','Patricia Queen','8474226486','314 Stevens Stream Apt. 557 Phool Pur UTTAR PRADESH','DOC_5680',41,'AB-'),('844505','2019-10-11','PAT_1451','Vanessa Patterson','8278153111','6993 Wells Bridge Apt. 980 Bhathahi BIHAR','DOC_47494',43,'O-'),('507164','2019-12-23','PAT_1452','Curtis Odonell','8612416208','54909 Traci Gardens Suite 170 Kandukur ANDHRA PRADESH','DOC_28635',67,'A-'),('326520','2019-12-09','PAT_1453','Traci Rice','8100504980','1038 Weaver Crossing Suite 008 Barodia Kalan RAJASTHAN','DOC_73413',51,'B+'),('504104','2020-02-28','PAT_1454','Martha Johnson','8247693575','82032 Jennifer Extensions Suite 614 New Pipri ANDHRA PRADESH','DOC_40399',23,'O-'),('394115','2019-09-16','PAT_1464','Steven Cason','8201114652','3006 Kyle Fall Apt. 723 Kharod GUJARAT','DOC_31922',57,'B+'),('416604','2020-02-13','PAT_1467','Mary Jackson','8048154938','USNS Jordan Katta MAHARASHTRA','DOC_59958',58,'A-'),('415523','2019-10-24','PAT_1468','Rose Baker','8630803470','891 Lauren Courts Somanthali MAHARASHTRA','DOC_79155',23,'A-'),('782103','2019-08-27','PAT_147','David Falcon','8367423271','4792 Ryan Divide Apt. 372 Khaplangkuchi ASSAM','DOC_78658',46,'O+'),('841405','2019-10-01','PAT_1470','Tracey Maguire','8263563384','5390 Reyes Junction Apt. 182 Lohijara BIHAR','DOC_56418',42,'A+'),('783331','2020-02-18','PAT_1472','Karina Adams','8503798382','9116 James Mission Apt. 400 Tiamari ASSAM','DOC_97094',53,'B+'),('392160','2020-02-01','PAT_1473','Belinda Pyon','8876697049','28231 Robertson Rest Suite 903 Vansi GUJARAT','DOC_71986',36,'A-'),('283105','2019-09-10','PAT_1478','Devin Ware','8024610478','58858 Deborah Meadow Suite 976 Pathauli UTTAR PRADESH','DOC_98539',59,'B+'),('601102','2019-08-02','PAT_148','Brian Twigg','8769962677','1870 Jason Radial Apt. 424 Majankaranai TAMILNADU','DOC_44170',32,'A-'),('752061','2019-12-28','PAT_1480','Carol Holt','8778889353','67318 Oscar Square Suite 182 Gediapalli ORISSA','DOC_68094',62,'B+'),('506391','2019-12-07','PAT_1483','Matthew Roberts','8232063448','1107 Collier Vista Apt. 566 Varikol ANDHRA PRADESH','DOC_31445',22,'AB+'),('788817','2019-11-11','PAT_1488','Felica Manning','8020700458','653 Hayley Mall Suite 835 Dinanathpur ASSAM','DOC_30018',33,'AB-'),('505122','2019-10-13','PAT_149','Joe Brown','8388512432','223 Rios Road Suite 767 Dharmaram ANDHRA PRADESH','DOC_28767',37,'B+'),('182101','2020-02-05','PAT_1492','Royce Nowak','8228667717','PSC 1410, Box 6610 Jakhani JAMMUKASHMIR','DOC_52408',52,'A-'),('713363','2019-10-06','PAT_1493','Alberto Bright','8188277601','8235 Christine Streets Suite 617 Khandra WEST BENGAL','DOC_68117',56,'A-'),('122002','2019-08-29','PAT_1494','Rachael Warren','8788579595','1843 Farrell Streets Suite 229 Nathupur HARYANA','DOC_75156',22,'AB-'),('393110','2019-12-02','PAT_1495','Jan Richardson','8372688772','402 Amanda Port Apt. 996 Siyali GUJARAT','DOC_18290',40,'B+'),('824210','2019-08-02','PAT_1496','Edward Coy','8921831323','9230 Douglas Course Kothi BIHAR','DOC_2820',64,'O-'),('385310','2019-09-07','PAT_1497','Lang Acosta','8252213460','PSC 5326, Box 6557 Duva GUJARAT','DOC_24689',51,'A+'),('676509','2019-12-18','PAT_1505','Samuel Smith','8374296942','1424 Howe Row Anakkayam KERALA','DOC_55999',44,'B-'),('626129','2019-09-17','PAT_1507','Ashley Mcfadden','8484993002','4125 Silva Trafficway Suite 941 Karendal TAMILNADU','DOC_13200',50,'A+'),('733124','2019-10-14','PAT_1508','Sheena Beaver','8824275848','322 Woods Turnpike Madnabati WEST BENGAL','DOC_70857',57,'B-'),('385350','2019-11-02','PAT_1510','George Sommer','8620931852','24192 Thornton Underpass Suite 323 Santalpur GUJARAT','DOC_7578',39,'B-'),('679523','2019-10-17','PAT_1512','Tiffany Kohler','8685688127','PSC 3670, Box 4141 Mannanur KERALA','DOC_61477',23,'O-'),('142050','2019-10-19','PAT_1514','Sonya Steele','8237552855','PSC 1409, Box 0858 Pandori Khatrian PUNJAB','DOC_69498',62,'AB+'),('391105','2019-11-21','PAT_1517','Gina Beecher','8061227300','387 Benjamin Valleys Sagwa GUJARAT','DOC_87833',31,'A+'),('322219','2019-11-16','PAT_1518','Max Dawson','8842293757','776 Kelly Hollow Seva RAJASTHAN','DOC_34770',62,'AB+'),('516175','2019-08-18','PAT_1523','Susan Mcintosh','8509090061','99764 Lee Circles Suite 770 Madirepalle ANDHRA PRADESH','DOC_1873',56,'B+'),('571320','2019-12-03','PAT_1527','Rudolph Carson','8542011361','33224 Hull Circles Cowdalli KARNATAKA','DOC_49709',60,'B-'),('144302','2019-09-14','PAT_1528','Scott Wheeler','8982378190','045 Hernandez Views Suite 793 Kishanpur PUNJAB','DOC_23915',54,'O+'),('811107','2020-01-09','PAT_1529','David Gutierrez','8694449842','03365 Kimberly Trail Apt. 956 Dih Kushumbha BIHAR','DOC_76319',40,'B+'),('515871','2019-10-01','PAT_153','Raymond Hayward','8801600996','35793 Ruiz Road Kuruvalli ANDHRA PRADESH','DOC_99631',23,'A-'),('305008','2020-02-19','PAT_1530','Robert Mitchell','8187891917','5044 Scott Groves Apt. 645 Nagra Ajmer RAJASTHAN','DOC_72839',20,'B+'),('764043','2020-01-07','PAT_1532','William Mowers','8269017732','PSC 1064, Box 7443 Somnathpur ORISSA','DOC_77747',43,'AB+'),('311603','2019-08-02','PAT_1534','Nancy Miron','8957583339','USNS Arellano Dantra RAJASTHAN','DOC_18769',18,'AB+'),('246734','2020-02-10','PAT_1535','Michael Freeman','8532542907','118 Davis Haven Suite 949 Aheerpura UTTAR PRADESH','DOC_28772',19,'O+'),('853203','2019-10-03','PAT_1536','Isabel Hampton','8476313168','2549 Taylor Island Apt. 943 Raipur BIHAR','DOC_50359',63,'O+'),('506332','2020-02-17','PAT_1538','Patricia Sizemore','8248454483','3270 Andrew Cliffs Apt. 657 Gundenga ANDHRA PRADESH','DOC_20341',56,'AB-'),('509153','2019-09-14','PAT_1542','Gloria Lynch','8816246828','448 Lori Fields Linganvai ANDHRA PRADESH','DOC_12684',60,'A+'),('221508','2020-01-08','PAT_1545','George Brandi','8205591574','08335 Debra Mews Apt. 105 Sikikhurda UTTAR PRADESH','DOC_14144',53,'A+'),('517425','2019-08-22','PAT_1546','Deborah Castro','8927407919','019 Williams Lock Apt. 748 Cheekunatham ANDHRA PRADESH','DOC_85827',31,'O-'),('311401','2019-11-22','PAT_1554','Mary Therrien','8210195915','USNV Reese Sangriya RAJASTHAN','DOC_24482',52,'A+'),('193502','2019-09-30','PAT_1559','Robert Machen','8244300054','41320 Reyes Falls Onagam JAMMUKASHMIR','DOC_11065',48,'O+'),('504310','2020-02-21','PAT_1560','Rick Zimmerman','8945473836','5394 Michele Spurs Kamalkot ANDHRA PRADESH','DOC_37192',40,'A-'),('283124','2020-02-27','PAT_1563','James Fritz','8733462171','95693 Monica Forks Apt. 977 Hironda UTTAR PRADESH','DOC_72524',47,'O-'),('577524','2020-01-21','PAT_1565','Tammy Leal','8763824580','54277 Alexandra Trail Dandinakurubarahatti KARNATAKA','DOC_20102',46,'O-'),('210205','2019-10-23','PAT_1566','William Brooks','8860027073','57933 Elizabeth Hills Apt. 100 Raipura UTTAR PRADESH','DOC_5082',23,'O-'),('495117','2019-10-05','PAT_1570','Peter Alexander','8605113146','6628 Aguilar Corner Jogisar CHATTISGARH','DOC_76343',20,'O-'),('606204','2019-09-15','PAT_1572','Marla Slowinski','8782454055','727 Rios Extensions Suite 821 Iriyur TAMILNADU','DOC_97849',33,'AB-'),('505530','2020-01-13','PAT_1573','Timothy Tippin','8015744087','304 Johnson Radial Galipalli ANDHRA PRADESH','DOC_95734',63,'A+'),('431103','2019-10-24','PAT_1578','Melvin Dever','8427334980','42832 Jennifer Meadows Aurala MAHARASHTRA','DOC_78800',65,'B+'),('786003','2019-08-12','PAT_158','Antonio Root','8540897060','90700 Ingram Skyway Central Revenue Building ASSAM','DOC_45298',32,'B+'),('210121','2019-08-25','PAT_1584','Kenneth Gutierrez','8789617277','843 Gutierrez Run Apt. 633 Majhila UTTAR PRADESH','DOC_8046',43,'O+'),('243003','2020-01-22','PAT_1589','Carol Shaw','8176051168','05929 Tanner Brook Suite 306 Surkha UTTAR PRADESH','DOC_67547',57,'A+'),('621002','2020-01-17','PAT_1591','Ashley Cole','8569455864','412 Philip Prairie Apt. 562 Sorathur TAMILNADU','DOC_80129',22,'O+'),('334202','2019-10-06','PAT_1601','Bryan Smith','8249470142','0829 Anne Village Suite 512 Kuchor Athuni RAJASTHAN','DOC_56875',61,'B+'),('689571','2020-02-03','PAT_1602','Pamela Livingston','8703511532','7769 Price Fall Apt. 173 Neerattupuram KERALA','DOC_61160',49,'A+'),('673572','2019-10-12','PAT_1605','Raul Evers','8394901233','781 Tina Common Apt. 032 Elettil KERALA','DOC_13200',40,'A+'),('792056','2019-11-24','PAT_1607','Kristen Lawson','8675564076','722 Lynch Key Bordumsa NORTH EASTERN','DOC_13879',66,'O+'),('770033','2019-12-09','PAT_1608','Robert Needham','8545437462','5215 Nicholas Squares Tarkera ORISSA','DOC_84844',19,'O+'),('766105','2019-08-24','PAT_1609','Jennifer Vaughan','8487658879','8957 Bob Circles Suite 748 Dharambandha ORISSA','DOC_83085',57,'O+'),('480667','2020-02-14','PAT_1619','Brad Stooks','8384417849','7917 Maria Passage Nandora MADHYA PRADESH','DOC_29969',38,'O+'),('585330','2019-09-20','PAT_1621','Etta Brookins','8610841188','095 Erin Drive Kallur KARNATAKA','DOC_59958',57,'A-'),('306901','2019-11-13','PAT_1626','Shawn Pierce','8519377624','881 Smith Divide Suite 529 Bharunda RAJASTHAN','DOC_64791',43,'O+'),('243303','2019-11-12','PAT_1627','Cody Stec','8437132202','PSC 3483, Box 8824 Gurgaon UTTAR PRADESH','DOC_22412',52,'A-'),('509204','2019-10-11','PAT_163','Brian Conley','8498647776','1445 Stuart Village Suite 685 Gaddegudem ANDHRA PRADESH','DOC_63714',68,'O-'),('425301','2020-01-06','PAT_1633','Kimberly Henry','8960173257','PSC 0023, Box 3999 Yawal MAHARASHTRA','DOC_50667',56,'O-'),('301022','2020-01-11','PAT_1636','April Chisum','8368628354','61276 Steele Stream Seelibaori RAJASTHAN','DOC_62544',50,'O-'),('787035','2019-08-12','PAT_1637','Shawn Ramirez','8617931305','05435 Charles Wall Suite 604 Mingmang ASSAM','DOC_23814',22,'B+'),('783349','2019-08-10','PAT_1639','Jeffrey Hernandez','8576138264','Unit 6719 Box 6986 Bondihana ASSAM','DOC_98539',67,'AB+'),('210123','2020-01-21','PAT_1642','Jerry Richardson','8459188416','5274 Amy Stravenue Piprahari UTTAR PRADESH','DOC_19794',42,'AB-'),('125075','2019-09-27','PAT_1643','Anthony Schofield','8164304101','PSC 2255, Box 5436 Bharolianwali HARYANA','DOC_7569',21,'A+'),('641654','2019-08-03','PAT_1644','John Harwood','8814507702','9306 Jensen Estate Suite 201 Thulukkamuthur TAMILNADU','DOC_24722',32,'B+'),('606401','2020-01-09','PAT_1645','Mark Painter','8012846229','PSC 2375, Box 9165 Pootai TAMILNADU','DOC_46186',69,'AB-'),('587121','2019-10-29','PAT_1646','Antonia Johnson','8637078016','88132 Shepard Cliffs Budni KARNATAKA','DOC_88143',55,'O-'),('271210','2019-11-06','PAT_1648','Brian Zecca','8941462419','Unit 0359 Box 0989 Sonpur UTTAR PRADESH','DOC_51210',40,'AB-'),('271201','2019-09-02','PAT_1651','Joey Jemison','8417493268','USCGC Campbell Deoria UTTAR PRADESH','DOC_99647',20,'O-'),('581450','2019-08-31','PAT_1652','Jonathan Bronson','8221146239','10718 Matthew Mill Apt. 951 Herur KARNATAKA','DOC_5214',69,'O-'),('700001','2019-12-26','PAT_1661','Rickey Dunn','8043033471','5550 Colon Parkway Suite 324 R.N. Mukherjee Road WEST BENGAL','DOC_7028',48,'B-'),('736157','2019-12-25','PAT_1662','Angela Bradberry','8118295241','3410 Lindsay Inlet Akrarhat Bandar WEST BENGAL','DOC_68774',34,'O+'),('781301','2019-10-26','PAT_1664','Charles Lynch','8727168066','15329 Cruz Extension Barpeta Bazar ASSAM','DOC_17727',28,'O-'),('413108','2019-09-24','PAT_1667','Eugene Sloan','8345750422','2007 Ritter Neck Suite 738 Malinagar MAHARASHTRA','DOC_79631',31,'B+'),('786183','2019-08-25','PAT_1678','Donna Dietrick','8805392286','236 Hansen Tunnel Barchapri ASSAM','DOC_97186',47,'AB+'),('828303','2019-08-20','PAT_1684','Hubert Bennett','8357571140','Unit 4575 Box 9306 Bhojudih JHARKHAND','DOC_23764',70,'AB-'),('311605','2020-02-05','PAT_1690','James Morrison','8653254784','55326 Garcia Terrace Suite 721 Amalda RAJASTHAN','DOC_52515',40,'O-'),('415409','2020-02-11','PAT_1694','Elenor Daugherty','8321214863','12506 Hendrix Rue Apt. 691 Aitawade Khurd MAHARASHTRA','DOC_92170',25,'AB-'),('313804','2019-12-01','PAT_1696','Ollie Mason','8321076596','850 Mullins Rapids Kanbai RAJASTHAN','DOC_36947',40,'O+'),('425307','2019-09-07','PAT_1698','Janis Nunez','8292145211','4477 Cox Route Suite 402 Deepnagar MAHARASHTRA','DOC_17868',24,'O+'),('364005','2020-02-24','PAT_170','Heather Suarez','8274973476','92149 Hall Shoal Apt. 820 Concret Jetty GUJARAT','DOC_68754',34,'O-'),('516126','2019-09-14','PAT_1707','Charles Pointer','8510594383','4421 Sara Underpass Karampalli ANDHRA PRADESH','DOC_11507',64,'A-'),('248196','2019-11-14','PAT_1709','Karen Frankum','8860616769','52874 Jason Manors Maletha UTTARAKHAND','DOC_30146',70,'B-'),('387810','2019-08-10','PAT_171','Bob Brownfield','8002074870','9495 Perry Prairie Rampur GUJARAT','DOC_89933',56,'O-'),('587201','2019-08-01','PAT_1711','Ronald Elwood','8265567527','0918 Veronica Viaduct Apt. 390 Chikmuchalgudda KARNATAKA','DOC_14815',63,'AB+'),('505462','2019-11-03','PAT_1712','Brenton Milton','8212783916','548 Martinez Manors Sirikonda ANDHRA PRADESH','DOC_94864',25,'AB+'),('841219','2020-02-20','PAT_1714','Lloyd Carder','8832677082','87697 Hannah Vista Apt. 360 B.T.Kohra BIHAR','DOC_46498',61,'AB-'),('574107','2020-01-11','PAT_1715','David Sigg','8887129767','PSC 3762, Box 0114 Borkatte KARNATAKA','DOC_41918',48,'O+'),('441212','2019-12-29','PAT_1718','Guadalupe Desrosiers','8901699288','0361 Michael Harbors Pedgaon MAHARASHTRA','DOC_92681',56,'B-'),('394130','2020-01-04','PAT_172','Henry Gonzalez','8518409425','USCGC Blanchard Sayan GUJARAT','DOC_2323',45,'O-'),('444104','2020-01-27','PAT_1722','Carolyn Johnson','8112013099','8504 Lopez Junctions Apt. 819 Midc Shivar MAHARASHTRA','DOC_89215',46,'A-'),('391244','2020-01-30','PAT_1723','Elizabeth Knight','8657711756','30742 Flowers Highway Bharthana GUJARAT','DOC_98539',66,'A+'),('711302','2019-11-06','PAT_1724','Susan Williams','8589979222','695 Taylor Summit Suite 038 Andul -mouri WEST BENGAL','DOC_91863',23,'B-'),('125077','2019-10-01','PAT_1731','Benjamin Martin','8160418613','60607 Reginald Burgs Panjuana HARYANA','DOC_20522',21,'AB+'),('382765','2019-08-29','PAT_1734','Paul Ford','8240961169','7697 Bennett Ports Upariyala GUJARAT','DOC_73249',35,'A-'),('246487','2019-12-02','PAT_1741','Sherry Mick','8047385057','16458 Meredith Glens Suite 083 Malai UTTARAKHAND','DOC_29703',41,'A-'),('442201','2019-12-16','PAT_1742','Lana Bishop','8409227581','79771 Justin Drive Suite 058 Pardi MAHARASHTRA','DOC_27278',40,'O+'),('689109','2019-12-19','PAT_1746','Ira Gilliam','8798356541','Unit 2263 Box 5537 Tiruvanvandur KERALA','DOC_79667',54,'O+'),('782446','2019-12-28','PAT_1748','Jerry Collier','8156173568','799 Kenneth Brooks Sankarpur ASSAM','DOC_74217',19,'AB+'),('518468','2020-01-12','PAT_1749','Carol Aplin','8047042412','88713 Samantha Rapids Pendekallu Bus Stand ANDHRA PRADESH','DOC_8810',52,'A-'),('431207','2019-09-11','PAT_175','Amy Gibson','8907658736','929 Jason Crest Ranjani MAHARASHTRA','DOC_54313',52,'B-'),('143504','2019-12-21','PAT_1756','Henry Fugate','8642678026','66616 Kirk Dam Kotli Dhole Shah PUNJAB','DOC_38961',44,'A+'),('334021','2019-08-22','PAT_1757','Timothy Bliler','8692535322','92938 Shawn Harbors Suite 450 Takhatpura RAJASTHAN','DOC_24722',33,'O+'),('583123','2019-08-09','PAT_1758','Adrian Garcia','8236351486','102 Smith Shore Suite 552 Talur KARNATAKA','DOC_85826',31,'AB-'),('627002','2019-08-14','PAT_176','Florence Welch','8318480811','816 Jesse Flat Apt. 323 Samadanapuram TAMILNADU','DOC_1077',41,'A+'),('767041','2019-08-28','PAT_1762','Emily Talbot','8412694297','42140 Jacob Trail Ulba ORISSA','DOC_54630',29,'AB-'),('202133','2020-01-07','PAT_1763','Patricia Hernandez','8860026590','6775 Kelly Track Dinapur UTTAR PRADESH','DOC_76964',18,'AB+'),('604407','2019-10-08','PAT_1765','Mary Horwath','8324310705','0832 Jennifer Mountain Apt. 286 Pappanthangal TAMILNADU','DOC_9354',69,'O+'),('391125','2019-09-27','PAT_1768','Muriel Richardson','8025602837','23537 Phillips Junctions Apt. 862 Navapura GUJARAT','DOC_79538',66,'B+'),('516228','2020-02-09','PAT_1769','Beverly Madeiros','8777489245','3361 Jerry Place Suite 986 B . Kodur ANDHRA PRADESH','DOC_15645',35,'A+'),('756123','2019-11-15','PAT_1776','Esther Bell','8494158304','Unit 7958 Box 3182 Sabrang ORISSA','DOC_20251',25,'B+'),('516217','2019-12-30','PAT_1777','Jean Gumina','8088865450','7964 Grant Camp Ganganapalli ANDHRA PRADESH','DOC_53282',41,'O-'),('713371','2019-10-01','PAT_1778','Jennifer Bock','8257738160','7136 Nelson Unions Suite 408 Patmohana WEST BENGAL','DOC_58423',26,'B+'),('841405','2019-09-13','PAT_1782','Myra Williams','8205004214','98158 Heather Prairie B.A.Sonbarsa BIHAR','DOC_92532',57,'A+'),('249180','2019-08-08','PAT_1783','Kimberly Catalano','8845403922','35469 Douglas Hill Bhalkatal UTTARAKHAND','DOC_46422',45,'A-'),('560087','2020-02-26','PAT_1784','Shawn Devore','8700230886','PSC 4480, Box 4935 Vartur KARNATAKA','DOC_44170',29,'A+'),('423701','2020-01-15','PAT_1787','Martina Icardo','8897411420','04536 Melissa Wall Apt. 559 Chorwaghalgaon MAHARASHTRA','DOC_10890',22,'A+'),('572223','2019-11-20','PAT_179','James Archibald','8888843035','50071 Jordan Rapid Apt. 249 Hadalagere KARNATAKA','DOC_4184',56,'B+'),('505467','2020-02-24','PAT_1790','Leona Cramer','8674483810','79128 Farrell Orchard Chigurumamidi ANDHRA PRADESH','DOC_85826',47,'A-'),('695028','2020-02-11','PAT_1792','Venessa Smith','8128851877','1638 Lopez Place Pandalacode KERALA','DOC_34026',42,'AB-'),('470113','2019-08-25','PAT_1795','Lynn Garrette','8070722078','79217 Lisa Spurs Bina Bazaria MADHYA PRADESH','DOC_70148',43,'O-'),('759148','2019-11-30','PAT_1797','John Thomas','8344813295','17835 Knox Loaf Nehru Satabdi Nagar(Bharatpu)r ORISSA','DOC_24811',35,'B+'),('768039','2019-10-15','PAT_1798','Ruth Taylor','8387959584','01209 Chris Corner Mithapali ORISSA','DOC_38851',20,'A-'),('391140','2019-11-29','PAT_180','Hazel White','8138956083','34133 Bartlett Street Vasna GUJARAT','DOC_69187',54,'B+'),('606111','2019-11-06','PAT_1804','Henrietta Andersen','8638647322','176 Trevor Fort Suite 082 Kothattai TAMILNADU','DOC_52275',37,'AB+'),('456771','2020-02-26','PAT_1806','Patty Mack','8254331830','Unit 0759 Box 6311 Peerjhalar MADHYA PRADESH','DOC_83170',65,'AB+'),('813207','2020-01-08','PAT_1808','Mark Smith','8970736962','53328 Jones Track Apt. 142 Karanjha BIHAR','DOC_7569',37,'B-'),('445203','2019-10-06','PAT_1814','Max Barr','8978042836','4313 Roberts Green Singad MAHARASHTRA','DOC_85497',38,'A+'),('494222','2020-01-12','PAT_1819','Sharon Campion','8556134435','159 Amanda Expressway Pahurbel CHATTISGARH','DOC_25335',61,'B+'),('833104','2020-02-20','PAT_1826','Sonya Salinas','8714538049','81225 Price Crescent Suite 879 Patherbasa JHARKHAND','DOC_89940',52,'O-'),('752114','2019-08-24','PAT_1827','Paris Geary','8223029580','608 Ball Passage Ratilo ORISSA','DOC_20631',38,'AB-'),('581314','2019-10-10','PAT_1828','Arturo Aucoin','8141888967','48035 Abigail Prairie Algeri KARNATAKA','DOC_73413',55,'A+'),('484881','2019-12-02','PAT_1829','Vicki Heidrick','8954089373','62281 Rachel Heights Benibari MADHYA PRADESH','DOC_65588',30,'O+'),('793114','2019-11-09','PAT_1831','Mae Lewis','8524098404','04319 Sandy Valley Phudjaud NORTH EASTERN','DOC_31806',54,'AB+'),('713172','2019-11-18','PAT_1832','Paul Labadie','8547713805','68490 Paul Plain Apt. 201 Trilokchandpur WEST BENGAL','DOC_94458',43,'O-'),('144410','2019-10-17','PAT_1834','Carolyn Betancourt','8635487142','7861 Nguyen Tunnel Apt. 629 Haripur Khalsa PUNJAB','DOC_58461',67,'B-'),('271204','2019-09-17','PAT_1836','Ora West','8380712329','4631 Heather Extension Apt. 603 Bhatpurwa UTTAR PRADESH','DOC_20408',58,'B-'),('507306','2019-11-08','PAT_1839','Myron Oneill','8274083544','42050 Weaver Center Dammapeta ANDHRA PRADESH','DOC_27897',58,'AB+'),('628902','2019-11-15','PAT_1842','Howard Yanchik','8712251282','2861 Sanchez Shores Chinnamalaikundru TAMILNADU','DOC_23102',35,'O+'),('515867','2019-12-17','PAT_1844','Donnie Moore','8730345525','068 Kyle Overpass B.N.Halli ANDHRA PRADESH','DOC_77861',39,'AB+'),('504313','2020-01-26','PAT_1845','Estelle Holder','8927886595','49817 Wood Motorway Shettihadapnur ANDHRA PRADESH','DOC_26115',29,'AB+'),('509409','2019-10-04','PAT_1848','Araceli Waddell','8465042123','68336 Daniel Fords P.C.Kunta ANDHRA PRADESH','DOC_65334',29,'O-'),('534341','2019-11-20','PAT_185','Vicki Moreland','8981888827','8261 Cannon Fields Annadevarapeta ANDHRA PRADESH','DOC_9996',63,'A-'),('632512','2019-11-12','PAT_1850','Susan Eychaner','8733216839','29379 Summers Curve Mullandrum TAMILNADU','DOC_41918',45,'AB+'),('605107','2019-09-24','PAT_1851','Constance Blount','8693609524','USNV Morris Puranasingupalayam TAMILNADU','DOC_73442',42,'A-'),('391761','2019-10-17','PAT_1853','Samuel Spencer','8492245567','10306 Ryan Loaf Suite 560 Rustampura GUJARAT','DOC_56068',56,'AB-'),('626108','2019-10-01','PAT_1858','Chad Petrin','8509771615','5835 Victoria Mountain Apt. 748 Kumarasamy Raja Nagar TAMILNADU','DOC_36405',59,'AB+'),('845412','2020-02-09','PAT_1869','Jeremy Evans','8869216962','1988 Burgess Rapids Pakari Dixit BIHAR','DOC_66664',55,'AB-'),('322026','2019-10-15','PAT_1870','Sarah Herrera','8324445730','7273 Jamie Knoll Chitara RAJASTHAN','DOC_39294',48,'O-'),('515812','2019-12-19','PAT_1877','Inez Pekarek','8935507164','7097 Linda Street Shaikshanipalli ANDHRA PRADESH','DOC_65050',23,'AB+'),('421401','2019-08-24','PAT_1885','Charles Lamarche','8355490581','37662 Campbell Locks Mhasa MAHARASHTRA','DOC_69308',35,'AB+'),('621022','2019-12-02','PAT_1886','Erica Mader','8981672785','642 Stephen Forest Okkarai TAMILNADU','DOC_66958',63,'A+'),('470663','2020-02-11','PAT_1888','Adelaide Munoz','8832793285','USS Hernandez Mojipura MADHYA PRADESH','DOC_76964',47,'B+'),('495668','2019-11-01','PAT_1890','Margaret Scales','8480756484','Unit 8872 Box 6785 Seoni CHATTISGARH','DOC_26144',62,'B-'),('577137','2020-01-29','PAT_1891','Mark Frese','8421930120','923 Earl Shoal Apt. 461 Togarihanakal KARNATAKA','DOC_94954',69,'A-'),('802222','2019-08-29','PAT_1894','Victoria Puga','8210576478','88445 Alison Ports Khutahan BIHAR','DOC_2270',39,'B+'),('274703','2019-12-01','PAT_1898','Sarah Tarin','8294718945','86524 Frank Village Apt. 192 Hata UTTAR PRADESH','DOC_38851',30,'A-'),('712410','2020-02-04','PAT_1899','Chase Bohman','8304976281','48488 Noah Track Suite 880 Amarpur WEST BENGAL','DOC_42999',66,'AB+'),('246701','2019-10-17','PAT_1900','Dustin Reeves','8776144548','51083 Murray Spur Apt. 942 Uledha UTTAR PRADESH','DOC_96755',64,'AB+'),('144527','2019-08-04','PAT_1903','Flossie Garland','8715212501','73892 David Roads Denowal Klan PUNJAB','DOC_21778',69,'B+'),('125120','2020-02-08','PAT_1905','Dana Hernandez','8722573529','7152 Karen Point Suite 237 Lalauda HARYANA','DOC_66635',24,'AB+'),('577227','2019-11-16','PAT_1907','Bernice Davis','8053863320','307 Estrada Unions Pillanagere KARNATAKA','DOC_7578',21,'B+'),('414113','2019-12-28','PAT_1912','Perry Yang','8124949851','8596 Key Vista Yeli MAHARASHTRA','DOC_29008',22,'B+'),('515672','2020-01-27','PAT_1913','David Brock','8009569791','031 Spencer Union Subbaraopeta ANDHRA PRADESH','DOC_66168',37,'O+'),('515445','2020-02-07','PAT_1918','Susie Anglen','8381193394','601 Michael River Arakatavemula ANDHRA PRADESH','DOC_12821',69,'B+'),('824236','2019-11-17','PAT_192','Ida Mulligan','8901230002','56128 Banks Overpass Apt. 713 Malheya BIHAR','DOC_7369',21,'A-'),('415507','2019-12-28','PAT_1922','Todd Maestas','8280218490','640 Sullivan Station Yenkul MAHARASHTRA','DOC_1821',69,'A-'),('502290','2019-08-28','PAT_1924','Ruth Mirabal','8685805935','531 Ruben Avenue Regode ANDHRA PRADESH','DOC_99400',28,'AB+'),('781350','2020-02-11','PAT_1925','Bryan Chabot','8144253467','68915 Harrison Gardens Suite 284 Chatama ASSAM','DOC_97846',57,'B-'),('794110','2020-02-11','PAT_1927','Susan Jones','8278697001','761 Jeremy Forge Gambil NORTH EASTERN','DOC_33265',39,'AB-'),('852111','2020-01-07','PAT_1932','Austin Kittredge','8999519548','929 Tammy Highway Narainpur BIHAR','DOC_48702',32,'O+'),('416002','2019-11-05','PAT_1933','Dorothy Wright','8164687481','908 Lambert Hollow Apt. 756 Bhendegalli MAHARASHTRA','DOC_13242',55,'B+'),('534350','2019-12-24','PAT_1935','Melita Baker','8001093244','88799 Gray Lock Suite 804 Kapavaram ANDHRA PRADESH','DOC_7779',57,'O+'),('632501','2019-09-04','PAT_1936','Robert Greene','8571132529','13421 Carrillo Mountain Periasengadu TAMILNADU','DOC_98355',55,'AB+'),('495004','2019-11-25','PAT_1937','Jesse Colantuono','8603440940','7825 Linda Summit Apt. 679 Bilaspur R.S. CHATTISGARH','DOC_8757',32,'O-'),('587206','2019-09-18','PAT_1939','Yvette Jimmerson','8596428784','0389 Hernandez Spurs Haligeri KARNATAKA','DOC_89215',35,'A-'),('394305','2019-09-11','PAT_1948','Teresa Decelle','8366725932','PSC 2686, Box 3235 Tatithaiya GUJARAT','DOC_89917',46,'B-'),('416707','2019-08-17','PAT_1949','Hannah Martinez','8656265920','60409 Christina Run Kasheli MAHARASHTRA','DOC_49838',52,'O+'),('515741','2019-12-03','PAT_1951','Stephanie Dorey','8030134271','264 Jackson Mountains Suite 440 Yerragudi ANDHRA PRADESH','DOC_56720',35,'B-'),('306301','2019-12-09','PAT_1954','Sally Wood','8764182419','340 Evans Mountain Lambiya RAJASTHAN','DOC_46422',51,'O-'),('533448','2020-02-03','PAT_1956','Jeanette Aman','8420821301','895 David Glen Apt. 550 Amaravalli ANDHRA PRADESH','DOC_4374',26,'O+'),('412803','2019-12-01','PAT_1959','James Wireman','8755447192','187 Joseph Views Shirgaon MAHARASHTRA','DOC_36257',48,'B-'),('534003','2020-01-25','PAT_196','Elton Grace','8232421082','881 Ashley Road Westren Street ANDHRA PRADESH','DOC_45931',44,'B-'),('621705','2020-01-03','PAT_1960','Florence Buffey','8669420290','6560 Martin Trace Suite 650 Lingathadimedu TAMILNADU','DOC_64791',56,'O+'),('143415','2019-08-14','PAT_1962','Sandra Wellenstein','8943219806','419 Robert River Shahbazpra PUNJAB','DOC_86896',32,'A-'),('443201','2019-12-29','PAT_1963','Shelley Herron','8158183376','075 Pittman Mount Palaskhed Daulat MAHARASHTRA','DOC_49838',64,'A+'),('515870','2020-02-24','PAT_1964','Rob Isaacson','8306755824','2617 Scott Harbors Suite 175 Palthur ANDHRA PRADESH','DOC_46422',47,'B-'),('756042','2019-08-16','PAT_1969','Grady Lewis','8022768781','2714 Wallace Squares Suite 103 Gandasthapur ORISSA','DOC_22254',28,'B-'),('243632','2019-10-04','PAT_197','John Pedersen','8279424393','249 Hector Grove Sangrampur UTTAR PRADESH','DOC_65537',51,'O+'),('641659','2019-08-16','PAT_1970','Stephen Nunez','8421142087','41270 Bruce Trail Kaduvettipalayam TAMILNADU','DOC_10033',55,'O+'),('624614','2019-10-11','PAT_1973','Lisa Johnson','8956539440','89795 Brian Courts Apt. 177 Perumalnaickenvalasu TAMILNADU','DOC_51400',36,'A+'),('403704','2019-10-26','PAT_1974','Trent Bowles','8874598047','14244 Burnett Lodge Ugvem MAHARASHTRA','DOC_54630',67,'B+'),('250622','2019-11-16','PAT_1976','Bonnie Timmerman','8641719256','52980 Stewart Mountain Suite 335 Kanhar UTTAR PRADESH','DOC_47494',52,'B-'),('627418','2019-08-23','PAT_1977','Billy Christofferso','8540135522','26161 Bennett Camp Apt. 182 Kila Ambur TAMILNADU','DOC_42716',64,'O-'),('431151','2019-12-19','PAT_1978','Stefanie Watson','8464445645','7239 Gaines Lane Andhari MAHARASHTRA','DOC_65293',67,'A+'),('416601','2019-12-20','PAT_1979','Timothy Mossien','8409340593','44299 Kimberly Village Apt. 350 Phondaghat MAHARASHTRA','DOC_70270',55,'O-'),('143416','2020-02-24','PAT_198','Patricia Gibson','8632661845','227 Robin Orchard Bhangala PUNJAB','DOC_7492',28,'A-'),('486890','2020-01-28','PAT_1987','Kelly Marshall','8787169176','3063 Megan Turnpike Apt. 212 Jayant Colliery MADHYA PRADESH','DOC_1737',24,'B-'),('802156','2019-08-28','PAT_1990','Tim Soolua','8043341480','9770 Bradley Skyway Apt. 383 Agrsanda Behara BIHAR','DOC_87065',52,'AB+'),('673506','2019-12-16','PAT_1992','Devon Taylor','8915794384','274 Wright Inlet Apt. 589 Kallachi KERALA','DOC_23610',48,'B+'),('788113','2020-01-20','PAT_1995','Larry Matthews','8352442000','97940 Watkins Parkways Bag O Bahar ASSAM','DOC_9068',35,'A-'),('325216','2019-12-10','PAT_1998','Mayra Ferman','8799729200','38772 Novak Vista Suite 057 Kherli RAJASTHAN','DOC_73064',25,'O+'),('722168','2019-09-02','PAT_20','Larry Wein','8062118336','78271 Sandoval Gardens Suite 921 Ghutgoria WEST BENGAL','DOC_46829',38,'O-'),('515801','2019-08-16','PAT_200','Karen Lang','8559418218','7712 Lucas Neck Suite 705 Timmanacharla ANDHRA PRADESH','DOC_1438',69,'AB+'),('782120','2019-11-23','PAT_2002','Bobby Hortin','8178242500','398 Flores Cape Apt. 536 Bharidhua ASSAM','DOC_60838',59,'O+'),('517423','2019-09-22','PAT_2003','Rafael Perez','8813458036','5830 Lopez Harbors Apt. 456 Santhipuram ANDHRA PRADESH','DOC_81667',34,'A+'),('494230','2019-09-08','PAT_2004','Cheryl Haggard','8204198513','514 Fitzpatrick Mountains Suite 170 Arra CHATTISGARH','DOC_5557',49,'AB+'),('485881','2020-02-03','PAT_2007','Portia Hudson','8021720419','5419 Amanda Turnpike Barakhurd MADHYA PRADESH','DOC_54630',28,'AB-'),('521163','2020-01-05','PAT_2010','Ann Tiemens','8737164512','63767 Hill Field Bhadrirajupalem ANDHRA PRADESH','DOC_63245',65,'AB-'),('122105','2020-02-05','PAT_2012','Raymond Denton','8184516603','751 Holt Manors Mohamadpur Ahir HARYANA','DOC_92083',39,'O+'),('444204','2019-08-01','PAT_2016','Richard Cabrera','8507079502','54898 Jason Tunnel Sonala MAHARASHTRA','DOC_46783',42,'A-'),('394160','2019-08-17','PAT_2019','Marie Hunter','8054991266','7122 Hill Creek Jamankuva GUJARAT','DOC_66635',51,'AB-'),('534211','2020-02-08','PAT_202','Jessica Freitas','8412359174','34220 Sims Fork Suite 856 Tanuku Bazar ANDHRA PRADESH','DOC_98571',57,'A-'),('421401','2019-09-26','PAT_2022','Toni Reed','8183343641','000 Richard Mission Sayale MAHARASHTRA','DOC_92519',25,'AB-'),('283122','2019-10-27','PAT_2026','Carol Andrews','8279554527','77089 Lance Ville Rojholi UTTAR PRADESH','DOC_72138',28,'A-'),('782143','2020-02-09','PAT_2027','Connie Jones','8379758648','PSC 8646, Box 3024 Sonarigaon ASSAM','DOC_88483',34,'A-'),('416235','2019-10-11','PAT_2028','Mary Marcus','8716594151','87229 Woods Plaza Sonage MAHARASHTRA','DOC_94864',23,'O-'),('764059','2019-08-11','PAT_2030','Margie Woods','8807915921','55230 Dale Crescent Kurlughati ORISSA','DOC_19768',68,'A+'),('521180','2019-08-14','PAT_2032','John Wallack','8946250654','2524 Susan Oval Chevitikallu ANDHRA PRADESH','DOC_94303',40,'O+'),('591214','2019-09-12','PAT_2033','Horace Rios','8229182790','8035 Wood Skyway Bedkihal KARNATAKA','DOC_83779',47,'O-'),('424005','2020-02-14','PAT_2035','Lorena Pring','8709974089','4140 Dawn Shore Suite 772 Nagaon MAHARASHTRA','DOC_49838',43,'A-'),('421401','2020-02-05','PAT_2036','Robert Ramage','8088719280','014 James Points Apt. 621 Narivali MAHARASHTRA','DOC_29132',67,'AB-'),('363641','2020-01-23','PAT_2037','Leesa Laschinger','8068706336','9713 Davidson Views Apt. 263 Lajai GUJARAT','DOC_34770',42,'A+'),('311402','2020-01-22','PAT_2038','Willie Martinez','8303608013','8044 Traci Drive Boriapura RAJASTHAN','DOC_9031',66,'B+'),('224168','2020-02-04','PAT_2042','Martha Franklin','8924652792','USNS Hernandez Kadipur Khas UTTAR PRADESH','DOC_46186',41,'A+'),('517425','2019-12-01','PAT_2044','Shawn Rouse','8652872638','313 Steven Hollow Sanganapalle ANDHRA PRADESH','DOC_60248',58,'B-'),('845412','2020-02-14','PAT_2046','Kathryn Hurley','8922909060','07222 Dalton Falls Suite 442 Koila Belwa BIHAR','DOC_73396',55,'A+'),('641654','2019-11-06','PAT_2049','Lucy Lee','8339441420','2671 Boyle Spur Avanash TAMILNADU','DOC_62521',56,'O-'),('581358','2019-12-05','PAT_2051','Thelma Spillman','8627269877','311 Lisa Groves Apt. 767 Bankanal KARNATAKA','DOC_42999',24,'A+'),('248001','2019-08-19','PAT_2052','Linda Laws','8302949114','4578 Gonzales Drive Jhanda Bazar UTTARAKHAND','DOC_7778',38,'B-'),('795001','2020-02-02','PAT_2059','Gregory Flores','8066093764','70746 Robert Lakes Suite 464 Imphal Bazar NORTH EASTERN','DOC_21421',59,'A+'),('587201','2019-09-17','PAT_2062','Cynthia Topper','8764648223','USNS Shea Muttalgeri KARNATAKA','DOC_1250',53,'AB+'),('344704','2020-01-20','PAT_2063','Joyce Ellison','8758766212','99028 Leah Stream Loharwa RAJASTHAN','DOC_83725',63,'A+'),('414401','2020-02-04','PAT_2068','Carl Maldonado','8829691470','36614 Edwards Expressway Apt. 444 Chande BK MAHARASHTRA','DOC_58420',62,'O+'),('795113','2020-01-04','PAT_2069','Michael Harris','8042426755','95377 Samantha Walks Apt. 240 New Keithelmanbi NORTH EASTERN','DOC_5284',61,'A-'),('134203','2019-09-19','PAT_2074','Claude Levitz','8908323599','87548 Jillian Stravenue Suite 285 Hamidpur HARYANA','DOC_89223',55,'AB-'),('805131','2019-09-03','PAT_2075','Dustin Crager','8206646144','417 Jordan Trail Apt. 484 Rajwara BIHAR','DOC_7779',30,'B+'),('431517','2020-02-05','PAT_2077','Vincent Mcconnell','8808787461','9797 Morgan Landing Apt. 667 Hoal MAHARASHTRA','DOC_8810',39,'B-'),('506342','2019-10-19','PAT_2079','Ricardo Fall','8584399978','PSC 2813, Box 1631 Pulukurthy ANDHRA PRADESH','DOC_52275',28,'B-'),('263160','2020-02-09','PAT_2084','Stephen Ferguson','8069180691','630 Fernandez View Apt. 653 Dineshpur UTTARAKHAND','DOC_62521',30,'O-'),('502109','2020-02-14','PAT_2089','Holly Forrest','8349862031','318 Amy Court Kuknoor ANDHRA PRADESH','DOC_32181',68,'O-'),('431101','2019-08-20','PAT_209','Michele Brown','8743025181','6178 Austin Springs Kagazipura MAHARASHTRA','DOC_41142',54,'AB+'),('504302','2020-01-25','PAT_2091','Joseph Gourd','8554988055','976 Sandra Mountain Apt. 341 Naspur ANDHRA PRADESH','DOC_19117',37,'AB+'),('307023','2019-12-26','PAT_2092','Hyacinth Bulger','8130963992','68833 Nelson Mount Apt. 092 Mandwarakhalsa RAJASTHAN','DOC_99537',20,'B-'),('313708','2019-09-15','PAT_2093','Keith Dammann','8784408339','USNV Hayes Kyari RAJASTHAN','DOC_61585',53,'B-'),('841423','2020-02-26','PAT_2095','Clyde Bowdry','8890419200','9145 Anthony Spurs Apt. 098 Kalyanpur BIHAR','DOC_81428',55,'A+'),('431504','2020-02-04','PAT_2096','Edward Rohn','8735179438','856 Kevin Crest Apt. 658 Mantha MAHARASHTRA','DOC_33221',42,'A-'),('621002','2019-11-02','PAT_2097','Richard Alicea','8780794782','5406 Carr Mission Manalodai TAMILNADU','DOC_13200',40,'AB+'),('441915','2020-02-13','PAT_2102','Billy Williams','8184917420','4695 Miller Hollow Mohgaon Khadan MAHARASHTRA','DOC_57496',33,'A+'),('585227','2019-08-19','PAT_2104','Leontine Richardson','8671926555','05100 Logan Route Bemalkhed KARNATAKA','DOC_65281',49,'B-'),('125060','2019-11-04','PAT_2105','Rena Norton','8315218192','3423 Justin Brooks Suite 361 Nozadela Kalan HARYANA','DOC_97464',45,'O-'),('480331','2020-01-09','PAT_2106','Frances Bristow','8131440876','663 Santos Mount Kohat MADHYA PRADESH','DOC_53110',60,'B-'),('325205','2019-09-13','PAT_2107','Wayne Lyons','8370125862','436 Sara Park Apt. 046 Baran RAJASTHAN','DOC_65537',40,'A-'),('799157','2020-02-08','PAT_2108','Gregory Mcdonald','8994473005','2689 Miller Square Anandapur NORTH EASTERN','DOC_47398',18,'O+'),('225407','2019-10-11','PAT_2109','Kyle Warren','8674216073','498 Wood Throughway Meermau UTTAR PRADESH','DOC_38961',65,'B+'),('276123','2019-08-07','PAT_2110','Deborah Serrell','8133835219','787 Darren Dale Tarawa UTTAR PRADESH','DOC_10033',33,'B-'),('767016','2020-01-04','PAT_2112','Kenneth Ingram','8845057202','627 Matthew Fork Apt. 545 Badbhainro ORISSA','DOC_57071',25,'AB+'),('517401','2019-09-11','PAT_2114','Judith Salmon','8693825191','837 Bolton Pine Suite 227 Peddur ANDHRA PRADESH','DOC_26509',69,'O-'),('134204','2019-08-01','PAT_2115','Adelaide Prentice','8021895582','28616 Susan Prairie Manak  Tabra HARYANA','DOC_42716',42,'O-'),('416534','2020-02-23','PAT_212','David Richardson','8284185163','3979 Becky Station Padve MAHARASHTRA','DOC_23459',28,'B-'),('627861','2019-10-08','PAT_2122','Marilyn Shirley','8369613116','71544 Johnson Meadows Apt. 559 Achankuttam TAMILNADU','DOC_41207',37,'B+'),('272125','2019-12-04','PAT_2125','Danielle Elkins','8458342219','43136 Eric Track Sangath UTTAR PRADESH','DOC_44680',61,'O+'),('841415','2019-10-26','PAT_2126','Cathy Humphrey','8190509519','846 Joel Mountain Apt. 336 Mubarakpur BIHAR','DOC_31445',58,'AB+'),('263656','2020-02-04','PAT_213','William Ellis','8304385593','32987 Stephen Turnpike Suite 891 Bhagoti UTTARAKHAND','DOC_9855',54,'AB+'),('586204','2019-12-24','PAT_2135','William Fleming','8278739261','42301 Johnson Street Apt. 803 Manankalgi KARNATAKA','DOC_1737',58,'O+'),('431202','2020-02-04','PAT_2136','Ralph Palmieri','8513182175','604 Alex Rue Apt. 293 Roshangaon MAHARASHTRA','DOC_36257',21,'O-'),('363310','2020-01-09','PAT_2137','Sofia Dennis','8221247711','4049 Bailey Loaf Apt. 882 Kankavati GUJARAT','DOC_28432',34,'O+'),('470673','2020-01-30','PAT_2138','Theresa Preston','8368289827','17140 Johnson Harbor Apt. 003 Ajni MADHYA PRADESH','DOC_59812',43,'A-'),('712417','2019-08-29','PAT_2140','Donald Johnston','8684052837','7896 Ashley River Apt. 988 Sabalsingpur WEST BENGAL','DOC_73413',66,'B-'),('144203','2019-09-29','PAT_2143','Bernice Ellis','8322509984','3323 Kathryn Village Suite 038 Sadiqpur PUNJAB','DOC_49132',42,'B-'),('562112','2019-08-02','PAT_2145','Nicholas Canby','8294199508','932 Walsh Cliffs Suite 022 Harohalli KARNATAKA','DOC_83845',21,'B+'),('533436','2019-10-03','PAT_2146','Jason Torros','8919039456','0030 Wiggins Extension Suite 269 Lododdi ANDHRA PRADESH','DOC_50440',40,'AB-'),('363641','2019-12-01','PAT_2147','Melba Bucy','8187084862','74782 Brady Lights Apt. 070 Morbi GIDC GUJARAT','DOC_23102',33,'AB+'),('121004','2019-08-26','PAT_215','Jeffrey Warnstaff','8359146877','81350 Jamie Crescent Suite 706 Panhera Khurd HARYANA','DOC_24546',35,'B-'),('533464','2020-01-20','PAT_2152','Joleen Saenphimmacha','8114356266','64469 Yang Rue Apt. 123 Kolanka ANDHRA PRADESH','DOC_20631',19,'O-'),('534447','2019-10-13','PAT_2153','Roberta Rodriguez','8717806919','95778 Burton Lake Suite 365 Chinnavarigudem ANDHRA PRADESH','DOC_30883',59,'AB-'),('276001','2019-10-19','PAT_2156','Paul Porada','8262001501','4665 Luna Alley Suite 691 Baddo Pur UTTAR PRADESH','DOC_52538',56,'O+'),('305025','2020-01-17','PAT_2157','Robert Turner','8792297880','4922 Nancy Shoals Srinagar RAJASTHAN','DOC_3231',47,'AB-'),('431102','2020-02-16','PAT_2159','Alan Kokko','8347290542','913 Lane Hill Debhegaon MAHARASHTRA','DOC_60225',32,'AB-'),('534281','2019-09-28','PAT_216','Gregoria Merkel','8331088981','6556 Sanders Summit Suite 881 Serepalem ANDHRA PRADESH','DOC_77175',51,'AB-'),('249146','2020-01-15','PAT_2164','Johnny Bevins','8015727616','0741 Martin Burgs Amsari UTTARAKHAND','DOC_99403',26,'O-'),('797111','2019-11-19','PAT_2165','George Hiller','8590587368','9490 Katherine Stravenue Humtsu NORTH EASTERN','DOC_7252',68,'O+'),('383001','2019-08-31','PAT_2167','Tracy Taylor','8212961076','90714 Harrison Courts Sahebapura GUJARAT','DOC_92355',69,'B+'),('522233','2019-08-05','PAT_2169','Patrica Roth','8623064571','194 Thomas Dale Jaggapuram ANDHRA PRADESH','DOC_2270',26,'AB+'),('473331','2020-01-26','PAT_217','Jeremy Vasquez','8186252303','77670 Ashley Freeway Dhekan MADHYA PRADESH','DOC_3724',49,'O+'),('277402','2020-02-06','PAT_2171','David Sharp','8208515945','Unit 8025 Box 3771 Jawahi Dear UTTAR PRADESH','DOC_2820',58,'B+'),('591304','2019-11-01','PAT_2178','Bernice Solomon','8742724124','24879 Gamble Stream Suite 605 Abbihal KARNATAKA','DOC_86896',41,'A+'),('673633','2019-09-25','PAT_2186','Mary Alter','8348856012','458 Kimberly Parks Vazhayur KERALA','DOC_48702',45,'B-'),('416507','2019-08-09','PAT_2187','Stacy Anderson','8021770043','7670 Decker Crest Suite 949 Dukkarwadi MAHARASHTRA','DOC_47494',44,'AB+'),('562128','2020-02-20','PAT_2188','Ella Loring','8107086791','97381 Jack Mountains Harisandra KARNATAKA','DOC_89549',36,'A-'),('502329','2020-01-17','PAT_2189','Rory Borich','8132121103','7806 Robertson Falls Apt. 612 Kowlampet ANDHRA PRADESH','DOC_31632',64,'B-'),('679103','2019-12-26','PAT_2195','Heidi Buckles','8070955644','33362 Timothy Views Suite 092 Palappuram KERALA','DOC_52140',40,'AB-'),('501158','2020-02-28','PAT_2197','Philip Childs','8776187089','42944 Mark Club Apt. 179 Mittabaspalle ANDHRA PRADESH','DOC_74217',53,'A-'),('484334','2019-10-05','PAT_22','Margaret Pape','8969129272','898 Donna Mountains Jheek Bijuri MADHYA PRADESH','DOC_79538',62,'O+'),('477117','2019-08-31','PAT_2200','Rosa Hutcherson','8798680630','93991 Reynolds Ports Bahonapura MADHYA PRADESH','DOC_59154',25,'B-'),('385421','2019-12-27','PAT_2202','Ronald Brooks','8901792558','9250 Jared Burgs Suite 685 Dhota GUJARAT','DOC_58361',30,'A+'),('534126','2020-02-14','PAT_2203','Sylvester Bowles','8295687083','5540 Tracy Plain Suite 938 Kathavapadu ANDHRA PRADESH','DOC_25091',45,'AB+'),('416712','2019-11-09','PAT_2204','Ismael Collazo','8835762573','4313 Gonzales Forge Upale MAHARASHTRA','DOC_17868',53,'O+'),('522101','2019-10-18','PAT_2205','Clarence Markle','8559516877','44300 Barnes Mountain Bapatla ANDHRA PRADESH','DOC_64913',56,'AB-'),('384151','2019-09-03','PAT_2207','Charles Sanchez','8338642944','505 Ronald Prairie Apt. 845 Vanasan GUJARAT','DOC_5275',41,'A+'),('845305','2019-10-23','PAT_2216','Meghan Highsmith','8790245221','1255 Ramos Villages Apt. 942 Hardiya BIHAR','DOC_67577',37,'AB+'),('385120','2019-11-29','PAT_2221','Steven Hood','8075649095','2676 Heidi Row Navavas GUJARAT','DOC_71958',21,'B+'),('641302','2019-11-03','PAT_2222','Ann King','8771428510','31698 Gibson Inlet Suite 396 Alancombu TAMILNADU','DOC_11511',67,'B+'),('521175','2019-09-15','PAT_2223','Steve Gray','8226521945','Unit 3353 Box 7444 Anumanchipalli ANDHRA PRADESH','DOC_98539',54,'AB-'),('500018','2019-10-23','PAT_2224','Betty Loe','8018060389','666 Brooks Fork Apt. 855 Sanath Nagar Colony ANDHRA PRADESH','DOC_94591',55,'O+'),('476337','2019-09-30','PAT_2225','Kevin Ramirez','8907313115','949 Wilson Islands Apt. 837 Chambal Colony Sheopur MADHYA PRADESH','DOC_10816',23,'O-'),('501505','2019-10-28','PAT_2226','Rene Rubalcava','8511089615','6272 Richard Common Pedda Amberpet ANDHRA PRADESH','DOC_29864',63,'B-'),('784168','2019-10-26','PAT_2229','Bernice Buck','8039400310','4514 Allen Forges Gohpur ASSAM','DOC_24421',29,'AB-'),('484774','2019-11-26','PAT_2231','Nellie Moers','8236889709','73558 Destiny Stream Suite 521 Papaudh MADHYA PRADESH','DOC_72260',35,'B-'),('443303','2019-09-08','PAT_2233','Herman Lucas','8957996457','7471 Bailey Divide Pangarkhed MAHARASHTRA','DOC_12078',21,'A+'),('736131','2019-10-10','PAT_2236','William Lavadera','8311147858','07027 Daniels Prairie Suite 821 Shilghagri WEST BENGAL','DOC_85826',47,'AB-'),('802122','2020-02-13','PAT_2237','James Smith','8600862819','664 Medina Forge Nagpur BIHAR','DOC_28907',55,'A-'),('770037','2019-08-25','PAT_2243','Hector Barr','8415898604','662 Robin Squares Suite 437 Ramjodi ORISSA','DOC_92355',47,'A-'),('480554','2020-02-07','PAT_2244','Warren Crowley','8590488826','4902 Vasquez Valleys Suite 550 Nandan MADHYA PRADESH','DOC_15989',36,'O-'),('277001','2019-10-02','PAT_2246','Lisa Favreau','8898179800','PSC 2809, Box 5378 Ballia UTTAR PRADESH','DOC_99752',66,'AB-'),('845412','2020-02-01','PAT_2248','Gayle Murray','8534692877','5271 Gould Port Pipra Khem BIHAR','DOC_25091',56,'AB+'),('416703','2020-01-04','PAT_225','Jimmie Nelson','8585891978','USNS Brown Kunkavan MAHARASHTRA','DOC_92843',41,'AB-'),('441702','2019-08-17','PAT_2253','Anne Dalal','8511383015','90881 Justin Shores Palasgaon MAHARASHTRA','DOC_61985',25,'B+'),('425111','2019-11-22','PAT_2255','Glenda Gross','8077777478','05252 Erin Point Suite 725 Mundane MAHARASHTRA','DOC_83725',44,'A+'),('507204','2019-10-18','PAT_2256','Crystal Fujimoto','8901894862','86299 Joanne Valleys Apt. 625 Pedabeeravalli ANDHRA PRADESH','DOC_15645',49,'AB-'),('506134','2020-01-07','PAT_2261','Sue Day','8704607450','7699 Haas Alley Suite 523 Bhudharaopet ANDHRA PRADESH','DOC_23280',51,'A+'),('484110','2019-12-22','PAT_2263','Esther Dommer','8220735307','748 Hill Dale Rajendranagar Colony MADHYA PRADESH','DOC_32855',41,'B+'),('577526','2019-11-05','PAT_2266','Carlos Chamness','8238564469','646 Rodney Wall Apt. 720 Adanur KARNATAKA','DOC_53110',70,'A+'),('735224','2020-01-05','PAT_2267','Curtis Presnell','8726314499','PSC 8717, Box 4755 Dakhin Moamari WEST BENGAL','DOC_81667',18,'B-'),('383246','2020-01-03','PAT_2273','David Jeffreys','8422618803','11643 Cody Islands Apt. 620 Budheli GUJARAT','DOC_99647',30,'A-'),('756035','2020-02-29','PAT_2274','Saundra Lafleur','8132251068','6473 Barbara Bridge Khairda ORISSA','DOC_15614',24,'B-'),('416507','2019-09-24','PAT_2278','Margaret Bagwell','8541071761','60514 Sherri Fall Hajgoli MAHARASHTRA','DOC_92565',60,'B+'),('712412','2019-09-08','PAT_2279','Henry Harkin','8120336986','1733 Snyder Mount Suite 579 Helan WEST BENGAL','DOC_87828',28,'A+'),('507318','2019-09-07','PAT_2280','Travis Kahn','8265038464','8944 Woods Lodge Suite 671 Velugumatla ANDHRA PRADESH','DOC_93662',27,'B-'),('606001','2019-09-12','PAT_2281','Kelli Sanchez','8076691429','157 Duane Skyway Kuppanatham TAMILNADU','DOC_5680',22,'O-'),('604201','2020-02-27','PAT_2282','Julie Cox','8811055905','5217 Michelle Stream Kovilporaiyur TAMILNADU','DOC_53250',28,'AB-'),('572133','2019-10-25','PAT_2283','Shirley Fazzino','8572975169','1601 Travis Station Suite 058 Bedathur KARNATAKA','DOC_14771',28,'B-'),('713409','2020-02-22','PAT_2286','Glenn Coulter','8178711204','21505 Smith Keys Hatbele WEST BENGAL','DOC_89917',26,'A-'),('628851','2019-12-13','PAT_2290','Janette Hodgens','8647654774','75202 Li Union Ellanaickenpatti TAMILNADU','DOC_73187',20,'A+'),('396375','2020-01-30','PAT_2294','Lance Martin','8070233004','271 Little Green Suite 405 Shankar Talav GUJARAT','DOC_14558',34,'B-'),('444728','2020-02-02','PAT_2296','Allie Mcconnell','8736927352','2935 Nichols Bypass Apt. 114 Kanholi MAHARASHTRA','DOC_59200',54,'B+'),('752050','2019-11-14','PAT_2297','Patricia Myers','8604305582','USS Garcia Khurda Road RS ORISSA','DOC_863',28,'AB+'),('441911','2019-08-09','PAT_2298','John Williams','8723063373','PSC 3046, Box 0848 Chikhali MAHARASHTRA','DOC_31115',28,'AB-'),('712417','2019-12-04','PAT_230','Sean Hockett','8534526082','46000 Angela Forest Jagatpur WEST BENGAL','DOC_60329',33,'AB+'),('451447','2020-01-14','PAT_2302','Scott Johnson','8256777429','4238 Jerome Rue Haribad MADHYA PRADESH','DOC_9494',68,'A+'),('796431','2019-11-09','PAT_2303','Tasha Blackwell','8485723257','52214 Farley Highway Apt. 701 Phuldungsei NORTH EASTERN','DOC_29667',23,'AB+'),('621715','2020-02-29','PAT_2304','Jean Singh','8605168710','62464 Matthew Mountain Apt. 443 Kuruvadi TAMILNADU','DOC_93680',32,'A+'),('712123','2019-09-03','PAT_2305','Kathy Valerio','8378414014','597 Laura Walk Naldanga WEST BENGAL','DOC_61985',61,'O-'),('249155','2020-02-28','PAT_2307','Rose Sims','8985973461','48632 Michelle Landing Dhounikhal UTTARAKHAND','DOC_76765',59,'A-'),('500027','2020-02-16','PAT_2308','Wesley Stone','8463523605','940 Jorge Corners Suite 537 Stn Kachiguda ANDHRA PRADESH','DOC_12861',37,'AB+'),('562109','2019-09-18','PAT_231','Arlene Robinson','8406204603','310 Sims Pines Manchanayakanahalli KARNATAKA','DOC_67151',32,'O+'),('752106','2019-09-06','PAT_2313','Cheryl Nemeth','8772348276','6394 Paula Shoals Chanrapada ORISSA','DOC_52149',50,'A+'),('394107','2019-11-16','PAT_2314','Irma Diaz','8998046550','09340 Lamb Oval Apt. 099 Amroli GUJARAT','DOC_41961',33,'AB+'),('456224','2019-11-07','PAT_232','Kimberly Foster','8538819295','53686 Crystal Fall Chapakhedi MADHYA PRADESH','DOC_74217',51,'A-'),('606902','2019-10-12','PAT_2320','Donald Myers','8505708244','137 Derrick Villages Suite 883 Athurai TAMILNADU','DOC_65050',53,'A-'),('250621','2020-01-23','PAT_2321','Rosemarie Nicholson','8184277009','45292 Mary Fields Apt. 214 Barwala UTTAR PRADESH','DOC_74173',47,'O-'),('825408','2019-10-18','PAT_2322','Jennifer Mcirvin','8594520060','3987 Williams Mills Bargaon JHARKHAND','DOC_60225',36,'O+'),('604204','2020-01-21','PAT_2331','Cathryn Gose','8802043399','447 Emily Pass Apt. 889 Eyyakunam TAMILNADU','DOC_79753',19,'A-'),('509209','2020-01-18','PAT_2338','Angelina Lebrun','8845044422','13905 Horn Centers Chandubatla ANDHRA PRADESH','DOC_63508',59,'A+'),('243601','2019-10-28','PAT_2339','Alma Murray','8602583827','949 Nathan Mission Gurgaon UTTAR PRADESH','DOC_73276',35,'B-'),('416812','2019-10-22','PAT_2341','Mary Uong','8640126115','50814 Hamilton Dam Apt. 453 Oros MAHARASHTRA','DOC_56102',48,'B-'),('391240','2019-09-20','PAT_2343','Daphne Stillings','8315203081','67951 Mullins Valley Apt. 923 Sundarpura GUJARAT','DOC_83085',68,'O+'),('415112','2020-02-03','PAT_2344','Edith Stotts','8490728645','084 Hayes Lane Umarkanchan MAHARASHTRA','DOC_70527',67,'B+'),('521331','2019-08-07','PAT_2348','Mark Ulmer','8559962382','6354 Tiffany Grove Vemavaram ANDHRA PRADESH','DOC_27897',70,'AB+'),('752116','2019-09-19','PAT_235','Albert Mcjunkin','8735546768','53587 Shaw Mall Garharmala ORISSA','DOC_85320',70,'AB-'),('824201','2019-10-05','PAT_2350','Glen Frazier','8987105750','55346 Crosby Vista Bumuar BIHAR','DOC_23325',67,'O-'),('304022','2019-08-20','PAT_2351','Christa Warner','8107660699','66815 Heidi Summit Chaturbhujpura RAJASTHAN','DOC_66824',64,'AB-'),('421312','2019-12-07','PAT_2353','Nancy Vincent','8359326569','2038 Robert Overpass Suite 169 Chamble MAHARASHTRA','DOC_56295',39,'AB+'),('362230','2019-08-10','PAT_2355','Garland Gilmore','8671438791','07686 Monica Turnpike Apt. 578 Mander GUJARAT','DOC_97198',50,'O-'),('344702','2019-09-29','PAT_2357','Marsha Mccollough','8639086051','7123 Nathaniel Island Apt. 256 Sriramwala RAJASTHAN','DOC_99752',44,'AB-'),('391170','2020-02-01','PAT_2360','Robert Garcia','8085913493','255 Christian Locks Raisingpura GUJARAT','DOC_37919',63,'AB+'),('752064','2020-02-01','PAT_2363','Ernest Berry','8360102081','4649 Christopher Ramp Suite 739 Sanapadar ORISSA','DOC_74217',38,'O+'),('500017','2019-09-04','PAT_2364','James Morgan','8465070056','2499 Kathleen Falls Lallaguda ANDHRA PRADESH','DOC_66720',31,'A-'),('416506','2020-02-26','PAT_2368','Frances Welch','8604820283','514 Julie Crossroad Bugadikatti MAHARASHTRA','DOC_29449',47,'A+'),('841460','2020-02-28','PAT_237','Linda Rudolph','8466666516','9327 Jones Shoals Phulwaria BIHAR','DOC_40399',54,'O-'),('813203','2019-11-13','PAT_2370','Clinton Brown','8587531393','52418 Barrera Trafficway Suite 006 Kalgigaj BIHAR','DOC_89933',39,'O-'),('782104','2020-01-14','PAT_2373','Amy Morgan','8422980088','914 Richard Fort Suite 509 Patuakata ASSAM','DOC_72138',34,'A-'),('425303','2019-09-14','PAT_238','Marjorie Holmes','8719301959','585 Jamie Ports Apt. 941 Khardi MAHARASHTRA','DOC_85320',64,'B+'),('606702','2020-01-21','PAT_2380','Michael Mcfadden','8262970934','82606 Nichols Inlet Japthikariandal TAMILNADU','DOC_2741',24,'O-'),('782435','2019-09-01','PAT_2382','Jeffrey Harrison','8425463183','54863 Jessica Junction Komorakata ASSAM','DOC_67925',70,'AB+'),('391775','2020-02-04','PAT_2385','Hollie Pigman','8969286091','2666 Sherry Burg Bahutha GUJARAT','DOC_68735',52,'AB-'),('605757','2019-08-04','PAT_2389','Linda Jones','8896522784','781 Danny Orchard Tirukkoyilur Busstand TAMILNADU','DOC_67941',37,'AB+'),('533262','2019-08-09','PAT_2394','Kathleen Gifford','8274487934','8428 Maria Meadows Addampalli ANDHRA PRADESH','DOC_27603',41,'B+'),('802112','2019-09-18','PAT_2400','Louis Reck','8278457906','7539 Rodriguez Rue Kant BIHAR','DOC_50359',18,'O-'),('680505','2019-11-11','PAT_2406','Sylvia Robinson','8936111037','94254 Phillip Plains Apt. 453 Kavida KERALA','DOC_19267',42,'B-'),('843322','2019-12-26','PAT_2407','David Bissonnette','8131750469','69012 Schultz Square Madhopur BIHAR','DOC_35703',46,'A-'),('416404','2019-11-29','PAT_2409','Melissa Jensen','8500555087','578 Miller Station Nigdi Khurd MAHARASHTRA','DOC_40032',65,'AB-'),('673642','2019-12-02','PAT_241','Marie Poplar','8418248892','64739 Cabrera Ports Olamathil KERALA','DOC_25127',62,'A-'),('311404','2020-01-30','PAT_2410','Mark Painter','8082029151','948 Ronald Lakes Arnia Rasa RAJASTHAN','DOC_49132',56,'B-'),('587315','2020-02-26','PAT_2415','Donald Sauceda','8122904870','78158 Mitchell Mountains Suite 863 Sasalatti KARNATAKA','DOC_46229',57,'O+'),('360510','2020-01-08','PAT_2417','Lydia Brown','8981263136','4691 Bennett Greens Apt. 729 Bhomiyavadar GUJARAT','DOC_34061',51,'AB+'),('757079','2019-12-12','PAT_242','Gerald Reilly','8136242754','82279 Shannon Dam Suite 689 Labanyadeipur ORISSA','DOC_69308',36,'O+'),('572227','2019-12-31','PAT_2420','Angela Fowler','8122055810','83540 Woods Ports Guddenahalli KARNATAKA','DOC_92943',27,'AB-'),('131303','2019-12-16','PAT_2421','Stephen Giffin','8604127227','002 Wells Circle Kasandi HARYANA','DOC_21858',40,'A+'),('516390','2020-01-27','PAT_2422','Dotty Shields','8709257677','09697 Aguirre Crossing Apt. 518 Peddajutur ANDHRA PRADESH','DOC_58211',45,'B+'),('843324','2019-08-02','PAT_2424','Eugene Braun','8607538765','18765 Reid Points Suite 152 Kanhawa BIHAR','DOC_22430',34,'O+'),('363115','2019-10-10','PAT_2432','Hollie Jones','8999592164','5054 Shannon Turnpike Gangad GUJARAT','DOC_88056',22,'A+'),('506222','2020-02-15','PAT_2433','Christina Gardner','8022303799','73197 Myers Dam Edunuthala ANDHRA PRADESH','DOC_34568',40,'O+'),('396050','2019-11-21','PAT_2434','Pat Petti','8431407533','9473 Crawford Manor Kharvel GUJARAT','DOC_60635',62,'AB-'),('505450','2020-01-11','PAT_2435','Johnnie Privateer','8738994730','7737 Byrd Fords Yamapur ANDHRA PRADESH','DOC_55010',34,'AB+'),('416804','2019-12-20','PAT_2436','Lloyd Grayson','8279821687','4184 Vincent Dam Padel MAHARASHTRA','DOC_68302',62,'O+'),('321611','2019-09-21','PAT_2438','Rosie Winkle','8394705511','629 Ricardo Motorway Apt. 508 Jonl RAJASTHAN','DOC_49634',19,'O-'),('193101','2019-12-14','PAT_244','Caroline Kaszynski','8960509950','44425 Hall Court Suite 056 Khanpora JAMMUKASHMIR','DOC_11958',27,'AB-'),('363040','2019-10-07','PAT_2440','Kevin Casagrande','8749403316','832 Sanchez Pass Suite 413 Bakarthali GUJARAT','DOC_46537',58,'B-'),('572132','2019-10-01','PAT_2445','Faith Mckenzie','8160644159','1142 Hopkins Motorway Vaderahalli KARNATAKA','DOC_21968',58,'AB-'),('732103','2019-09-10','PAT_2447','Mark Nolan','8748559796','381 Ross Wells Suite 960 Rajbati Ramnagar WEST BENGAL','DOC_39845',54,'A-'),('680003','2019-11-16','PAT_2453','Ella Scott','8303455659','9653 Leslie Valleys Apt. 141 Ayyanthole North KERALA','DOC_66958',51,'AB+'),('250601','2020-02-19','PAT_2459','Virgina Santander','8503867956','05204 Andrew Haven Nerojpur Gujar UTTAR PRADESH','DOC_65784',69,'O+'),('462026','2019-12-02','PAT_246','James Dubose','8159753490','4377 Douglas Plaza Apt. 654 Bagroda MADHYA PRADESH','DOC_32181',37,'B-'),('416203','2020-02-28','PAT_2460','Micheal Garoutte','8706292244','665 Lucero Prairie Rendal MAHARASHTRA','DOC_50379',20,'O-'),('224186','2020-01-11','PAT_2463','Susie Rosas','8668560406','USCGC Burns Katgharmusa UTTAR PRADESH','DOC_22412',53,'B-'),('124113','2019-10-10','PAT_2464','Stella Spurgeon','8024960193','PSC 3667, Box 0529 Kalanaur HARYANA','DOC_20168',55,'O-'),('602025','2019-09-22','PAT_2466','Christopher Richards','8414696150','67374 Moyer Shores Thozhur TAMILNADU','DOC_38983',36,'B-'),('822122','2020-01-07','PAT_247','Mary Penland','8378292576','Unit 6550 Box 6417 Tetrain JHARKHAND','DOC_34234',21,'A+'),('246749','2019-08-04','PAT_2472','Rene Stevens','8067002439','2449 Peterson Flats Apt. 255 Mandawali UTTAR PRADESH','DOC_76319',34,'AB-'),('306502','2019-08-04','PAT_2473','Alan Wade','8566243475','PSC 4478, Box 2293 Kerli RAJASTHAN','DOC_98665',45,'O+'),('695315','2019-08-10','PAT_2474','Joellen Fournier','8383209008','868 Joseph Villages Channamkara KERALA','DOC_83725',66,'O-'),('700014','2019-10-24','PAT_2476','James Smith','8518315528','PSC 3522, Box 1150 Taltala WEST BENGAL','DOC_7369',63,'AB-'),('736146','2020-02-24','PAT_2478','Todd Brewer','8575674357','9239 Adams Path Kurshamari WEST BENGAL','DOC_79667',52,'O-'),('133004','2020-01-17','PAT_2481','Rosie Goering','8834459128','89421 Robinson Mall Apt. 630 Mardon Sahib HARYANA','DOC_73178',47,'O-'),('764044','2019-09-01','PAT_2483','Barry Leif','8069060572','76676 Robert Ranch Apt. 098 Salimi ORISSA','DOC_19798',64,'B+'),('765015','2019-12-22','PAT_2488','Annie Anderson','8354451227','7547 Anthony Path Apt. 544 Kuchipadar ORISSA','DOC_62893',32,'O+'),('628751','2019-08-06','PAT_2489','Terrie Lyon','8081873516','1547 Wagner Brooks Suite 460 Pannaivilai TAMILNADU','DOC_81428',50,'B-'),('515711','2020-02-28','PAT_2493','Greg Randolph','8533757758','7957 Miller Meadows Apt. 914 Kammuru ANDHRA PRADESH','DOC_1097',22,'AB+'),('515801','2019-12-25','PAT_2495','Ebony Pate','8707953294','712 James Street Suite 174 Timmanacharla ANDHRA PRADESH','DOC_20522',62,'AB-'),('497119','2019-08-31','PAT_2499','Clifford Galinis','8580618793','9218 Obrien Corner Baskepi CHATTISGARH','DOC_20251',66,'B-'),('770040','2019-12-20','PAT_2501','Beatrice Mckenzie','8330190124','299 Garrett Fort Apt. 396 Kalaiposh ORISSA','DOC_13200',36,'B-'),('841238','2020-02-14','PAT_2502','Lavina Woodson','8754703607','22099 Ruben Trace Bangra BIHAR','DOC_47924',51,'B+'),('413216','2019-12-09','PAT_2503','Christopher Steil','8230761158','87713 Richard Square Apt. 271 Salgar MAHARASHTRA','DOC_57496',28,'B-'),('577538','2019-12-23','PAT_2505','Leslie Rumsey','8747325437','4929 Bennett Pines Doddachelur KARNATAKA','DOC_73187',66,'B-'),('765020','2020-01-06','PAT_2506','Leslie Lassiter','8137180273','155 Robert Ridges Apt. 577 Dangasorada ORISSA','DOC_42580',40,'O+'),('445109','2019-10-16','PAT_2508','Roy Peachey','8523786675','3450 Oliver Junction Pimpri Buti MAHARASHTRA','DOC_69186',64,'O-'),('248001','2019-08-11','PAT_2509','Jodee Ally','8405532664','33801 Jones Garden Khurbura UTTARAKHAND','DOC_54452',61,'AB-'),('202396','2019-10-23','PAT_2510','Alex Brown','8270273888','USNV Spencer Pahasu UTTAR PRADESH','DOC_71239',25,'A-'),('784152','2020-01-15','PAT_2513','Anthony Mayfield','8064999047','37558 Frost Wall Suite 599 Khelmati ASSAM','DOC_63958',36,'AB-'),('758038','2020-01-01','PAT_2517','Anne Daley','8613208925','7290 Shea Inlet Birikala ORISSA','DOC_27603',22,'A+'),('851127','2020-02-09','PAT_2525','Phyllis Bui','8135325147','45011 Wise Corner Pabra BIHAR','DOC_87429',53,'O-'),('764040','2019-11-10','PAT_2526','Derek Floyd','8274403577','182 Wang Turnpike Suite 776 Badigada ORISSA','DOC_32923',45,'B-'),('731234','2019-12-29','PAT_2530','Timothy Marcucci','8827771728','736 Benson Shore Sainthia Bazar WEST BENGAL','DOC_10565',34,'A+'),('143516','2019-08-23','PAT_2539','Sally Forry','8331686019','Unit 9300 Box 0175 Khojala PUNJAB','DOC_56875',44,'B+'),('584132','2019-11-10','PAT_2541','Jason Oliver','8753798099','912 Jeffrey Spurs Turvihal KARNATAKA','DOC_87244',54,'A+'),('572107','2020-01-26','PAT_2544','William Peterson','8096997991','80887 Norton Mount Bugudanahalli KARNATAKA','DOC_4286',32,'B-'),('272148','2019-09-04','PAT_2545','Maricela Nunley','8928640799','36392 Stephen Groves Dandwapandey UTTAR PRADESH','DOC_60635',42,'O+'),('711314','2019-12-12','PAT_2546','Thelma Thompson','8381125480','308 Reese Walk Suite 587 Gurepole WEST BENGAL','DOC_25111',57,'A-'),('835301','2019-09-11','PAT_2547','Gaynell Warren','8744043685','493 Jodi Circles Apt. 888 Semra JHARKHAND','DOC_46783',26,'B-'),('445207','2020-01-03','PAT_2548','Joshua Schrader','8939606043','9874 Clark Springs Suite 283 Dhanki MAHARASHTRA','DOC_80384',23,'A+'),('783348','2019-10-28','PAT_255','Sara Mccurry','8795257873','USNV Mcmillan Boalkamari ASSAM','DOC_82155',63,'O-'),('443001','2019-10-22','PAT_2550','Daniel Thorell','8147887142','PSC 0060, Box 6127 Kesapur MAHARASHTRA','DOC_1077',21,'AB-'),('443304','2020-02-10','PAT_2551','Margaret Lo','8481525449','023 Michelle Land Sarshiv MAHARASHTRA','DOC_66720',37,'O-'),('143008','2019-10-01','PAT_2552','Patricia Burkhard','8177379961','94127 Tony Lane Dist Jail PUNJAB','DOC_49941',38,'B+'),('712301','2019-08-19','PAT_2556','Brenda Spina','8351097457','18071 Krystal Prairie Alipur Nayanagar WEST BENGAL','DOC_52149',24,'A-'),('581334','2019-08-14','PAT_2557','Audrey Davis','8085295449','USNV Steele Mugva Surkatte KARNATAKA','DOC_29502',33,'AB-'),('781328','2019-09-11','PAT_2558','Robert Hudson','8355850790','2239 Matthew Coves Baghmarabazar ASSAM','DOC_60248',40,'A-'),('522201','2019-10-18','PAT_256','Albert Ackerman','8432796230','2609 Reid Pike Apt. 637 Wahabchowk-tenali ANDHRA PRADESH','DOC_85497',19,'B-'),('277202','2019-09-18','PAT_2568','Dominick Hart','8285937518','PSC 1051, Box 9224 Kaithauli UTTAR PRADESH','DOC_27567',51,'AB-'),('695543','2019-08-15','PAT_2570','Evelyn Strait','8124290313','10260 Michael Dam Mulayara KERALA','DOC_74557',30,'A-'),('382130','2019-11-18','PAT_2571','Karen Delton','8862910589','4818 Lindsay Gateway Nayakpur GUJARAT','DOC_24722',39,'B+'),('391165','2019-08-26','PAT_2573','Marie Reyes','8626522243','018 Michael Pass Suite 026 Bhumaswada GUJARAT','DOC_7578',30,'AB-'),('394633','2019-10-29','PAT_2574','Alfred Davis','8078067657','6882 Burns Square Magalia GUJARAT','DOC_13879',43,'A-'),('522016','2019-09-06','PAT_2575','Jay Montanez','8166148767','13859 Johnny Gardens Apt. 856 Latchannagudipudi ANDHRA PRADESH','DOC_56068',39,'A+'),('505529','2019-10-23','PAT_2576','Jennifer Hammock','8811569753','Unit 1219 Box 9744 Thippannapet ANDHRA PRADESH','DOC_41207',49,'B+'),('606755','2019-10-23','PAT_2586','Brenda Bailey','8593649812','Unit 1457 Box 6436 Gudalur TAMILNADU','DOC_3231',18,'A+'),('471405','2020-02-28','PAT_2587','Samantha Bowell','8801450059','87946 Joseph Burg Apt. 384 Ranital MADHYA PRADESH','DOC_20341',54,'O+'),('782446','2019-09-27','PAT_2589','Duane Harris','8097278520','843 Alexis Islands Lankeswarigrant ASSAM','DOC_73886',59,'O+'),('782108','2019-09-26','PAT_259','Lori Devenny','8537469989','556 Logan Via Mikirbheta ASSAM','DOC_94864',54,'A+'),('843114','2019-12-21','PAT_2591','Kelly Jones','8022686170','0376 Cobb Groves Suite 686 Simarwara Durgapur BIHAR','DOC_98355',53,'O+'),('515767','2019-12-15','PAT_2592','Glenn Nixon','8389359334','Unit 2176 Box 2061 Mulakaledu ANDHRA PRADESH','DOC_5289',29,'O+'),('360405','2020-01-20','PAT_2593','Faye Smith','8271920467','PSC 0307, Box 0218 Satodad GUJARAT','DOC_41187',63,'AB-'),('382120','2020-01-15','PAT_2594','Tiffany Freitas','8517651793','8738 Garrison Field Suite 065 Kukvav GUJARAT','DOC_68774',32,'AB-'),('517507','2019-12-10','PAT_2595','Vicki Schiano','8530838431','78347 Julia Isle Suite 024 Akkarampalli ANDHRA PRADESH','DOC_7778',54,'O-'),('635701','2019-10-30','PAT_2596','Anthony Johnson','8028591256','54613 Daniel Ports Apt. 444 Vasanthapuram TAMILNADU','DOC_73243',34,'AB+'),('721121','2019-10-01','PAT_2597','Merri Ramirez','8613760853','69460 Janice Prairie Suite 817 Sijua WEST BENGAL','DOC_1730',61,'O+'),('522601','2020-01-19','PAT_2599','Scott Jones','8274512534','7391 Michele Canyon Petlurivaripalem ANDHRA PRADESH','DOC_69474',20,'AB+'),('332030','2019-11-01','PAT_26','Jeffery Camak','8797547838','715 Rachel Roads Suite 312 Mordunga RAJASTHAN','DOC_86896',41,'B+'),('145029','2020-01-27','PAT_2601','Loretta Jordan','8945758674','772 Victoria Cape Apt. 346 Kot PUNJAB','DOC_55089',25,'A+'),('571115','2019-12-30','PAT_2602','Jalisa Braaten','8059974558','8691 Jesse Pass Suite 627 Santhemaranahalli KARNATAKA','DOC_1737',26,'AB+'),('515408','2019-10-14','PAT_2604','Randy Grace','8278578499','376 Garcia Field Suite 452 Gudipadu ANDHRA PRADESH','DOC_94954',35,'A-'),('759103','2020-02-24','PAT_2605','Rosa Brown','8727616197','607 Young Springs Apt. 921 Tentulei ORISSA','DOC_84844',69,'AB+'),('143112','2020-02-10','PAT_2606','Janet Robertson','8977297522','16781 Jones Divide Uppal PUNJAB','DOC_48702',31,'AB-'),('341551','2019-10-19','PAT_2607','Eddie Holloman','8068009784','88593 Stephen Tunnel Dindarpura RAJASTHAN','DOC_58420',39,'O-'),('202421','2019-11-10','PAT_2608','Margarita Greenlee','8230435071','Unit 4048 Box 8194 Dinaura UTTAR PRADESH','DOC_33805',29,'A-'),('841505','2019-12-21','PAT_2609','Daniel Lee','8194557531','227 Gray Gateway Apt. 733 Maniyara BIHAR','DOC_49155',40,'O+'),('502248','2019-09-10','PAT_261','James Schenck','8004210432','22826 Lisa Roads Suite 024 Gavvalapally ANDHRA PRADESH','DOC_37421',60,'B-'),('770035','2019-11-25','PAT_2611','Betty Krause','8573139852','535 Monica Bridge Nuagaon ORISSA','DOC_53557',31,'A-'),('263601','2019-09-01','PAT_2613','Jasmine Standre','8790600919','74013 Anderson Forges Dhaura UTTARAKHAND','DOC_41633',36,'A+'),('572213','2019-10-24','PAT_2614','Kevin Cirillo','8935196532','071 Morgan Union Idagur KARNATAKA','DOC_20742',37,'A+'),('736135','2019-09-16','PAT_2615','Stanley Hall','8305112344','86712 Marissa Shores Gitaldaha Atiabari WEST BENGAL','DOC_19768',69,'B-'),('382210','2020-01-05','PAT_2616','Wilma Lee','8340428249','898 Williams Mountains Bakrol GUJARAT','DOC_32730',42,'O+'),('522435','2019-09-27','PAT_2617','James Webb','8907758769','721 Dylan Squares Apt. 803 Kothapalem ANDHRA PRADESH','DOC_24482',19,'AB+'),('811317','2019-10-19','PAT_2619','Kenneth Katz','8235481520','754 Montoya Cliffs Kharaich BIHAR','DOC_20341',29,'AB+'),('764070','2019-08-01','PAT_2621','Michele Atkinson','8728658996','710 Sampson Mews Apt. 209 Bhejaguda ORISSA','DOC_54452',30,'A-'),('382210','2019-09-09','PAT_2622','Ralph Filer','8554674080','35181 Curry Drive Apt. 121 Bakrol GUJARAT','DOC_1077',29,'AB-'),('756030','2020-02-16','PAT_2625','Fernando Shakespeare','8221136197','971 Colin Stream Mohammad Nagar ORISSA','DOC_3886',50,'A-'),('146001','2019-09-24','PAT_2633','Florence Rodriguez','8322876539','7693 Garcia Lodge Gaushala Bazar PUNJAB','DOC_70206',38,'AB+'),('851132','2019-10-27','PAT_2636','Clarence Arguelles','8754902669','Unit 7450 Box 6623 Bikrampur BIHAR','DOC_57225',63,'A+'),('324002','2019-10-06','PAT_2637','Jimmy Ostrom','8976182356','Unit 3877 Box 0967 Wegan Repair Colony Kota RAJASTHAN','DOC_89933',50,'A+'),('393110','2019-11-17','PAT_2638','Carrie Rodriguez','8577185669','231 Daniel Isle Ranipura GUJARAT','DOC_45931',66,'AB-'),('612903','2019-08-22','PAT_264','Mary Kawai','8641003540','USS Watkins Kundaveli TAMILNADU','DOC_98706',21,'B-'),('504294','2019-10-25','PAT_2640','Melody Storey','8958241312','84423 Chelsea Walk Rompalli ANDHRA PRADESH','DOC_85975',67,'AB-'),('735214','2019-09-16','PAT_2641','Brenda Waddell','8775724988','2526 Irwin Harbors Hamiltonganj WEST BENGAL','DOC_8046',62,'A-'),('144033','2019-12-22','PAT_2642','Alyssa Womble','8970991874','77935 Heidi Skyway Suite 400 Wazooha Khurd PUNJAB','DOC_14559',31,'AB-'),('583224','2020-01-24','PAT_2644','Harold Davis','8749327939','USS Grant Basarakodu KARNATAKA','DOC_29449',68,'O+'),('606123','2020-02-12','PAT_2645','Patricia Hawthorne','8466963083','2290 Baker Views Sirupakkam TAMILNADU','DOC_27100',20,'B+'),('695512','2019-09-17','PAT_2646','Joseph Rogers','8350392776','45815 Benjamin Motorway Apt. 084 Kuvalassery KERALA','DOC_24736',64,'O+'),('516268','2019-09-07','PAT_2648','Christy Sikes','8946244774','0299 Darlene Island Suite 527 Veeraballi ANDHRA PRADESH','DOC_11659',30,'B-'),('516431','2019-12-20','PAT_2651','Jerome Paugh','8594834015','850 Brittany Divide Karamalavandlapalle ANDHRA PRADESH','DOC_18206',67,'A+'),('522663','2019-10-27','PAT_2655','Tama Castelluccio','8851614162','582 Paul Overpass Bollapalle ANDHRA PRADESH','DOC_9855',28,'A-'),('515122','2019-10-11','PAT_2656','Casey Foster','8284944932','8155 Julie Corners Chalakur ANDHRA PRADESH','DOC_7028',50,'A+'),('263601','2019-12-18','PAT_2658','Wayne Boyd','8445045340','768 Nicole Turnpike Syalidhar UTTARAKHAND','DOC_92943',44,'B+'),('491223','2019-10-08','PAT_2659','Crystal Green','8523805361','36466 Kristina Crescent Suite 820 Ranchirai CHATTISGARH','DOC_83715',69,'B+'),('182148','2019-08-10','PAT_2663','Vivian Roberts','8972720303','266 Teresa Burg Bhartund JAMMUKASHMIR','DOC_60635',68,'A+'),('845433','2019-10-16','PAT_2670','Herbert Harris','8345488452','USCGC Mendoza Dhanhar Dihuli BIHAR','DOC_94502',36,'B-'),('854331','2019-09-10','PAT_2672','Kevin Kwiatkowski','8813752007','75097 Waters Track Suite 086 Chikanighat BIHAR','DOC_67812',53,'AB+'),('571501','2020-02-20','PAT_2673','Evelyn Johnson','8507606894','0949 Jones Camp Sulleri KARNATAKA','DOC_12719',29,'O+'),('631051','2019-12-01','PAT_2674','Melissa Ribble','8435071912','276 White Summit Apt. 564 Sayanavaram TAMILNADU','DOC_57400',59,'A-'),('486001','2020-02-17','PAT_2676','Chad Wright','8216854944','7964 Jeremy Orchard Suite 075 Soharwa MADHYA PRADESH','DOC_67577',36,'O-'),('494114','2020-01-29','PAT_2679','Gussie Tonkin','8867530445','70086 Kelly Meadows Kistaram CHATTISGARH','DOC_4374',65,'O-'),('751007','2020-01-20','PAT_268','Francis Moore','8548063319','2870 Jeremy Unions Apt. 882 Saheed Nagar ORISSA','DOC_45931',51,'O+'),('756028','2019-12-24','PAT_2681','Angela Bennett','8821864011','142 Tim Spurs Routpada ORISSA','DOC_18293',18,'O+'),('494556','2019-09-09','PAT_2689','Cristin Lambert','8835651288','USNV Craig Gondras CHATTISGARH','DOC_41053',29,'B+'),('391220','2019-12-04','PAT_2691','Paula Hopkins','8895388066','1402 Stephen Port Apt. 299 Kuvarpura GUJARAT','DOC_84745',41,'AB+'),('122103','2020-02-25','PAT_2693','Eileen Carlton','8487887831','909 Shawn Grove Apt. 102 Indir Mewat HARYANA','DOC_23998',53,'AB+'),('533252','2020-01-02','PAT_2694','Oscar Hall','8279391188','PSC 4394, Box 8333 Antarvedi Devastanam ANDHRA PRADESH','DOC_1873',19,'AB-'),('304502','2019-09-20','PAT_2695','Jennifer Bell','8557119139','8360 Williams Point Suite 172 Ganwar RAJASTHAN','DOC_49996',33,'AB-'),('313027','2019-11-08','PAT_2697','Ashley Morrison','8697182546','PSC 3860, Box 5389 Jambuda RAJASTHAN','DOC_73396',43,'A-'),('485771','2019-12-16','PAT_2698','Carl Valenzuela','8421812160','773 Parker Spurs Apt. 759 Maihar MADHYA PRADESH','DOC_79500',23,'A+'),('243001','2019-08-13','PAT_27','Candace Thomas','8072049847','0731 Fernando Track Apt. 874 Chaupla UTTAR PRADESH','DOC_29276',65,'A+'),('413107','2019-12-27','PAT_2701','Daisy Urankar','8396475369','86680 Richard Grove Islampur MAHARASHTRA','DOC_76343',24,'B-'),('473331','2019-08-25','PAT_2705','Claire Garcia','8861149568','64571 Hammond Greens Kachnar MADHYA PRADESH','DOC_95320',64,'A+'),('628253','2019-09-29','PAT_2706','Irwin Clark','8653340357','97094 Jack Shore Suite 152 Kaliyavoor TAMILNADU','DOC_49286',62,'O+'),('712135','2019-09-11','PAT_2708','Jean Vargas','8015400864','1898 Bradley Glen Ballaldighi WEST BENGAL','DOC_33265',59,'O-'),('504292','2019-08-18','PAT_2709','Alan Nelson','8980319728','Unit 6522 Box 7547 Gangapur ANDHRA PRADESH','DOC_32181',18,'O+'),('491107','2019-10-27','PAT_2710','Susan Githens','8734512312','Unit 6859 Box 5883 Newai CHATTISGARH','DOC_4184',63,'O-'),('133103','2019-12-29','PAT_2713','Ellen Lisowski','8031985502','Unit 1432 Box 6004 Jagdholi HARYANA','DOC_47398',63,'A-'),('847408','2020-01-07','PAT_2717','Valerie Fears','8552856525','577 Morgan Fields Suite 421 Khorma BIHAR','DOC_25650',34,'O+'),('822118','2019-12-17','PAT_2720','Allan Otsuka','8218183694','58945 Jonathan Gateway Manjhigaon JHARKHAND','DOC_11958',49,'O+'),('282010','2019-10-26','PAT_2722','Jannie Mccarty','8795582695','0629 April Islands Nai Ki Mandi UTTAR PRADESH','DOC_83085',23,'O-'),('835222','2019-11-07','PAT_2723','Jack Logan','8177529255','USNV Chambers Guru JHARKHAND','DOC_3573',47,'A-'),('767025','2019-12-06','PAT_2724','Juan Jones','8916918040','88831 Jerry Shores Bagmund ORISSA','DOC_79667',59,'A-'),('472337','2019-10-17','PAT_2725','Stephen Kim','8821829126','864 Peterson Cliff Suite 347 Jerakhas MADHYA PRADESH','DOC_84324',57,'B-'),('505529','2019-11-03','PAT_2727','Angel Huang','8353993701','673 Rachel Club Apt. 225 Raichpapalli ANDHRA PRADESH','DOC_4989',19,'A-'),('764056','2019-11-20','PAT_2728','Jennifer Whitlock','8292067512','0627 Moore Flat Nuagaon ORISSA','DOC_23153',58,'B-'),('502267','2020-02-13','PAT_273','Christopher Ash','8283279030','PSC 7475, Box 5439 Medipally ANDHRA PRADESH','DOC_36291',38,'B-'),('307802','2019-10-07','PAT_2731','Adeline Patterson','8386707940','7028 Amy Ridge Madia RAJASTHAN','DOC_75158',38,'B-'),('583135','2019-08-08','PAT_2733','Marylou Gonzalez','8115832066','02368 Oscar Track Apt. 158 Geddalagatta KARNATAKA','DOC_25335',34,'B-'),('731303','2019-10-27','PAT_2734','Theodore Hanson','8285315815','03571 Mann Lane Bipratikuri WEST BENGAL','DOC_73243',65,'O-'),('416209','2019-10-18','PAT_2735','Esmeralda Prosser','8270687938','44454 Simmons Drive Waghapur MAHARASHTRA','DOC_23764',66,'A-'),('341503','2019-09-01','PAT_2736','Stacey Brendal','8415670929','2148 Baldwin Course Idwa RAJASTHAN','DOC_84850',64,'O-'),('757087','2020-01-28','PAT_2737','Susan Gholston','8354973865','44321 Harris Row Chadada ORISSA','DOC_49838',68,'B+'),('441803','2020-02-11','PAT_2739','Michael Prentice','8830560774','71158 Cristina Wells Kudegaon MAHARASHTRA','DOC_84850',23,'A+'),('516434','2020-01-08','PAT_274','Michelle Dixon','8452695683','961 Thornton Common Suite 883 Gudemcheruvu ANDHRA PRADESH','DOC_6004',45,'B+'),('799003','2020-01-28','PAT_2741','Mark Callaghan','8036437330','27831 Kimberly Stream Suite 756 Arundhutinagar NORTH EASTERN','DOC_36257',61,'O-'),('585411','2020-01-26','PAT_2742','Jorge Tate','8451890033','92084 Arnold Estates Shivani KARNATAKA','DOC_45111',26,'O+'),('534146','2019-12-29','PAT_2743','Deborah Bullinger','8499777143','696 Pena Squares Apt. 847 Konala ANDHRA PRADESH','DOC_44905',36,'AB+'),('334802','2019-08-11','PAT_2746','Barbara Roach','8124084227','PSC 0771, Box 6184 Jesalsar RAJASTHAN','DOC_73249',44,'O+'),('813113','2020-02-16','PAT_2749','Denise King','8346420107','84834 Cole Locks Apt. 959 Habibpur BIHAR','DOC_7492',30,'AB-'),('833210','2019-12-21','PAT_2750','Carlton Owen','8619137710','8534 Richards Corners Suite 160 Nengtasai JHARKHAND','DOC_68347',45,'O-'),('416209','2020-01-05','PAT_2754','Dean Campbell','8018073045','99782 Taylor Cliff Suite 643 Barve MAHARASHTRA','DOC_44680',18,'O-'),('243123','2019-09-14','PAT_2758','Mathew Humphreys','8912474125','87364 Thomas Alley Suite 715 Bithri Chainpur UTTAR PRADESH','DOC_70206',18,'B-'),('473660','2020-01-12','PAT_2759','Delphine Giles','8349577589','9665 Wheeler Ports Silanagar MADHYA PRADESH','DOC_60838',67,'B-'),('816101','2019-12-20','PAT_2762','Jose Cardona','8883718201','410 Nathan Islands Bakudih JHARKHAND','DOC_10890',30,'B+'),('607101','2019-08-01','PAT_2763','Lucy Martin','8398011909','6935 Deleon Mall Suite 837 Alagaperumalkuppam TAMILNADU','DOC_56418',56,'AB-'),('391125','2019-10-28','PAT_2764','Anne Wearing','8700248904','Unit 0204 Box 6359 Chhuchhapura GUJARAT','DOC_52538',24,'O-'),('443102','2020-01-09','PAT_2765','Odell Santoyo','8843276505','Unit 7959 Box 5390 Shelgaon Bazar MAHARASHTRA','DOC_43517',48,'O+'),('841428','2019-12-09','PAT_2768','Fred Delbridge','8090196572','26286 Taylor Mountain Dumaria Dhamapakar BIHAR','DOC_60077',52,'A+'),('591147','2019-11-24','PAT_277','Karen Ford','8854253374','331 Lauren Extension Deshnur KARNATAKA','DOC_1341',19,'O+'),('500008','2019-12-17','PAT_2776','Dawn Williams','8747031921','294 Jimmy Rue Suite 855 Kakatiya Nagar ANDHRA PRADESH','DOC_21230',40,'A+'),('517590','2019-08-10','PAT_2782','Edna Erskine','8949062184','68792 Fischer Common Pudupet ANDHRA PRADESH','DOC_4143',29,'A-'),('394115','2019-08-29','PAT_2783','Henry Trout','8427666257','91696 Hudson Rapids Alonj GUJARAT','DOC_32719',55,'B-'),('583275','2019-09-07','PAT_2784','Edward Rowland','8782068170','79124 Patricia Brook Vidyanagar KARNATAKA','DOC_12892',36,'O-'),('442302','2019-09-03','PAT_2785','Charlotte Young','8343429832','PSC 4091, Box 1527 Sorta MAHARASHTRA','DOC_9996',68,'AB+'),('533339','2019-09-09','PAT_2786','William Gowan','8151298191','773 Justin Ferry Suite 637 Chinaramanayyapeta ANDHRA PRADESH','DOC_75902',44,'B+'),('515766','2019-08-04','PAT_279','Nada Anderson','8414808456','0273 James Stravenue Suite 675 Nizava.Lli ANDHRA PRADESH','DOC_86617',38,'AB-'),('822120','2020-01-01','PAT_2791','Joseph Bonilla','8127836051','6575 Cross Village Suite 725 Morway JHARKHAND','DOC_30146',31,'O-'),('765024','2019-10-20','PAT_2792','Robert Davey','8612730530','Unit 8767 Box 4968 Naira ORISSA','DOC_93922',63,'A+'),('841505','2020-01-12','PAT_2793','Aaron Cantu','8375789010','23151 Martin Ports Suite 710 Khajuria BIHAR','DOC_46498',66,'AB-'),('248010','2019-08-11','PAT_2794','Lisa Butler','8319556196','564 Linda Drive Apt. 573 Nehrugram UTTARAKHAND','DOC_77254',25,'B+'),('590016','2019-09-16','PAT_2795','Henry Barmore','8075800154','1066 Benson Expressway Suite 050 Belgaum Mal Marutu Extension KARNATAKA','DOC_40032',33,'B+'),('311301','2020-01-29','PAT_2798','David Riker','8215708273','Unit 4461 Box 2296 Barana RAJASTHAN','DOC_42580',63,'AB+'),('587201','2019-09-20','PAT_2799','Tia Milton','8350347626','994 Christina Pine Suite 152 Hebballi KARNATAKA','DOC_49132',61,'O+'),('695304','2019-10-31','PAT_2800','Tammy Vandercook','8491069155','843 Amy Spring Suite 840 Chirayinkeezhu KERALA','DOC_66765',67,'AB-'),('465230','2019-09-12','PAT_2801','Deborah King','8002614667','967 Dana Viaduct Apt. 366 Kanad MADHYA PRADESH','DOC_23781',43,'B+'),('788098','2019-08-28','PAT_2806','Emily Franz','8608639416','USNV Thomas Sibpur ASSAM','DOC_66598',58,'AB-'),('121106','2019-12-15','PAT_2807','Richard Howe','8965388526','42136 Catherine Valley Apt. 824 Gorota HARYANA','DOC_61160',43,'A+'),('713426','2020-02-12','PAT_2808','Anthony Beaulieu','8538144908','89251 Tom Bypass Faridpur WEST BENGAL','DOC_79155',67,'A+'),('610107','2020-02-07','PAT_2809','Olivia Thieman','8722708603','7676 Mark Lane Tiruvidacherry TAMILNADU','DOC_56068',47,'O-'),('441914','2019-08-17','PAT_2814','Shawn Mckamey','8748409748','656 Haley Mountains Suite 075 Andhalgaon MAHARASHTRA','DOC_72987',23,'O+'),('572111','2019-09-28','PAT_2819','Kelly Helmuth','8042067125','855 Jessica Branch Markonahalli KARNATAKA','DOC_28767',36,'O+'),('518360','2019-12-07','PAT_2823','Nancy Mahan','8321183419','33586 Rush Forest Tbp.Colony ANDHRA PRADESH','DOC_50440',54,'AB-'),('341317','2019-12-16','PAT_2824','Erwin Moulton','8093317886','USNS Contreras Dhingasari RAJASTHAN','DOC_42716',44,'AB+'),('756040','2019-10-11','PAT_2831','Jordan Moreno','8113189875','23178 Erickson Landing Suite 359 Podasul ORISSA','DOC_7631',45,'A+'),('828129','2020-02-20','PAT_2834','Richard Spannaus','8112106231','883 Scott Manors Karitand JHARKHAND','DOC_10338',26,'B+'),('841412','2020-02-26','PAT_2836','Megan Osterberg','8366814949','45503 Flores View Apt. 907 Sauri Buxi Zee BIHAR','DOC_4172',38,'AB-'),('689121','2019-12-01','PAT_2842','Christi Curry','8544481494','4315 Jenkins Row Suite 758 Chengannur RS KERALA','DOC_96014',18,'AB-'),('502270','2019-10-02','PAT_2843','Thomas Weible','8490771483','44846 Maria Cliffs Apt. 874 Kusangi ANDHRA PRADESH','DOC_20631',65,'A+'),('413218','2019-12-21','PAT_2847','Abraham Welch','8409085688','5421 Peter Ports Safale MAHARASHTRA','DOC_50790',66,'AB-'),('680562','2020-02-02','PAT_2848','Amanda Morgan','8911052551','1190 Roy Mall Urakam KERALA','DOC_83085',25,'B+'),('635809','2019-12-22','PAT_285','Joann Jesus','8415837933','PSC 8095, Box 1410 Pallikonda Bazaar TAMILNADU','DOC_80656',20,'B+'),('534112','2020-01-13','PAT_2850','Vickie Sellers','8967084061','408 James Creek Suite 278 Prakasaraopalem ANDHRA PRADESH','DOC_7578',66,'AB+'),('713152','2019-10-30','PAT_2851','Phillip Wolfe','8651340407','027 Michael Mill Apt. 092 Hedogora WEST BENGAL','DOC_19267',62,'AB-'),('413209','2020-02-13','PAT_2858','Theresa Pasey','8633895542','053 Young Field Suite 469 Uplai Budruk MAHARASHTRA','DOC_79667',57,'A-'),('393130','2019-10-01','PAT_2860','Michael Beltran','8210021197','50379 Vernon Summit Suite 012 Khardipada GUJARAT','DOC_24482',46,'B+'),('572112','2019-12-26','PAT_2861','Thelma Willis','8922118481','8615 Huffman Crossroad Suite 118 Dodderi KARNATAKA','DOC_55837',67,'B-'),('601101','2020-02-07','PAT_2863','Jonathan Brown','8248929711','8132 Franklin Mountains Rallapadi TAMILNADU','DOC_5557',25,'O+'),('735204','2019-11-20','PAT_2865','David Casares','8980668176','9068 Fields Neck Nangdala WEST BENGAL','DOC_73249',57,'B-'),('421301','2019-09-21','PAT_2868','Lindsey Piche','8573858907','89484 Glenda Cliffs Asangaon MAHARASHTRA','DOC_55837',38,'AB+'),('466116','2020-01-12','PAT_2870','George Merida','8096786070','1142 Cody Views Aipur Ashta MADHYA PRADESH','DOC_83170',51,'A+'),('341510','2019-08-18','PAT_2876','Ana Polly','8938398848','2262 Morgan Well Chundiya RAJASTHAN','DOC_99759',58,'A-'),('384265','2019-09-19','PAT_2877','Monique Keeler','8445068028','074 Jones Run Dhanawada GUJARAT','DOC_10816',51,'A+'),('332002','2019-09-02','PAT_2890','Peggy Joseph','8978031385','620 Nichols Island Anokhu RAJASTHAN','DOC_4172',26,'B-'),('841407','2019-10-05','PAT_2892','Kevin Bond','8572756590','8324 Samuel Circles Apt. 068 Khajuhatti BIHAR','DOC_2820',28,'B-'),('522503','2019-10-01','PAT_2895','Flora Rust','8624108274','114 Shawna Viaduct Suite 322 Venkatapalem ANDHRA PRADESH','DOC_81428',51,'B-'),('413401','2020-01-26','PAT_2898','Kenya Taylor','8410496481','18860 Dale Meadows Jamgaon  (Pangari) MAHARASHTRA','DOC_32087',53,'AB+'),('787057','2019-12-24','PAT_2899','Andy Busse','8501428564','54456 Jillian Skyway Guttung ASSAM','DOC_40658',62,'O-'),('680590','2019-10-17','PAT_290','William Wagner','8046827507','707 Hood Terrace Kundannur KERALA','DOC_70206',45,'A+'),('535102','2019-09-01','PAT_2900','James Conley','8031425973','88918 Wheeler Underpass Gottipalli ANDHRA PRADESH','DOC_5070',24,'AB+'),('332001','2019-09-06','PAT_2901','Bertha Strong','8866916708','6769 Carrie Crossroad Sabalpura RAJASTHAN','DOC_9068',52,'B-'),('732138','2019-09-16','PAT_2909','Jane Alvord','8101531433','29568 Eric Springs Purba Ranipur WEST BENGAL','DOC_81587',70,'B+'),('391125','2019-12-30','PAT_291','Christa Bryant','8234838508','125 Douglas Common Dormar GUJARAT','DOC_86807',64,'AB+'),('507001','2019-12-14','PAT_292','Ethel Salazar','8374616235','84224 Jacob Streets Bus Station(KHM) ANDHRA PRADESH','DOC_1088',53,'A+'),('521178','2019-10-06','PAT_2926','Gregory Powell','8043134428','13253 John Trafficway Gowravaram ANDHRA PRADESH','DOC_29969',21,'AB+'),('722151','2019-12-02','PAT_2929','Paul Larrison','8752047221','6744 Susan Ville Apt. 453 Nemaipur WEST BENGAL','DOC_94954',65,'AB-'),('628552','2019-10-31','PAT_2931','John Leutwiler','8306590378','08746 Scott Squares Apt. 137 Kalugumalai TAMILNADU','DOC_1077',36,'O+'),('271604','2019-11-23','PAT_2936','Betty Boettcher','8458569053','886 Peterson Road Bank Bazar UTTAR PRADESH','DOC_40111',66,'AB+'),('263661','2019-12-14','PAT_2937','Adrian Watts','8269325758','034 Brown Dam Suite 483 Rudoli UTTARAKHAND','DOC_13200',35,'O-'),('713381','2019-08-29','PAT_2938','Cesar Dishon','8874774112','167 Mendez Pine Nutandanga WEST BENGAL','DOC_52140',22,'O+'),('321204','2019-10-16','PAT_2939','Jeffrey Phelps','8414968012','7230 Cantrell Grove Apt. 152 Samler RAJASTHAN','DOC_3058',25,'A+'),('341028','2019-08-25','PAT_294','Zachary Alvarado','8964644636','041 Veronica Rest Apt. 506 Mundiyar RAJASTHAN','DOC_36976',30,'A-'),('415410','2020-01-20','PAT_2942','Berniece Crumm','8931360789','65032 Erin Alley Pachumbri MAHARASHTRA','DOC_59812',49,'AB+'),('636804','2019-11-07','PAT_2946','Melissa Harmon','8544110643','7976 Baker Lock Apt. 175 Boodanahalli TAMILNADU','DOC_57263',31,'A-'),('481337','2019-08-22','PAT_2947','Pamela Greenspan','8443801130','648 Anthony Dam Fulchur MADHYA PRADESH','DOC_15891',57,'A-'),('192201','2020-01-19','PAT_295','Steve Torrez','8058599866','3322 Cooper Falls Shangas JAMMUKASHMIR','DOC_80384',54,'AB+'),('344011','2020-01-28','PAT_2950','Ann Ng','8478256343','535 Rasmussen Mall Apt. 622 Unroad RAJASTHAN','DOC_79449',62,'A+'),('383422','2019-09-03','PAT_2951','Mary Hart','8533346841','1022 Ellen Ridges Delwada GUJARAT','DOC_5284',23,'B+'),('262580','2019-12-13','PAT_2953','Clark Chiariello','8204188746','0315 York Ports Apt. 632 Sango UTTARAKHAND','DOC_96811',36,'B+'),('385001','2019-09-09','PAT_2954','Amy Wilson','8396286952','7399 Alex Passage Apt. 241 Hathidra GUJARAT','DOC_66814',36,'A+'),('472115','2019-10-16','PAT_2955','Edward Thomas','8061760668','Unit 3902 Box 7993 Matol MADHYA PRADESH','DOC_86725',54,'AB+'),('517583','2019-09-20','PAT_2956','Roger Mckay','8073155683','4153 Serrano Throughway Suite 991 Puttur South ANDHRA PRADESH','DOC_1737',20,'B-'),('788804','2019-12-08','PAT_2958','Susan Johnson','8895124737','9130 Jill Vista Apt. 011 Katirail ASSAM','DOC_28767',43,'O+'),('721431','2020-01-14','PAT_2963','Katrina Dwyer','8308508656','86210 Burton Fork Sillyaberia WEST BENGAL','DOC_14771',60,'O+'),('604210','2019-08-31','PAT_2966','Errol Walker','8419124727','2082 Wright Pass Suite 372 Mahadevimangalam TAMILNADU','DOC_51443',37,'A-'),('841239','2019-11-16','PAT_2968','William Shepherd','8713901046','PSC 3610, Box 6434 Punak BIHAR','DOC_86858',41,'B-'),('415405','2019-11-09','PAT_2969','Mario Guarino','8602359063','79520 Adam Ford Apt. 130 Charan MAHARASHTRA','DOC_79631',62,'AB+'),('562114','2020-01-24','PAT_297','Hilda Spain','8159505045','465 Mary Street Mugabala KARNATAKA','DOC_62780',36,'O-'),('521131','2020-02-27','PAT_2971','Ted Tillery','8832564441','USS Hanson Bhogireddipalli ANDHRA PRADESH','DOC_93662',68,'AB-'),('506345','2020-01-31','PAT_2973','Sally Hussain','8409484778','037 Gregory Camp Ramanujpur ANDHRA PRADESH','DOC_66814',44,'B+'),('124001','2020-02-13','PAT_2977','Eric Godoy','8525955405','9899 Bruce Rest Suite 443 Jassia HARYANA','DOC_67368',37,'B+'),('444807','2019-10-20','PAT_2978','Douglas Casazza','8368054680','89753 Thompson Flat Apt. 153 Chikhaldara MAHARASHTRA','DOC_35397',19,'A-'),('673593','2020-02-22','PAT_2981','Robert Palumbo','8446661099','469 Steven Ville Apt. 396 Narikkundu KERALA','DOC_25111',35,'AB-'),('826004','2019-09-12','PAT_2983','Barbara Stanley','8792249172','6732 Sheila Tunnel Nagnagar JHARKHAND','DOC_92681',30,'O-'),('327026','2020-01-19','PAT_2987','Julian Goya','8702955704','5891 Kyle Mission Bhungda RAJASTHAN','DOC_9068',45,'A+'),('263624','2019-09-27','PAT_2989','Michael Griffin','8737938955','0265 Smith Circle Apt. 428 Jamrari UTTARAKHAND','DOC_87065',23,'A-'),('585412','2019-12-02','PAT_2992','William Hubbard','8919776380','9194 Smith Points Apt. 354 Udbal KARNATAKA','DOC_13442',50,'A-'),('327608','2019-11-21','PAT_2993','Alvin Carroll','8387980712','0747 Jon Loop Bodigama RAJASTHAN','DOC_6722',44,'A+'),('322025','2020-02-19','PAT_2994','Wanetta Jacobs','8128661228','8737 Barber Rapid Kuredi RAJASTHAN','DOC_69803',55,'B+'),('722178','2020-01-27','PAT_2997','Joe Leach','8679481925','88481 Alejandro Courts Apt. 706 Ayma WEST BENGAL','DOC_81266',61,'A-'),('581320','2019-10-29','PAT_2998','Ashley Smith','8687394473','52287 Kyle Crossroad Yelvadikavur KARNATAKA','DOC_9351',68,'B-'),('584134','2019-09-16','PAT_30','Stella Richardson','8609534256','0092 Garcia Rue Hembarhal KARNATAKA','DOC_86904',69,'O+'),('486226','2020-02-24','PAT_3000','Carmen Muncy','8563868200','820 Huffman Station Suite 547 Umari Govindpur MADHYA PRADESH','DOC_89126',24,'AB+'),('334603','2019-08-20','PAT_3002','Eliza Wellman','8927535448','16505 John Mall Khinyera RAJASTHAN','DOC_21230',41,'AB-'),('413227','2019-12-11','PAT_3003','Donald Herring','8573815100','943 Oconnor Cape Kadabgaon MAHARASHTRA','DOC_31248',51,'A+'),('504110','2019-11-17','PAT_3005','Eleanor Mccall','8746056210','140 Laura Junction Apt. 582 Chincholi (B) ANDHRA PRADESH','DOC_68615',38,'B-'),('441803','2020-02-29','PAT_3006','John Luskey','8068378320','1713 Mia Inlet Suite 815 Moharna MAHARASHTRA','DOC_50359',49,'AB-'),('607106','2019-08-01','PAT_3007','Kayleen Harris','8571367203','601 Mann Trail Suite 409 Kilmampattu TAMILNADU','DOC_75156',68,'O-'),('782003','2019-12-31','PAT_3008','Sue Calley','8945672835','170 Baker Overpass Apt. 676 Madhupur ASSAM','DOC_11659',52,'B-'),('756032','2020-02-11','PAT_3010','Kristi Young','8856591235','053 Ward Brook Chhamouza ORISSA','DOC_67812',67,'B-'),('516228','2019-10-05','PAT_3012','Myrtle Castro','8149615639','USNV Garcia Kalvapalli ANDHRA PRADESH','DOC_80338',19,'AB-'),('497223','2019-10-30','PAT_3014','Patricia Butler','8801794900','141 Jacobson Square Kewra CHATTISGARH','DOC_58361',51,'A-'),('683565','2020-01-10','PAT_3016','Inez Mayes','8134548221','Unit 2056 Box 9274 Peringala KERALA','DOC_98355',32,'A+'),('811101','2019-09-27','PAT_3022','Veronica Holcomb','8209727721','84279 Johnny Roads Suite 309 Ramjan Pur BIHAR','DOC_66998',46,'AB-'),('442907','2019-10-09','PAT_3023','Judith Hoffman','8132948843','343 Thomas Locks Apt. 517 Khambada MAHARASHTRA','DOC_16695',51,'B-'),('396051','2019-10-25','PAT_3024','Arthur Pacheco','8273381942','PSC 4080, Box 7812 Bildha GUJARAT','DOC_56068',53,'A-'),('533450','2019-11-03','PAT_3026','Charles Thomas','8820292413','94940 Miller Inlet Suite 656 Viravada ANDHRA PRADESH','DOC_48519',56,'AB-'),('509337','2019-10-05','PAT_3028','Ann Mcginity','8134748277','892 King Flat Mangampet ANDHRA PRADESH','DOC_99400',34,'A-'),('788101','2019-10-06','PAT_303','Michele Sims','8323955555','76281 Thompson Heights Suite 152 Govindapur East ASSAM','DOC_13107',49,'B+'),('491001','2020-01-09','PAT_3032','Louis Wallace','8965319747','622 Jackie Ville Nandkatti CHATTISGARH','DOC_72138',20,'B+'),('624212','2019-12-18','PAT_3033','Blake Howlett','8673304092','1022 Kenneth Lodge Suite 529 Perumbarai TAMILNADU','DOC_97692',24,'O+'),('473793','2019-12-23','PAT_3034','Glynis Webre','8629723692','4481 Austin Locks Gopalpura MADHYA PRADESH','DOC_58423',20,'A+'),('505502','2019-10-25','PAT_3036','Jonathan Daw','8274952504','0158 Ryan Corners Suite 872 Desaipalli ANDHRA PRADESH','DOC_51210',22,'B-'),('481556','2020-02-16','PAT_3037','Victor Gagliano','8943816510','0682 David Islands Suite 454 Linga MADHYA PRADESH','DOC_25104',29,'A+'),('144804','2020-01-30','PAT_3038','Timothy Boyle','8826890375','26006 David Fields Dhaliwal Bet PUNJAB','DOC_68845',53,'O+'),('413304','2019-10-14','PAT_3039','Wayne Magee','8769944744','3493 Erin Brooks Suite 101 Gursale MAHARASHTRA','DOC_60225',29,'A+'),('752019','2019-09-22','PAT_304','Laura Adams','8253233884','13601 Adam Ford Apt. 847 Kesharpur ORISSA','DOC_86501',27,'AB+'),('504346','2019-09-22','PAT_3042','Raymond Perkins','8225149672','62984 Jones Circles Dhanora(B) ANDHRA PRADESH','DOC_76343',41,'A+'),('641664','2019-11-21','PAT_3047','Trina Hawkins','8611186526','986 Obrien Grove Apt. 145 Palladam TAMILNADU','DOC_64676',69,'O-'),('627756','2020-01-13','PAT_3048','Samuel Cunningham','8360086289','09822 Wallace Oval Suite 161 Vadakkupudur TAMILNADU','DOC_46422',23,'A+'),('815357','2020-01-21','PAT_305','Paul Cota','8194333251','39847 Thomas Forest Apt. 017 Madankatha JHARKHAND','DOC_7779',19,'O-'),('768112','2019-08-04','PAT_3056','Todd Upton','8175104341','6097 Murillo Mountains Badasahir ORISSA','DOC_10338',24,'AB+'),('784176','2019-09-24','PAT_3058','Robert Baldridge','8194944704','1403 Ashley Shoal Lehugaon ASSAM','DOC_3843',68,'O-'),('465001','2020-02-16','PAT_306','Eva Mchone','8040145131','75497 Parker Flat Suite 376 Shajapur  Town MADHYA PRADESH','DOC_66814',58,'O+'),('416702','2019-11-20','PAT_3060','John Dunlap','8023908116','79396 Wilson Shore Suite 955 Upale MAHARASHTRA','DOC_4184',18,'AB+'),('425002','2020-02-28','PAT_3062','Antonio Fletcher','8448226938','56737 Jason Camp Apt. 702 Mohadi MAHARASHTRA','DOC_4989',32,'A-'),('182202','2019-11-17','PAT_3064','James Hedrick','8482653400','158 Jacqueline Plains Apt. 003 Dessa JAMMUKASHMIR','DOC_65334',70,'AB-'),('221711','2020-02-07','PAT_3066','Patricia Lipner','8766735702','457 Hall Ways Apt. 358 Khanwar UTTAR PRADESH','DOC_55409',69,'A-'),('804403','2019-12-24','PAT_3067','Amelia Bettis','8210386841','943 Kimberly Island Apt. 788 Samaspur BIHAR','DOC_28843',61,'A-'),('614001','2020-02-08','PAT_3068','David Witte','8589405125','4196 Tina Summit Gopalasamudram TAMILNADU','DOC_49925',58,'O+'),('626124','2020-01-07','PAT_3069','Patrick Strader','8087446775','394 Sullivan Spring Suite 875 Maraneri TAMILNADU','DOC_62057',45,'A+'),('306701','2020-01-14','PAT_3072','Jewell Morvillo','8153849091','770 Lynch Fork Bali RAJASTHAN','DOC_89549',65,'AB+'),('122102','2020-01-17','PAT_3076','Robert Audette','8887916301','35450 Brianna Trail Apt. 526 Maruthi Kunj HARYANA','DOC_17398',35,'A+'),('344704','2019-08-08','PAT_3079','Brian Tarvin','8999846592','18442 Sara Divide Bhunia RAJASTHAN','DOC_55837',64,'A-'),('627855','2019-10-23','PAT_3083','James Edwards','8415755895','8139 Madeline Vista T.N.Puthukudi TAMILNADU','DOC_92624',18,'AB-'),('713142','2019-09-23','PAT_3086','Maria Barker','8462039463','2270 Davis Mission Apt. 608 Chandipur Berugram WEST BENGAL','DOC_66168',55,'A+'),('502293','2020-01-06','PAT_3088','Leroy Perrucci','8276019421','26152 Jenkins Views Apt. 808 Pocharam ANDHRA PRADESH','DOC_77870',58,'O-'),('388140','2019-10-11','PAT_3089','Herbert Alexander','8077858654','225 Greene Gardens Dabhasi GUJARAT','DOC_46422',44,'AB+'),('576230','2019-08-05','PAT_3091','Alice Walker','8435692925','49634 Nicole Mills Apt. 422 Kattebelthur KARNATAKA','DOC_9351',44,'AB+'),('600056','2019-09-10','PAT_3095','Jeremy Rochelle','8836231218','42982 Sandra Parkways Apt. 897 Poonamallee TAMILNADU','DOC_27603',50,'AB+'),('756032','2019-10-13','PAT_3097','Ginger Johnson','8498396359','71385 Gregory Garden Jaleswar RS ORISSA','DOC_34026',65,'B+'),('854333','2020-02-11','PAT_3099','James Hartsook','8811881648','19628 Jenkins Neck Dharhmagtanj BIHAR','DOC_16236',56,'A+'),('143115','2020-02-06','PAT_31','Patricia Kelly','8152329738','03164 Melissa Mission Ekal Gudda PUNJAB','DOC_29502',29,'B+'),('493773','2019-12-20','PAT_310','Sharon Fernandez','8134964307','61810 Daniel Ferry Chhuhi CHATTISGARH','DOC_16666',57,'B+'),('122108','2019-11-01','PAT_3101','Joseph Sanders','8208086051','PSC 8401, Box 8038 Sakras HARYANA','DOC_47228',35,'A+'),('382460','2020-01-15','PAT_3103','Brooke Baker','8262353982','765 Bryant Branch Zanzarka GUJARAT','DOC_59154',61,'O+'),('770014','2019-11-07','PAT_3105','Cynthia Holland','8441511168','335 Snyder Garden Suite 407 Kiralaga ORISSA','DOC_31445',35,'AB+'),('442704','2019-10-12','PAT_3106','Matthew Broad','8212780043','21174 Robert Village Suite 538 Todsa MAHARASHTRA','DOC_78908',65,'O+'),('470672','2019-08-21','PAT_3108','Douglas Garcia','8841944324','6564 Hicks Fort Bansa Tarkheda MADHYA PRADESH','DOC_61181',33,'A+'),('767002','2020-02-09','PAT_3109','Lashanda Igbal','8807205584','USNS Thornton College Square ORISSA','DOC_18290',37,'A-'),('788114','2020-02-04','PAT_311','Winnie Clark','8940874116','27335 Harmon Plain Apt. 275 Debipur ASSAM','DOC_71986',58,'AB-'),('518511','2019-11-12','PAT_3110','Jose Johnson','8215558279','17008 Kathleen Tunnel Suite 017 Gadigarevula ANDHRA PRADESH','DOC_28635',49,'AB-'),('691528','2019-09-30','PAT_3113','Phyllis Darland','8412893904','09195 Brandon Land Apt. 225 Peringanad KERALA','DOC_23915',29,'A+'),('768107','2019-11-08','PAT_3115','Jason Hawkins','8732887463','PSC 6209, Box 4792 Bamandagarh ORISSA','DOC_85895',70,'A+'),('305623','2019-09-01','PAT_3116','Juan Hinton','8155314108','USS Floyd Lamba Kund Ka RAJASTHAN','DOC_19807',31,'A-'),('768034','2020-01-16','PAT_3117','Micheal Buckingham','8437964498','Unit 5781 Box 4419 Sanimal ORISSA','DOC_28635',39,'AB-'),('518462','2020-01-26','PAT_3120','Lucilla Heiliger','8589862226','592 Sarah Springs Apt. 262 Kondapuram ANDHRA PRADESH','DOC_61160',57,'A-'),('833104','2019-11-21','PAT_3122','Victor Mcbride','8909610591','872 Amy Drives Suite 975 Robkera JHARKHAND','DOC_35397',26,'AB+'),('764073','2019-10-28','PAT_3124','Mary Peace','8593863363','86245 Renee Port Suite 277 Dhodra ORISSA','DOC_2660',61,'AB-'),('473443','2019-09-22','PAT_3126','Roger Riekena','8753289012','9709 Porter Villages Damdama MADHYA PRADESH','DOC_70857',26,'B+'),('502316','2019-10-10','PAT_3128','Jacqueline Roberts','8195101026','483 Adam Dale Yelmakanna ANDHRA PRADESH','DOC_46422',62,'B-'),('325222','2019-08-14','PAT_3132','Donna Porter','8225980238','784 Davidson Spurs Apt. 085 Miyada RAJASTHAN','DOC_21421',30,'B+'),('581314','2020-01-03','PAT_3133','Steven Azbill','8584317384','49647 Paul Tunnel Suite 148 Heggar R.C. KARNATAKA','DOC_23280',26,'B-'),('517391','2019-08-18','PAT_3134','Tawana Killinger','8732637131','16683 Luis Glens Apt. 141 Nawabkota ANDHRA PRADESH','DOC_90733',27,'O+'),('518004','2019-11-04','PAT_3135','Josephine Romero','8509198378','79042 Ali Knolls G.Singavaram ANDHRA PRADESH','DOC_49155',21,'O+'),('783348','2020-01-27','PAT_3137','Shirley Lewis','8858800117','19440 Jeffrey Curve Apt. 955 Jalabila ASSAM','DOC_21512',67,'O+'),('224152','2020-02-16','PAT_314','David Shannon','8699684730','3340 Linda Loaf Rudaupur UTTAR PRADESH','DOC_55942',28,'A+'),('522426','2020-02-09','PAT_3140','Jessica Chapa','8286996962','2514 Mary Forks Apt. 742 Rayavaram ANDHRA PRADESH','DOC_74557',66,'A+'),('441206','2019-12-15','PAT_3143','Michael Echeverria','8128049239','34153 Dawson Radial Kurza MAHARASHTRA','DOC_33201',70,'A-'),('572115','2020-01-19','PAT_3144','Rene Legore','8282083346','6516 Green Road Ramalingapura KARNATAKA','DOC_27999',19,'AB-'),('484334','2019-12-29','PAT_3146','Lisa Maye','8345860336','842 James Walk Apt. 112 Khamraundh MADHYA PRADESH','DOC_85672',62,'B+'),('305001','2020-01-21','PAT_3147','Irene Watson','8161526589','USNS Flores Mundri Mohalla Ajmer RAJASTHAN','DOC_29449',68,'A-'),('344704','2020-02-15','PAT_3150','Stuart Cantrell','8788200988','01011 Howell Prairie Bhunia RAJASTHAN','DOC_54431',60,'B+'),('506368','2020-02-02','PAT_3154','Barbara Woods','8269922463','7690 Matthew Loop Apt. 251 Madanthurthi ANDHRA PRADESH','DOC_88408',37,'B+'),('521247','2020-01-25','PAT_3159','James Mccosker','8785708256','902 Jeffrey Ferry Apt. 921 Guruvindapalli ANDHRA PRADESH','DOC_84215',35,'O+'),('841207','2020-02-25','PAT_3167','Alfredo Ortega','8319966761','900 Padilla Crossing Suite 568 Malkhachak BIHAR','DOC_34770',65,'B+'),('202141','2020-02-05','PAT_3169','Mary Haraway','8866162852','9774 Flores Shoal Suite 672 Bharatpur UTTAR PRADESH','DOC_85497',58,'AB+'),('756026','2019-12-28','PAT_317','Beatrice Reinking','8802895580','285 Hudson Island Apt. 997 Paschima Bad ORISSA','DOC_73396',39,'O-'),('736207','2019-09-23','PAT_3173','Dwayne Edmons','8751429862','515 Austin Isle Baruipara WEST BENGAL','DOC_1730',48,'AB-'),('841402','2020-02-04','PAT_3176','Gloria Peyser','8973363821','4341 Shah Mill Apt. 275 Aphar BIHAR','DOC_46498',41,'B-'),('587112','2019-12-16','PAT_318','Erich Lindsey','8949861041','75723 Denise View Suite 623 Chittargi KARNATAKA','DOC_24689',20,'O-'),('151302','2020-02-27','PAT_3181','Betty Jackson','8833309018','748 Jackson Hollow Apt. 445 Kalal Wala PUNJAB','DOC_68845',22,'O+'),('484224','2019-11-26','PAT_3182','Arthur Parker','8154644021','Unit 2576 Box 5675 Chhilpa MADHYA PRADESH','DOC_70207',34,'O+'),('759122','2020-02-13','PAT_3188','Joseph Sommers','8608365839','805 Kenneth Drive Angul Bazar ORISSA','DOC_88143',54,'O+'),('505304','2019-09-17','PAT_3191','Clinton Oden','8616012899','3405 Young Lodge Lingannapet ANDHRA PRADESH','DOC_76964',23,'AB+'),('517213','2019-11-28','PAT_3192','David Fennimore','8245209317','589 Sharon River Gorantlapalle ANDHRA PRADESH','DOC_25091',24,'A+'),('424318','2019-08-23','PAT_3193','Dorothy King','8055373779','218 Horn Square Vani MAHARASHTRA','DOC_5082',54,'AB-'),('415014','2020-02-13','PAT_3196','Angel Toland','8520655265','22430 Cox Greens Tondhoshi MAHARASHTRA','DOC_5680',46,'AB+'),('304502','2020-01-09','PAT_3199','Helen Stout','8367816897','4937 Nolan Viaduct Suite 252 Malpura RAJASTHAN','DOC_60329',24,'AB-'),('509126','2019-12-11','PAT_3202','Linda Holmes','8716922296','4790 Jacqueline Port Paipadu ANDHRA PRADESH','DOC_7778',51,'O-'),('144024','2019-08-29','PAT_3208','Rebecca Smith','8570284992','394 Murray Prairie Apt. 270 Kukar Pind PUNJAB','DOC_83876',61,'A-'),('497118','2019-08-04','PAT_3209','Anna Mendoza','8615716319','54321 Michael Points Suite 243 Gopalpur CHATTISGARH','DOC_75158',39,'B-'),('712303','2019-10-05','PAT_321','Ivan Fitzloff','8739300436','113 Mercado Square Suite 863 Jolekul WEST BENGAL','DOC_16236',46,'B+'),('695043','2019-12-23','PAT_3215','Margarita Amos','8514702815','06291 Burns Fields Kallayam KERALA','DOC_34831',56,'AB+'),('491771','2020-01-23','PAT_3218','Eusebio Levasseur','8052016817','2650 Burns Vista Apt. 101 Dondi Lohara CHATTISGARH','DOC_69498',35,'O+'),('249196','2019-08-11','PAT_3220','Belinda Mills','8169064490','77700 Patrick Fort Apt. 421 Chiniyalisour UTTARAKHAND','DOC_89549',23,'A-'),('416614','2020-01-30','PAT_3221','Millard Caswell','8637819043','455 Kristen Isle Palsamb MAHARASHTRA','DOC_7492',28,'A-'),('522529','2019-10-01','PAT_3223','Steven Lewis','8792600742','10409 Ashlee Causeway Phirangipuram ANDHRA PRADESH','DOC_58211',31,'AB-'),('621011','2019-08-12','PAT_3224','Patricia Thurman','8579914537','8346 Sutton Ridges Uppliapuram TAMILNADU','DOC_68469',25,'B+'),('785640','2019-10-02','PAT_3225','Bennie Barth','8166978759','12688 Jeremy Flats Apt. 712 Betbari ASSAM','DOC_89244',23,'AB+'),('516503','2019-10-10','PAT_3227','Luis Nawrocki','8761488175','5538 Joshua Loaf Suite 654 Mudumala ANDHRA PRADESH','DOC_3058',22,'O+'),('305415','2020-02-12','PAT_3229','Carol Jones','8379370428','346 Schneider Hill Suite 935 Baghera RAJASTHAN','DOC_60077',52,'B+'),('695612','2019-09-08','PAT_323','Shari Oconnor','8752140390','00233 Bailey Shoal Koduvazhannur KERALA','DOC_61308',43,'B+'),('586245','2019-08-10','PAT_3230','Willie Emery','8629664910','1166 Goodwin Divide Nagur KARNATAKA','DOC_7307',44,'O+'),('811317','2019-12-26','PAT_3232','Teddy Bibbs','8609400770','17622 Moreno Mount Gopalpur BIHAR','DOC_7252',52,'O+'),('535521','2019-08-19','PAT_3236','Myra Howell','8169782543','94567 Valdez Roads Chinageesada ANDHRA PRADESH','DOC_2660',26,'A+'),('791104','2019-11-24','PAT_3237','Jennifer Ward','8521945015','569 Ryan Mountains Ngopok NORTH EASTERN','DOC_99752',61,'A+'),('673121','2019-10-04','PAT_3238','Mary Bender','8088863507','345 Jennifer Village Suite 075 Thekkumthara KERALA','DOC_33265',48,'A-'),('581334','2019-11-20','PAT_3240','Mark Guinyard','8406531376','3109 Castillo Corners Apt. 503 Upponi KARNATAKA','DOC_85975',25,'O-'),('151509','2019-11-19','PAT_3242','Kimberly Adolphson','8741619089','36912 Thompson Corners Suite 719 Kotli Kalan PUNJAB','DOC_98411',32,'O-'),('424304','2019-08-01','PAT_3245','Debra Baylor','8792699602','Unit 8453 Box 2841 Devjipada MAHARASHTRA','DOC_99403',42,'O-'),('581357','2020-02-20','PAT_3246','Gregory Brown','8108681691','70552 Katie Manors Shirur KARNATAKA','DOC_75902',66,'B+'),('841223','2019-10-26','PAT_3247','Michele Ona','8399413902','Unit 5272 Box 2140 Mohamadpur BIHAR','DOC_47924',47,'B-'),('577539','2019-08-06','PAT_3250','Linda Zajc','8914348813','5484 Grant Estate Suite 618 Gangasamudra KARNATAKA','DOC_65221',18,'A+'),('606752','2019-12-23','PAT_3251','Evelyn Heinen','8707664180','8985 Hopkins Loop Mangalam TAMILNADU','DOC_92170',30,'AB+'),('480999','2019-08-27','PAT_3258','Matthew Nussbaum','8536597978','083 Garrison Ville Suite 189 Ghatpipariya MADHYA PRADESH','DOC_32278',44,'AB+'),('517425','2019-09-02','PAT_326','Paul Stewart','8471993499','3912 Elizabeth Village Peddabangarunatham ANDHRA PRADESH','DOC_90733',28,'A-'),('626133','2019-09-16','PAT_3260','Gussie Coble','8142342050','550 Monica Islands Kansapuram TAMILNADU','DOC_62708',41,'AB+'),('632517','2019-12-03','PAT_3262','Winnie Gonzales','8389696120','USNS Hardy Arapakkam TAMILNADU','DOC_53557',57,'AB+'),('416508','2019-08-23','PAT_3264','Benjamin Sullivan','8430959714','43186 Terri Lodge Suite 642 Kini MAHARASHTRA','DOC_97464',70,'A+'),('673661','2019-09-19','PAT_3265','Leonard Martin','8809624657','393 Leon Road Kanni Paramba KERALA','DOC_84745',52,'AB+'),('695542','2019-09-26','PAT_3267','Marian Eaves','8116360062','Unit 8801 Box 0120 Kokkotela KERALA','DOC_98739',68,'AB+'),('306115','2019-08-03','PAT_3269','Elodia Torres','8040270852','PSC 4726, Box 9930 Mandal RAJASTHAN','DOC_12821',70,'B-'),('824235','2019-11-09','PAT_327','Bessie Hill','8490169318','187 Simmons Hills Apt. 648 Ur Bishunpur BIHAR','DOC_64071',36,'AB-'),('394655','2020-02-06','PAT_3270','Joseph Joyner','8862855333','7421 Amanda Causeway Kanjan GUJARAT','DOC_72066',48,'O+'),('517643','2019-12-31','PAT_3273','Margaret Poormon','8779084707','94860 Green Tunnel Kovanur ANDHRA PRADESH','DOC_87624',68,'A+'),('737128','2019-11-21','PAT_3277','Roman Considine','8051013843','2122 Robinson Rapid Apt. 557 Melli Bazar WEST BENGAL','DOC_51400',45,'A-'),('509103','2020-02-06','PAT_3279','Edna Cater','8935792898','0572 Carey Bypass Suite 923 Gandhichowk ANDHRA PRADESH','DOC_50359',52,'AB-'),('768104','2019-12-19','PAT_3281','John Fiedler','8018370023','21503 Park Road Chichinda ORISSA','DOC_16925',27,'B+'),('635651','2020-01-21','PAT_3287','William Phung','8510340427','910 Jensen Brooks Suite 184 Pudupettai TAMILNADU','DOC_92843',36,'A-'),('203001','2019-12-11','PAT_3288','Glenda Garcia','8211840202','052 Werner Spring Deputy  Ganj  Bulandshahr UTTAR PRADESH','DOC_30146',63,'A-'),('413228','2020-02-12','PAT_3293','Jacqueline Laney','8060840319','063 Gabrielle Rest Dhotri MAHARASHTRA','DOC_52438',26,'A+'),('627651','2019-09-03','PAT_3294','Joan Rode','8332878997','464 Hall Prairie Kila Uvari TAMILNADU','DOC_11178',29,'AB+'),('507101','2019-12-18','PAT_3295','Ricardo Quiggle','8863136418','52489 Solis Ford Suite 758 Bangaruchelka ANDHRA PRADESH','DOC_87065',31,'A-'),('591317','2020-01-23','PAT_3300','Lisa Wright','8215145458','94209 Katherine Stravenue Apt. 450 Raibag KARNATAKA','DOC_46634',67,'B+'),('143505','2019-11-07','PAT_3301','Clayton Follett','8362766526','9831 Petersen Well Ranger Nangal PUNJAB','DOC_99752',43,'A-'),('535183','2019-10-11','PAT_3309','Mike Johnson','8991793153','Unit 7818 Box 9540 Gangubudi ANDHRA PRADESH','DOC_89940',34,'O+'),('627953','2020-01-04','PAT_3310','Marcia Berlinski','8690284856','5952 Rebecca Oval Balapadraramapuram TAMILNADU','DOC_4876',33,'A-'),('757084','2020-02-18','PAT_3311','Ronald Black','8877520620','91449 John Parkways Suite 079 Gouduniduba ORISSA','DOC_32278',50,'AB+'),('521101','2019-10-29','PAT_3315','Billy Gist','8480639279','2729 Obrien Corner Suite 922 Gollanapalli ANDHRA PRADESH','DOC_1267',29,'A-'),('500095','2019-11-20','PAT_3317','Nicole Bennett','8758342412','39345 Larson Fields Ramkoti ANDHRA PRADESH','DOC_19807',18,'B+'),('271855','2020-01-29','PAT_3320','Rosa Mclaren','8141706005','Unit 7899 Box 2778 Kundwa UTTAR PRADESH','DOC_61966',32,'O-'),('638101','2019-12-13','PAT_3324','Veronica Showers','8009097649','3720 Smith Springs Suite 398 Elavanatham TAMILNADU','DOC_42073',55,'O-'),('516310','2019-09-04','PAT_3329','Karl Vandy','8700460692','Unit 3258 Box 0285 Nidizuvvi ANDHRA PRADESH','DOC_88349',52,'A-'),('506201','2019-12-20','PAT_3330','Bryan Sivels','8930273686','00556 Katherine Garden Apt. 165 Jeedikal ANDHRA PRADESH','DOC_70870',62,'B-'),('521321','2019-12-11','PAT_3331','Angela Jacobs','8621047837','998 Charles Stravenue Kudaravalli ANDHRA PRADESH','DOC_50736',45,'A-'),('632113','2020-01-26','PAT_3340','Travis Carrillo','8000549703','893 John Garden Cholavaram TAMILNADU','DOC_97849',30,'A+'),('757025','2019-09-06','PAT_3345','Dora Walker','8386879282','63399 Phelps Fork Aguad ORISSA','DOC_69474',47,'AB-'),('515541','2020-02-15','PAT_3348','Francis Bolden','8846640466','99751 Mcclure Glens Apt. 945 Lakkasamudram ANDHRA PRADESH','DOC_4172',23,'O+'),('572121','2019-08-05','PAT_3353','Ben Thompson','8604227637','132 David Isle Apt. 277 Arasapura KARNATAKA','DOC_14144',35,'A+'),('628502','2019-12-30','PAT_3354','Alexis Fisk','8739656256','47474 Edward Oval Suite 381 Uthupatti TAMILNADU','DOC_11148',56,'A+'),('586217','2019-10-09','PAT_3356','Dale Mcgann','8041839105','11461 Diana Stravenue Suite 167 Satalgaon KARNATAKA','DOC_29864',33,'AB+'),('495551','2019-08-27','PAT_3357','Vance Harrington','8316755296','820 Kristen Crest Apt. 436 Darrighat CHATTISGARH','DOC_76765',45,'O+'),('504313','2019-12-28','PAT_3359','Steven Harris','8177849782','Unit 7678 Box 6695 Ushegaon ANDHRA PRADESH','DOC_54460',58,'B+'),('845415','2019-10-28','PAT_3361','Mary Carroll','8872681379','545 Williams Isle Apt. 891 Semra BIHAR','DOC_89549',22,'A+'),('327025','2019-09-12','PAT_3364','Paul Taylor','8072383877','7576 Moore Trail Kheda RAJASTHAN','DOC_26144',42,'O-'),('311802','2019-12-10','PAT_337','David Mutch','8382356502','19867 Schmidt Mount Deoli RAJASTHAN','DOC_16236',55,'AB+'),('202131','2019-10-31','PAT_3371','Charles Pepper','8635528125','969 Jeremy Track Rajatau UTTAR PRADESH','DOC_66168',58,'B-'),('391510','2019-08-29','PAT_3372','Tracy Romero','8328677108','Unit 7806 Box 4105 Navagam GUJARAT','DOC_99752',21,'A+'),('331803','2019-11-08','PAT_3375','Amanda Mills','8033917906','0789 Perry Circle Apt. 700 Likhmadesar RAJASTHAN','DOC_37924',48,'O-'),('363520','2020-02-01','PAT_3377','Martha Stevens','8334378927','7309 Miles Common Zinzuda GUJARAT','DOC_22553',53,'O-'),('385410','2019-08-12','PAT_338','Warren Traylor','8081364938','1313 Travis Walks Magarwada GUJARAT','DOC_44905',56,'AB-'),('473781','2019-08-26','PAT_3380','Alex Miller','8742363587','61594 Elijah Summit Rannod MADHYA PRADESH','DOC_65221',39,'A-'),('574116','2019-11-23','PAT_3381','Javier Burns','8764914125','481 Callahan Gateway Kodupanjimar KARNATAKA','DOC_14558',56,'B+'),('673620','2020-02-27','PAT_3388','Luke Loaiza','8186370792','1596 Kari Street Peruvattur KERALA','DOC_89244',53,'O-'),('508204','2019-10-05','PAT_3392','Stanley Chang','8673080196','229 Gina Drive Lakkavaram ANDHRA PRADESH','DOC_99094',41,'A-'),('516268','2020-01-26','PAT_3393','Lucille Corley','8867883827','174 Cheryl Highway Suite 695 Vongimalla ANDHRA PRADESH','DOC_99647',23,'B+'),('560045','2019-12-04','PAT_3395','Jeannie Hill','8528150601','70929 Gordon Groves Suite 725 Nagavara KARNATAKA','DOC_14815',30,'B+'),('722143','2019-11-02','PAT_3396','Ernest Dearth','8556560914','Unit 5065 Box 4289 Ardhagram WEST BENGAL','DOC_70207',57,'A-'),('627602','2020-02-28','PAT_3399','Renato Jeffrey','8649924015','311 Douglas Bypass Odaimarichan TAMILNADU','DOC_83715',40,'B+'),('480994','2019-12-14','PAT_340','Cheryl Precourt','8142485668','6001 Matthews Groves Suite 508 Dobh MADHYA PRADESH','DOC_27845',57,'B-'),('835228','2019-11-29','PAT_3400','Jess Purtle','8859576092','USCGC Miller Biru JHARKHAND','DOC_23282',31,'A-'),('841405','2019-11-15','PAT_3401','Robert Foster','8027123296','99660 Tina Cliffs Hassanpur Mathiya BIHAR','DOC_38303',65,'AB-'),('560034','2019-11-29','PAT_3402','Faye Contreras','8515831035','3449 Hodges Mission Kendriya Sadan KARNATAKA','DOC_12078',38,'O+'),('383307','2020-02-01','PAT_3403','Albert Inglis','8430483287','PSC 0307, Box 7962 Sagpur GUJARAT','DOC_38983',36,'AB+'),('848201','2019-11-15','PAT_3405','Bryce Freeman','8708372212','753 Benjamin Underpass Gamharia BIHAR','DOC_89917',23,'B+'),('450445','2019-10-18','PAT_3406','Marie Fewell','8746004910','091 Joseph Streets Apt. 454 Ichhapur MADHYA PRADESH','DOC_36976',30,'AB-'),('502109','2019-10-03','PAT_3407','Brandon Pinkowski','8851271305','239 Dean Rapids Apt. 791 Rampur ANDHRA PRADESH','DOC_69803',22,'A+'),('506006','2019-11-04','PAT_341','Marcus Hewitt','8137247921','0723 Jill Springs Apt. 689 Deshaipet ANDHRA PRADESH','DOC_19768',26,'B-'),('522330','2020-01-27','PAT_3412','Travis Bennett','8499381977','157 Davenport Crest Penumuli ANDHRA PRADESH','DOC_49046',21,'AB-'),('504307','2020-01-19','PAT_3414','Shelly Devine','8631079197','4759 Gregory Viaduct Soanpally ANDHRA PRADESH','DOC_32923',62,'B-'),('521175','2019-11-09','PAT_3419','Suzanne Easter','8942889686','3668 Randy Mills Suite 254 Gandrai ANDHRA PRADESH','DOC_15614',53,'A-'),('470442','2019-09-29','PAT_3420','Gary Adames','8984577811','1332 Brenda Expressway Bandri MADHYA PRADESH','DOC_19016',36,'B+'),('182121','2020-01-16','PAT_3421','Susan Register','8316246273','190 Catherine Row Suite 160 Charyari JAMMUKASHMIR','DOC_20168',27,'A-'),('781346','2020-02-29','PAT_3422','Richard Young','8296278281','851 Nichole Skyway Apt. 819 Barsimlaguri ASSAM','DOC_38303',42,'AB+'),('212303','2019-12-05','PAT_3425','Bobbi Goodrich','8186798955','642 Brittney Harbor Bhaganpur UTTAR PRADESH','DOC_56436',30,'A+'),('383010','2019-11-13','PAT_3426','Herman Jaffe','8476467716','PSC 4645, Box 7929 Virpur GUJARAT','DOC_89215',65,'AB-'),('331801','2019-11-06','PAT_3427','Larry Williams','8049390068','895 Peterson Cliffs Apt. 250 Jalabsar RAJASTHAN','DOC_81428',68,'B-'),('767023','2019-10-23','PAT_3428','Charles Riebel','8972736564','473 Smith Fall Apt. 433 Sohela ORISSA','DOC_53110',26,'A+'),('713128','2019-12-15','PAT_3430','David Goggins','8810804686','62855 Jose Stream Suite 297 Paligram WEST BENGAL','DOC_19057',56,'B-'),('416510','2019-09-05','PAT_3431','David Meza','8939136494','702 Lewis Mountain Sonurli MAHARASHTRA','DOC_59154',45,'A+'),('620015','2020-02-01','PAT_3434','Tommy Mcdonald','8240141341','446 Turner Trace Suite 144 Valavandankottai TAMILNADU','DOC_42716',53,'O+'),('441906','2019-10-04','PAT_3435','Ruby Pickett','8995097926','9387 Flores Ports Apt. 181 Pipri MAHARASHTRA','DOC_19768',42,'O-'),('721422','2020-01-05','PAT_3437','Mary Soolua','8340445047','3973 Barr Circle Suite 633 Balageria WEST BENGAL','DOC_91710',18,'A+'),('500012','2019-11-12','PAT_344','Scott Pybus','8151042913','782 Garcia Gateway Suite 513 Begumbazar ANDHRA PRADESH','DOC_73939',54,'A+'),('277204','2019-09-06','PAT_3440','Jeffrey Frazier','8965880285','627 Kevin Estate Apt. 145 Jai Prakash Nagar UTTAR PRADESH','DOC_87828',50,'B-'),('625533','2019-10-31','PAT_3442','Maria Rahn','8097080266','05767 Amy Creek U.Ammapatti TAMILNADU','DOC_39634',48,'B+'),('505530','2019-09-04','PAT_3444','Jeanette Hong','8927874409','86989 Benjamin Bypass Apt. 634 Vadloorbegumpet ANDHRA PRADESH','DOC_70527',66,'A-'),('735102','2019-08-24','PAT_3447','Peter Carnes','8435158105','040 Welch Divide Kharia WEST BENGAL','DOC_83876',38,'A+'),('614717','2019-09-29','PAT_345','Ronald Ngo','8407160539','256 Rachel Mill Suite 797 Paingattur TAMILNADU','DOC_66814',56,'AB+'),('712422','2019-09-30','PAT_3453','Roy Bowman','8644563977','57451 Cannon Centers Apt. 987 Pratapnagar WEST BENGAL','DOC_62544',56,'B-'),('751024','2019-08-23','PAT_3455','Eugene Copeland','8839368594','55601 Gina Station K I I T ORISSA','DOC_72138',35,'A-'),('802222','2019-10-24','PAT_3457','Kathleen Beller','8145999808','3264 Collins Cove Kolodihri BIHAR','DOC_83845',67,'O+'),('321411','2019-11-06','PAT_346','Jose Hawkins','8126942322','8720 Jeffrey Villages Adda RAJASTHAN','DOC_42580',66,'B+'),('757020','2019-12-13','PAT_3464','Lorean Walker','8814175296','3070 Terri Oval Apt. 916 Badampur ORISSA','DOC_2820',19,'AB-'),('500049','2019-11-03','PAT_3465','Paul Hapke','8747917680','281 Evans Cape Apt. 552 Miyapur ANDHRA PRADESH','DOC_24811',58,'AB+'),('605701','2019-12-27','PAT_3467','Joseph Seelbach','8979497227','43754 Michelle Coves Pilrampattu TAMILNADU','DOC_14559',58,'AB+'),('734502','2020-01-31','PAT_3472','Yvonne Ditzel','8855301839','894 Madison Isle Gairibas WEST BENGAL','DOC_79538',18,'AB-'),('326519','2019-10-17','PAT_3476','Sandra Mckneely','8817031367','015 Jennifer Shoal Satal Khedi RAJASTHAN','DOC_50440',69,'A-'),('583114','2019-10-08','PAT_348','Mary Rogers','8488205715','4956 Hill Mission Kottalachinta KARNATAKA','DOC_61985',28,'B+'),('181206','2019-11-07','PAT_3483','Carol Mejia','8213368980','4036 Richard Squares Karloop JAMMUKASHMIR','DOC_5680',44,'A+'),('606754','2020-01-08','PAT_3491','Angela Katz','8953023195','002 Tyler Corners Vaipur TAMILNADU','DOC_22553',64,'AB+'),('304504','2020-02-02','PAT_3493','James Gagne','8823212975','PSC 7316, Box 4594 Malikpur RAJASTHAN','DOC_60329',36,'O+'),('628501','2019-11-02','PAT_3495','Helen Turnipseed','8583227782','624 Patricia Oval Suite 233 Kovilpatti R.S TAMILNADU','DOC_67547',37,'A+'),('751017','2019-09-25','PAT_3497','Douglas Patter','8478107795','5647 Jamie Alley Mancheswar Railway Colony ORISSA','DOC_74141',44,'A+'),('507163','2020-01-14','PAT_35','Patsy Harryman','8150417698','2655 Garcia Pike Muthagudem ANDHRA PRADESH','DOC_32923',31,'O+'),('506168','2019-10-16','PAT_350','Tyson Cannon','8066150357','746 Taylor Corner Laxmareddipalli ANDHRA PRADESH','DOC_55942',43,'B+'),('784151','2019-10-20','PAT_3500','Sandra Taylor','8243907240','792 Rachel Ridges Bandarmari ASSAM','DOC_99094',61,'O+'),('390004','2019-12-31','PAT_3504','Patricia Manning','8500366324','825 Rebecca Squares Kapurai GUJARAT','DOC_9855',32,'A-'),('144001','2019-10-08','PAT_3507','Jeanie Harrison','8757468336','1313 Joseph Ford Suite 368 Fentonganj PUNJAB','DOC_47367',63,'A-'),('764063','2019-11-02','PAT_3508','Clara Harrison','8251929035','1229 Ingram Estates Suite 426 Pujariguda ORISSA','DOC_14771',62,'O-'),('334601','2020-02-08','PAT_351','Helen Esparza','8295823551','16691 Robertson Hills Dheerera R.S. RAJASTHAN','DOC_21968',56,'A+'),('574105','2020-02-16','PAT_3512','Travis Cruz','8957814637','413 Roy Gateway Manipura West KARNATAKA','DOC_99631',64,'B-'),('144105','2019-09-05','PAT_3513','Bernadette Walton','8061414221','10211 Olson Valley Apt. 181 Sandhra PUNJAB','DOC_71958',18,'A-'),('520007','2019-11-15','PAT_3522','Jessica Boucher','8992156663','565 Robert Lodge Suite 866 Kanuru ANDHRA PRADESH','DOC_3724',52,'B+'),('605002','2019-12-13','PAT_353','Amy Denton','8654818073','99923 Johnson Overpass Sri Aurobindo Ashram TAMILNADU','DOC_30647',25,'O+'),('783380','2019-12-29','PAT_3531','Julie Allen','8209107466','1061 Benjamin Bridge Popragaon ASSAM','DOC_73178',27,'O-'),('143107','2019-10-20','PAT_3536','Frank James','8351356550','USNS Hall Padri PUNJAB','DOC_87954',58,'AB-'),('515641','2019-10-10','PAT_3538','Nancy Vera','8798658374','USNS Powers Mukthapuram ANDHRA PRADESH','DOC_3573',32,'A+'),('441206','2019-08-28','PAT_3540','James Boucher','8206958213','6872 Thompson Well Adyal Tekadi MAHARASHTRA','DOC_88994',59,'AB+'),('794111','2019-09-29','PAT_3541','Terri Battiste','8957270582','327 Traci Harbors Sakhadongiri NORTH EASTERN','DOC_70148',56,'A-'),('480886','2019-11-29','PAT_3548','Francis Gilbert','8751319356','11813 Lynn Trafficway Lakhnadon MADHYA PRADESH','DOC_23280',57,'A+'),('476337','2019-09-02','PAT_3550','Flora Munson','8042822365','31292 Brendan Avenue Suite 701 Soi Kalan MADHYA PRADESH','DOC_79631',67,'O-'),('480001','2020-01-25','PAT_3552','Latricia Herman','8972201276','80350 Gabriel Shoals Khazari MADHYA PRADESH','DOC_89126',56,'B-'),('678506','2019-09-15','PAT_3555','Ana Case','8964871187','677 Krueger Knoll Payyalur KERALA','DOC_76765',33,'B+'),('516293','2019-08-20','PAT_3557','Beatrice Clay','8368040884','2998 Perez Courts Suite 180 Gotur ANDHRA PRADESH','DOC_5082',45,'B+'),('341306','2019-11-21','PAT_356','Kenneth Sant','8936893835','6792 Russell Cliff Ladnun Lsg RAJASTHAN','DOC_57225',70,'A+'),('276305','2019-08-03','PAT_3565','Georgia Shults','8559869994','605 Robinson Dam Apt. 033 Beenapara UTTAR PRADESH','DOC_87429',40,'A+'),('845449','2019-11-06','PAT_3566','Kathryn Floyd','8424215758','Unit 7631 Box 1896 Pokharia Rai BIHAR','DOC_81587',63,'A+'),('782411','2020-02-18','PAT_3567','Victoria Mcfadden','8516751449','77252 Jo Vista Apt. 449 Manaha Kacharigaon ASSAM','DOC_39128',25,'A+'),('756043','2019-12-04','PAT_357','Mellisa Walton','8637998833','87890 Jose Trafficway Boita ORISSA','DOC_73396',55,'AB+'),('781315','2020-01-12','PAT_3571','Joseph Emerson','8260386775','93102 Blevins Inlet Apt. 267 Kalahbhanga ASSAM','DOC_3886',63,'A+'),('571313','2019-10-07','PAT_3574','Hazel Brown','8947145444','0558 Tony Path Chamarajanagara Bazar KARNATAKA','DOC_49155',45,'A+'),('635801','2019-11-21','PAT_3575','Jamie Henry','8554744314','40103 Amanda Fall Alasandapuram TAMILNADU','DOC_89484',32,'B+'),('590014','2019-10-30','PAT_3578','Miguelina Veile','8923816602','338 Jesse Creek Suite 667 Kinaye KARNATAKA','DOC_25746',22,'B-'),('586123','2019-10-05','PAT_3579','Michael Elliot','8857620557','4730 Chapman Loaf Yargal KARNATAKA','DOC_93680',47,'A-'),('505184','2019-09-22','PAT_358','Marilyn Gonzalez','8771924032','797 Wells Meadow Kannal ANDHRA PRADESH','DOC_66765',50,'AB+'),('700005','2020-02-23','PAT_3580','Kori Benton','8449049329','93866 Heather Plaza Apt. 641 Ahritola WEST BENGAL','DOC_70527',22,'AB-'),('477557','2020-01-29','PAT_3582','Kelly Chatman','8532538526','82835 Brown Mills Suite 651 Jarsena MADHYA PRADESH','DOC_41671',32,'AB-'),('768112','2020-02-11','PAT_3583','Laura Lester','8114669102','Unit 1970 Box 4260 Tampargarh ORISSA','DOC_49996',32,'AB-'),('509201','2019-08-01','PAT_3586','Douglas Young','8608914897','537 Gonzalez Locks Apt. 529 Kummaronipally ANDHRA PRADESH','DOC_78360',20,'B-'),('243201','2019-09-11','PAT_3588','Ione Mory','8834361650','576 Anne Row Suite 718 K.S.W.Tulsi Nagar UTTAR PRADESH','DOC_6222',66,'B-'),('833102','2020-01-24','PAT_3593','Lonnie Pittman','8888991584','21149 Golden Row Kera JHARKHAND','DOC_58461',20,'A-'),('344801','2019-09-26','PAT_3594','William Holcomb','8342954640','056 Mark Tunnel Dhanwa RAJASTHAN','DOC_5289',53,'O-'),('473774','2020-01-10','PAT_3595','Herman Brown','8270497585','66856 Kenneth Squares Suite 690 Benhta MADHYA PRADESH','DOC_85827',19,'AB+'),('202141','2020-02-05','PAT_3596','Kenneth Cote','8696572309','615 Cameron Center Salpur UTTAR PRADESH','DOC_98143',31,'A-'),('602021','2019-11-25','PAT_36','Patsy Booth','8960646766','0369 Stanton Union Kilanur TAMILNADU','DOC_49904',62,'O+'),('509202','2019-10-31','PAT_3602','Lon Roby','8399707676','0652 Li Track Apt. 539 Udithyala ANDHRA PRADESH','DOC_67812',35,'A+'),('360006','2019-08-15','PAT_3603','Joshua Alvarez','8733575494','77872 Noah Lodge Suite 209 Madhapar GUJARAT','DOC_3058',31,'O+'),('756020','2019-11-01','PAT_361','Michael Ramsey','8256959169','324 Kristine Run Mahispata ORISSA','DOC_87244',58,'O-'),('799141','2019-09-28','PAT_3610','Beverly Lalonde','8064530642','Unit 7853 Box 5933 Jolaibari NORTH EASTERN','DOC_53207',43,'O+'),('784117','2019-08-12','PAT_3611','Cynthia Juarez','8767313045','686 Betty Fall Fatasimalugaon ASSAM','DOC_42580',36,'AB-'),('431128','2019-09-28','PAT_3612','William Bourne','8627001470','360 Lisa Crest Mohkhed MAHARASHTRA','DOC_2411',34,'AB-'),('638109','2020-02-27','PAT_3613','Anthony Macklin','8874653000','162 Butler Lane Suite 181 Minnapalayam TAMILNADU','DOC_33138',18,'A+'),('811312','2020-02-11','PAT_3618','Robin Miller','8052345297','8463 Kevin Turnpike Laxmipur BIHAR','DOC_25746',69,'B+'),('632113','2019-08-13','PAT_3621','Barbara Williams','8054496742','05126 Dominguez Branch Cholavaram TAMILNADU','DOC_67577',23,'AB+'),('327021','2019-10-03','PAT_3623','Brandy Sosa','8237295827','1112 Candice Locks Suite 138 Karanpur RAJASTHAN','DOC_77254',50,'B-'),('584128','2019-09-17','PAT_3624','Addie Barbian','8902138055','1871 John Burg Suite 640 Sidrampur KARNATAKA','DOC_69474',36,'B+'),('845437','2019-09-20','PAT_3627','Sandra Sterling','8382179536','848 Beth Field Talwa Pokhar BIHAR','DOC_24811',60,'B-'),('502279','2019-10-27','PAT_3630','Charles Thompson','8522401934','57204 Stephanie View Tuniki Bollaram ANDHRA PRADESH','DOC_33784',67,'B+'),('627012','2019-11-12','PAT_3633','John Boone','8370881673','665 Brooke Corners Seethaparpanallur TAMILNADU','DOC_68302',70,'O+'),('841434','2020-02-03','PAT_3636','Pansy Decarlo','8898281950','443 Shannon Expressway Goreakothi BIHAR','DOC_40111',55,'O-'),('844506','2020-01-07','PAT_3638','Amelia Hronick','8301508328','91718 James Springs Mahnar BIHAR','DOC_44170',43,'B+'),('518411','2019-12-08','PAT_3639','Diana Baldwin','8340756492','USNV Oneal Mutsumarri ANDHRA PRADESH','DOC_58495',70,'O-'),('477445','2019-10-31','PAT_364','James Cox','8403501336','Unit 7785 Box 8698 Mehra Bujurg MADHYA PRADESH','DOC_59154',53,'AB-'),('122103','2019-10-01','PAT_3643','Ray Boore','8594378335','681 Snyder Springs Apt. 792 Daulah HARYANA','DOC_69308',18,'B-'),('562117','2019-08-05','PAT_3645','Lee Craig','8156951752','2339 Larson Oval Kurupet KARNATAKA','DOC_90495',38,'AB-'),('534324','2019-11-09','PAT_3647','Jared Caudle','8898054725','920 Morgan Port Apt. 719 Venkatramapuram ANDHRA PRADESH','DOC_13242',31,'B-'),('828201','2019-10-24','PAT_365','Pauline Cuff','8684084224','63237 Garrison Mountain Apt. 192 Gharbar JHARKHAND','DOC_68511',25,'AB-'),('393125','2020-01-02','PAT_3654','Clifton Davis','8833748862','63359 Bruce Wall Ambagam GUJARAT','DOC_83845',35,'AB+'),('602024','2019-08-07','PAT_3658','Kenneth Mccafferty','8042477126','5356 Garza Estates Apt. 938 Lakshipuram TAMILNADU','DOC_52127',29,'B+'),('202398','2019-10-31','PAT_3660','Regina Smith','8805599715','16585 Lori Keys Apt. 534 Khandoi UTTAR PRADESH','DOC_58722',37,'A+'),('271201','2019-09-02','PAT_3662','Jeanne Moffett','8886606736','252 Shawn Valley Bishunipur UTTAR PRADESH','DOC_19156',27,'A+'),('577533','2019-10-29','PAT_3666','Lindsay Martinez','8184401604','451 Cordova Gardens Apt. 739 Bukkasagara KARNATAKA','DOC_82956',38,'A-'),('133201','2019-11-09','PAT_3670','Gordon Bogdon','8835314931','84168 John Cliff Apt. 861 Barara HARYANA','DOC_46354',25,'B-'),('385515','2019-09-30','PAT_3672','Domingo Rios','8166069440','USNV Short Patosan GUJARAT','DOC_15614',61,'O-'),('477001','2020-02-29','PAT_3673','Lionel Mayo','8455417272','62614 Kevin Meadow Apt. 207 Bhind MADHYA PRADESH','DOC_33138',24,'A+'),('414502','2019-11-10','PAT_3677','Ramon Jones','8866618976','USNV Cobb Joharapur MAHARASHTRA','DOC_60248',62,'AB-'),('793015','2019-11-28','PAT_3680','Floyd Brown','8583062157','368 Christopher Port Apt. 125 Umphyrnai NORTH EASTERN','DOC_56295',34,'AB-'),('431126','2020-02-13','PAT_3681','Don Brown','8026477151','PSC 5709, Box 1560 Devi Babhulgoan MAHARASHTRA','DOC_88979',66,'AB+'),('758080','2019-11-28','PAT_3683','Thelma Marquez','8371068405','8651 Bell Pine Sagadapata ORISSA','DOC_31310',40,'A+'),('522414','2019-10-10','PAT_3691','Lynn Midkiff','8370319370','651 Long Ridge Apt. 967 Mutyalampadu ANDHRA PRADESH','DOC_92532',28,'O+'),('768029','2020-02-02','PAT_3692','Richard Mills','8810789381','9405 Adam Roads Birmal ORISSA','DOC_17398',27,'O+'),('853204','2019-11-14','PAT_3697','Harold Ragsdale','8582472708','238 Williams Orchard Bhawauipur BIHAR','DOC_4143',65,'A+'),('202129','2019-10-20','PAT_3698','Matthew Pascua','8087109501','727 Walsh Lodge Alampur Rani Barla UTTAR PRADESH','DOC_46229',19,'AB+'),('515101','2019-10-23','PAT_3699','Theresa Marino','8622248202','80809 Miller Forks Apt. 342 Nagasamudram ANDHRA PRADESH','DOC_31701',36,'AB-'),('731220','2020-02-23','PAT_37','Margaret Blakes','8308683319','8301 Ho Ford Gosainpur WEST BENGAL','DOC_1862',68,'O-'),('327025','2019-12-29','PAT_3700','Wendy Nguyen','8680035648','271 Erica Extension Sakaria RAJASTHAN','DOC_58211',42,'O+'),('626116','2020-01-16','PAT_3701','Douglas Lucas','8444565022','063 Padilla Falls Suite 141 Seshapuram TAMILNADU','DOC_31310',36,'A+'),('516289','2019-08-16','PAT_3702','David Carroll','8280687184','89173 Alexander Rue Suite 024 Kuppuruvaripalle ANDHRA PRADESH','DOC_97186',56,'B+'),('534305','2019-08-31','PAT_3703','Elizabeth Norton','8312115831','625 Wesley Isle Apt. 531 Tyajampudi ANDHRA PRADESH','DOC_98665',38,'AB-'),('757001','2020-02-01','PAT_3710','Alexander Tucker','8180143977','36061 Moreno Flat Baripada Bazar ORISSA','DOC_52045',38,'AB-'),('394110','2019-11-11','PAT_3713','Ryan Johnson','8789303674','69461 Patrick Spur Suite 778 Vegi GUJARAT','DOC_90010',57,'AB-'),('841420','2020-02-09','PAT_3714','Kelly Mckay','8302583883','786 Kristin Square Katalpur BIHAR','DOC_34643',58,'O+'),('202140','2019-09-19','PAT_3716','Juan Barraza','8103180522','58611 Joshua Square Beharipur UTTAR PRADESH','DOC_97361',41,'AB-'),('444303','2019-09-26','PAT_3717','Salvador Farnes','8729835943','22612 Williams Isle Apt. 494 Loni Gurao MAHARASHTRA','DOC_28635',51,'B-'),('313601','2019-08-25','PAT_3719','Kimberly Matchett','8204858188','25743 Johnson Terrace Karanpur RAJASTHAN','DOC_92022',53,'AB+'),('713407','2019-11-01','PAT_3723','Ana Anderson','8768554820','736 Melinda Coves Apt. 926 Kashiara WEST BENGAL','DOC_21230',49,'O-'),('799207','2020-02-11','PAT_3733','Danielle Tharp','8224736594','830 Howard Circle Sonatala NORTH EASTERN','DOC_88056',33,'A+'),('783335','2019-10-24','PAT_3734','Marion Moore','8114672108','39002 Jo Canyon Apt. 391 South Jhapsabari ASSAM','DOC_49286',18,'A+'),('131001','2019-11-12','PAT_3737','Jack Aparicio','8257047305','61579 Powell River Ram Bazar-Sonipat HARYANA','DOC_29449',45,'A-'),('517125','2019-10-08','PAT_374','Ashley Pickett','8673519575','687 Contreras Stream Velkur ANDHRA PRADESH','DOC_22506',28,'AB-'),('143406','2019-10-09','PAT_3743','David Davis','8767506155','9398 Miller Cliffs Suite 154 Pakhoke PUNJAB','DOC_30996',24,'O-'),('797111','2019-10-07','PAT_3744','Clarence Perez','8144585737','USNS Walker Chukitong NORTH EASTERN','DOC_8610',44,'O+'),('473774','2019-11-03','PAT_3748','Jane Jemmott','8039037211','0544 Nguyen Squares Suite 940 Kilawani MADHYA PRADESH','DOC_1097',55,'AB+'),('443106','2019-08-21','PAT_3749','Katelyn Cross','8949410992','411 Bryce Row Dudha MAHARASHTRA','DOC_24689',31,'B-'),('301021','2019-10-07','PAT_375','Judith Rodriquez','8094406851','2519 Debbie Lakes Apt. 734 Sadhka RAJASTHAN','DOC_95261',32,'AB-'),('501505','2019-10-23','PAT_3757','Susan Grooms','8154506913','89284 Christopher Divide Taramatipeta ANDHRA PRADESH','DOC_52045',43,'B-'),('391780','2019-10-14','PAT_3758','Delicia Jackson','8771665602','694 Davidson Mountains Suite 108 Natwar Nagar GUJARAT','DOC_73187',35,'AB-'),('517247','2019-09-02','PAT_376','Eugene Salinas','8546059584','71014 Graham Street Kothakota ANDHRA PRADESH','DOC_33265',54,'B+'),('224186','2019-11-18','PAT_3764','Charles Hasler','8778025496','736 Katherine Ranch Apt. 970 Katui UTTAR PRADESH','DOC_97846',37,'O+'),('414005','2019-12-02','PAT_377','Michelle Lopez','8930631126','5747 Peterson Plains Suite 747 Sarola Kasar MAHARASHTRA','DOC_1873',37,'AB-'),('521228','2019-09-06','PAT_3771','Addie Nelson','8572261093','017 Sullivan Hollow Ida Kondaplli ANDHRA PRADESH','DOC_79062',51,'AB+'),('504110','2019-10-25','PAT_3774','Leonard Hood','8251247385','1355 Russell Motorway Apt. 762 Aloor ANDHRA PRADESH','DOC_2635',24,'A-'),('301019','2019-09-20','PAT_3775','Joyce Thomas','8561570229','95473 Victor Forks Apt. 710 Shahdod RAJASTHAN','DOC_1873',67,'A-'),('533238','2019-08-04','PAT_3776','Wayne Brumback','8273016882','7654 Kevin Flat Suite 181 Ketharajuupalli ANDHRA PRADESH','DOC_12457',67,'B-'),('673304','2019-09-01','PAT_3778','Mario Hodges','8529910146','43006 Kidd Oval Chemancheri KERALA','DOC_89484',37,'A+'),('673122','2020-02-21','PAT_3779','Cynthia Alexander','8182743056','4449 Stone Port Apt. 678 Vazhu Vatta KERALA','DOC_27567',67,'O+'),('802208','2020-02-22','PAT_3785','Mariana Kline','8297682801','1963 Lorraine Station Apt. 440 Khraonkalan BIHAR','DOC_99094',70,'AB-'),('521185','2020-02-07','PAT_3787','Don Wedgeworth','8620493476','60599 Marie Mission Vemulapalli ANDHRA PRADESH','DOC_60007',35,'A+'),('416229','2019-10-02','PAT_379','Howard Murray','8523347942','400 Martin Well Apt. 464 Bhuye MAHARASHTRA','DOC_73243',66,'A+'),('764047','2020-02-17','PAT_3792','Rosalyn Martin','8927559782','0980 Whitney Island Gopagonda ORISSA','DOC_46498',42,'B+'),('688540','2019-09-18','PAT_3797','Tara Kelly','8699936681','561 Cassandra Isle Parayakad KERALA','DOC_72390',39,'A+'),('415103','2020-01-06','PAT_3799','Irene Williams','8419870905','67230 Wall Station Apt. 466 Tarukha MAHARASHTRA','DOC_71958',34,'A-'),('581327','2020-02-27','PAT_380','Chester Mecham','8610308382','19934 Michael Villages Dhareshwar KARNATAKA','DOC_95261',36,'A+'),('442903','2019-12-16','PAT_3804','Robert Barber','8903361062','338 Jones Walks Apt. 468 Madnapur MAHARASHTRA','DOC_79062',54,'B+'),('689624','2019-11-21','PAT_3805','Sam Holmes','8187567800','PSC 1300, Box 3087 Peringilipuram KERALA','DOC_66765',31,'B-'),('484774','2020-02-15','PAT_3808','Betty Lengerich','8720409729','4069 Jessica Creek Naudhiya MADHYA PRADESH','DOC_27851',67,'O+'),('626121','2019-11-26','PAT_381','Brenda Rex','8887970955','0421 Cynthia Mills Suite 857 Chockanathanpudur TAMILNADU','DOC_23282',35,'AB-'),('462001','2019-11-07','PAT_3813','Joseph Crawley','8302743559','74975 Herrera Greens Suite 895 Bhopal G.P MADHYA PRADESH','DOC_2741',31,'O-'),('631003','2020-02-03','PAT_3814','Susan Rice','8768259916','8619 Brian Course Anaipakkam TAMILNADU','DOC_29703',45,'B+'),('243001','2019-11-04','PAT_3815','Judith Rivera','8782083742','67712 Miller Island Simra Boripur UTTAR PRADESH','DOC_61966',27,'O-'),('484224','2019-09-27','PAT_3816','Geraldine Conn','8636047700','33067 Yu Orchard Sonmauhari MADHYA PRADESH','DOC_55999',34,'AB-'),('731127','2020-02-09','PAT_3824','Preston Duncan','8478996609','647 Norris Coves Seherakuri WEST BENGAL','DOC_99631',26,'B+'),('504302','2020-01-04','PAT_3826','Stanley Allen','8784395405','3835 Jeffrey Manors Suite 186 Singapur ANDHRA PRADESH','DOC_9497',63,'B+'),('626121','2020-01-22','PAT_3827','Jose France','8906715926','4617 Teresa Highway Chockanathanpudur TAMILNADU','DOC_15989',50,'B-'),('394655','2019-09-18','PAT_3829','Catherine Anaya','8156941379','816 Sanders Shoal Suite 563 Magarkui GUJARAT','DOC_97094',52,'O-'),('494010','2019-09-20','PAT_3832','Andrew Hatfield','8045894766','7798 Berry Spring Narayanpal CHATTISGARH','DOC_24581',29,'B-'),('843327','2019-11-12','PAT_3834','Jeffrey Davis','8104962515','434 Phillips Bridge M.Mandal BIHAR','DOC_65281',68,'B+'),('636802','2019-11-01','PAT_3837','Bobby Ingram','8979581917','5143 Grant Fort Suite 917 Hanumanthapuram TAMILNADU','DOC_41566',28,'AB-'),('394375','2019-10-28','PAT_3843','Erica Murphy','8536872835','134 David Track Sunderpur GUJARAT','DOC_22430',57,'A-'),('271855','2019-11-18','PAT_3851','Daniel Ybarra','8930782105','0102 John Knolls Suite 741 Lohiya Nagar UTTAR PRADESH','DOC_41633',39,'A+'),('577146','2019-11-08','PAT_3857','Alonzo Anderson','8616590335','823 Castaneda Lodge Kalasapura KARNATAKA','DOC_4876',31,'AB+'),('517325','2019-10-28','PAT_3858','Laurie Costello','8963310232','PSC 9583, Box 5596 Bayappagaripalle ANDHRA PRADESH','DOC_98355',29,'A+'),('522268','2019-11-21','PAT_3860','Richard Brown','8752821186','45660 Bennett Extension Apt. 027 Bellamvaripalem ANDHRA PRADESH','DOC_74758',24,'AB-'),('621803','2020-02-07','PAT_3864','David Eyre','8311533561','PSC 8529, Box 9834 Vettiarvettu TAMILNADU','DOC_10217',46,'A+'),('600024','2019-12-14','PAT_3865','Michael Ward','8959194252','5367 Sandra Shoal Suite 667 Rangarajapuram TAMILNADU','DOC_77254',38,'AB-'),('125106','2019-08-01','PAT_3866','John Holmes','8626652834','8290 Lewis Spurs Apt. 692 Shakarpura HARYANA','DOC_40111',66,'B+'),('517422','2020-02-15','PAT_3868','Esther Morales','8119386909','Unit 6093 Box 4051 Yadamari ANDHRA PRADESH','DOC_22974',63,'AB-'),('585330','2019-08-21','PAT_387','Joseph Shupe','8669205399','62512 Kenneth Hollow Humnabad Bazar KARNATAKA','DOC_413',57,'A-'),('248002','2019-11-18','PAT_3870','Marivel Todd','8994761746','9567 Tucker Keys Clementtown UTTARAKHAND','DOC_25414',63,'A-'),('833201','2019-10-02','PAT_3871','Roger Gatling','8566941229','5122 Orr Parkways Apt. 473 Bharbharia JHARKHAND','DOC_66982',51,'AB-'),('500074','2020-02-11','PAT_3872','Lucille Shierling','8372435946','USCGC Johnston L B Nagar ANDHRA PRADESH','DOC_34921',62,'O+'),('535350','2020-01-15','PAT_3873','Doris Annis','8491763311','59396 Nelson Meadows Suite 612 Dommeru ANDHRA PRADESH','DOC_67368',56,'O-'),('262501','2019-10-19','PAT_3877','Sherri Gagliano','8823495337','93201 Lewis Lodge Apt. 875 Baste UTTARAKHAND','DOC_83725',22,'AB+'),('673528','2019-11-02','PAT_3878','Nellie Thompson','8421664426','010 Hanson Plains Suite 670 Chempanoda KERALA','DOC_54460',61,'O-'),('586214','2019-12-09','PAT_388','Jeri Schmit','8615284985','225 Stephanie Lights Maileshwar KARNATAKA','DOC_53110',69,'B-'),('534186','2019-10-03','PAT_3883','David Britt','8350182125','Unit 9080 Box 7145 Appannapeta ANDHRA PRADESH','DOC_29864',36,'O+'),('332715','2019-09-24','PAT_3885','Elizabeth Salazar','8809603591','55869 Johnson Lane Suite 827 Vijaypura RAJASTHAN','DOC_70270',61,'AB-'),('144201','2019-08-12','PAT_3887','Faye Rasmusson','8633247369','48404 Mcdaniel Green Apt. 767 Behram Sarista PUNJAB','DOC_9497',48,'A-'),('385550','2019-11-09','PAT_3888','Leonard Miller','8674545233','598 Joy Circles Sihori GUJARAT','DOC_84745',45,'B-'),('210001','2020-02-07','PAT_3889','Linda Harper','8133291753','USS Johnson Gureh UTTAR PRADESH','DOC_83715',38,'O+'),('712123','2019-10-21','PAT_3893','Vernon Ransler','8417771596','81184 King Islands Apt. 055 Rajhat WEST BENGAL','DOC_72066',53,'A+'),('843324','2020-02-08','PAT_3896','Raymond Cook','8597523653','2038 Christopher Union Jagdar BIHAR','DOC_70270',55,'O-'),('246481','2020-01-06','PAT_3897','Jessica Mishou','8175041146','045 Dodson Mission Apt. 498 Silori UTTARAKHAND','DOC_73442',25,'O-'),('585328','2019-08-18','PAT_3902','Marie Gloden','8555809876','74084 Kim Heights Beeri (B) KARNATAKA','DOC_43462',45,'A-'),('562119','2020-02-25','PAT_3905','Derrick Wang','8264747153','PSC 0889, Box 9767 Gollahalli KARNATAKA','DOC_80656',35,'O+'),('182145','2019-09-19','PAT_391','Karl Gonzales','8368872136','304 Douglas Park Suite 707 Hoochak JAMMUKASHMIR','DOC_53207',29,'B-'),('276202','2020-02-07','PAT_3910','Pedro Barnes','8913213365','3500 Paul Vista Safipur UTTAR PRADESH','DOC_37192',41,'AB-'),('785691','2019-08-07','PAT_3916','John Rowland','8466357037','8398 Anthony Land Bharali Pukhuri ASSAM','DOC_10890',18,'A+'),('425420','2019-09-21','PAT_3917','Diane Burgess','8980433799','PSC 7764, Box 7122 Jalod MAHARASHTRA','DOC_10816',24,'B-'),('471105','2019-12-04','PAT_3920','Kathy Mathis','8817209531','96527 Vincent Square Suite 235 Ghoora MADHYA PRADESH','DOC_25746',67,'O-'),('506221','2019-11-03','PAT_3924','James Cerza','8448310091','697 Kayla Court Apt. 351 Obulkeshavapur ANDHRA PRADESH','DOC_68735',61,'A-'),('484334','2020-01-30','PAT_3925','Jerry Robinson','8752135900','2187 Villa Brook Deogawan MADHYA PRADESH','DOC_54347',38,'A-'),('612904','2020-01-11','PAT_3926','Jason Williams','8675874685','0167 Cruz Springs Suite 362 Keelamichaelpatti TAMILNADU','DOC_23153',48,'B+'),('600076','2019-09-21','PAT_3927','Charles Crayton','8418869878','292 Adam Springs Apt. 080 Korattur RS TAMILNADU','DOC_14638',57,'A+'),('442707','2020-02-19','PAT_3929','John Jones','8110236863','59301 Donna Views Kalinagar MAHARASHTRA','DOC_21858',56,'B+'),('500039','2020-02-24','PAT_393','Maria Carrier','8180559286','413 Brady Ports Peerzadiguda ANDHRA PRADESH','DOC_73064',70,'O+'),('736165','2019-10-05','PAT_3934','Irene Westley','8710302024','PSC 9089, Box 9937 Pundibari WEST BENGAL','DOC_97464',28,'B+'),('721453','2019-08-02','PAT_3937','Jeffrey Bell','8596832466','139 Gregory Trail Suite 521 Manikabasan WEST BENGAL','DOC_79062',39,'AB+'),('781330','2020-02-26','PAT_3939','Manuel Stewart','8657778585','19785 Kathleen Lake Baghogra ASSAM','DOC_60248',64,'A+'),('638702','2019-10-04','PAT_3940','Richard Cooke','8578830392','8727 Tony Via Apt. 428 Kundadam TAMILNADU','DOC_99353',32,'O+'),('608303','2020-01-21','PAT_3941','Robert Pazmino','8188778701','489 Amy Row Apt. 975 Elleri TAMILNADU','DOC_61181',19,'O-'),('516173','2019-12-13','PAT_3946','Susan Janzen','8273864359','44129 Taylor Forge Suite 994 Ellampalle ANDHRA PRADESH','DOC_67941',65,'O+'),('313804','2020-02-09','PAT_3947','Christopher Thorson','8977781657','02921 Oliver Fork Jayra RAJASTHAN','DOC_94591',60,'A+'),('144601','2019-10-05','PAT_3948','Frank Gaddy','8283868380','168 Nash Shores Dhapai PUNJAB','DOC_57713',27,'O+'),('480334','2019-08-23','PAT_3952','Charles Anderson','8252133560','22618 Michelle Land Suite 542 Changoba MADHYA PRADESH','DOC_32278',25,'B+'),('332411','2020-01-21','PAT_3953','Felix Bueckers','8291825624','42737 Barbara Fields Apt. 684 Ladpur RAJASTHAN','DOC_81428',63,'O+'),('535522','2019-11-04','PAT_3954','Patrick Hardesty','8664851723','77761 Louis Skyway Apt. 652 Venkampeta ANDHRA PRADESH','DOC_78222',41,'B+'),('814103','2020-01-24','PAT_3955','Dolores Guyton','8663284115','138 Adam Vista Gopikandar JHARKHAND','DOC_62696',23,'B-'),('509130','2020-01-07','PAT_3956','Linda Jackson','8356893902','8491 Eric Estate Apt. 412 Yamki ANDHRA PRADESH','DOC_4286',53,'AB-'),('853204','2019-09-07','PAT_3957','Linda Welchel','8047926263','0657 Olivia Path Pakra BIHAR','DOC_24546',49,'B-'),('721454','2019-08-21','PAT_396','Flora Sledge','8499465181','934 Fisher Locks Suite 676 Alukaranbarh WEST BENGAL','DOC_2741',21,'O-'),('272002','2019-11-07','PAT_3961','Candice Mahoney','8734147468','USNS Gibson Majhauwa Khajuri UTTAR PRADESH','DOC_56875',67,'B-'),('752110','2019-12-28','PAT_3966','Edward Laney','8182837541','9691 Eric Tunnel Narua ORISSA','DOC_12078',40,'AB+'),('624802','2019-09-25','PAT_3969','Irene Drake','8626059411','2346 Raymond Key Suite 108 Thummalagundu TAMILNADU','DOC_22254',18,'A+'),('306303','2019-10-07','PAT_397','Kendrick Schellermann','8231391336','30435 Hardin Shoal Nimaj RAJASTHAN','DOC_74780',26,'AB-'),('509411','2020-02-19','PAT_3971','William Jordan','8174924591','1585 Alexander Fort Kothapally ANDHRA PRADESH','DOC_31701',41,'O-'),('587313','2019-09-06','PAT_3972','Cara Cleveland','8189498768','9412 Robert Key Suite 449 Ningapur KARNATAKA','DOC_94591',58,'AB-'),('272301','2020-02-22','PAT_3974','James Himes','8807335982','93813 Terry Vista Apt. 057 Kudraha UTTAR PRADESH','DOC_46488',40,'B+'),('841232','2019-12-07','PAT_3976','Bernadette Peterson','8984754861','742 James Lane Madhopur BIHAR','DOC_5284',33,'A+'),('442102','2019-11-26','PAT_398','Alfonso Borgman','8969229648','USCGC Kennedy Junona MAHARASHTRA','DOC_682',21,'AB+'),('203131','2019-09-02','PAT_3980','Diana Elliott','8899692319','7031 Jane Estate Suite 837 Bhatwara UTTAR PRADESH','DOC_78360',61,'O-'),('844509','2019-08-09','PAT_3981','Terry Eakins','8757553308','8800 Danielle Pine Apt. 374 Bajitpur Kasturi BIHAR','DOC_75668',25,'O-'),('322212','2019-12-11','PAT_3983','Toni Thomas','8106774686','756 Erika Trail Apt. 622 Bhanwara RAJASTHAN','DOC_98914',39,'A+'),('841215','2020-02-17','PAT_3987','Belinda Pilgrim','8942783905','459 Debra Roads Apt. 178 Bhatha BIHAR','DOC_11148',42,'A-'),('444006','2019-12-07','PAT_3989','Amado Lee','8289845582','328 Jennifer Via Tajnapeth Akola MAHARASHTRA','DOC_11659',63,'AB+'),('759127','2019-10-24','PAT_3993','Estelle Lyman','8302549016','USS Hoover Pedipathar ORISSA','DOC_20522',49,'AB-'),('752092','2019-08-04','PAT_3994','William Rhinehart','8100399757','4935 Dorothy Wall Damasahi ORISSA','DOC_47398',54,'AB+'),('845301','2020-01-26','PAT_3999','Casey Jones','8682683518','653 Kevin Landing Suite 201 Barawa BIHAR','DOC_50379',18,'O-'),('516228','2019-09-03','PAT_401','Christina Jones','8609323382','PSC 6865, Box 9658 B . Kodur ANDHRA PRADESH','DOC_42727',26,'AB-'),('415803','2019-08-25','PAT_41','Debra Lopez','8495617026','391 Jamie Isle Khanu MAHARASHTRA','DOC_81381',49,'AB+'),('695304','2019-10-07','PAT_410','Gary Linder','8128416861','Unit 7549 Box 5368 Chirayinkeezhu KERALA','DOC_98706',43,'O-'),('712101','2020-01-28','PAT_414','Bobby Taylor','8806428933','2428 Anthony Station Chinsurah Court WEST BENGAL','DOC_55837',32,'B-'),('123413','2019-08-18','PAT_415','Olga Horton','8042925815','PSC 8955, Box 7046 Bilaspur Khurd HARYANA','DOC_6535',40,'A-'),('613703','2019-09-03','PAT_42','Gary Sims','8859638942','59807 Stephanie Manor Oorgudi TAMILNADU','DOC_85975',57,'AB+'),('181206','2019-11-09','PAT_423','Pauline Bennett','8741447709','Unit 1685 Box 8706 Gajansoo JAMMUKASHMIR','DOC_84215',21,'B-'),('845424','2019-09-30','PAT_425','Benjamin Williams','8508470499','61550 Solomon Camp Kesharia BIHAR','DOC_6845',41,'B+'),('788127','2019-12-31','PAT_427','Frances Rinkel','8409552615','249 Dustin Ranch Hayairbond ASSAM','DOC_12892',42,'B+'),('485441','2020-01-24','PAT_429','Donna Burns','8955512205','7179 Brendan Court Bachwai MADHYA PRADESH','DOC_87429',25,'AB-'),('486001','2019-12-08','PAT_43','Dorothy Williams','8592982247','92848 Washington Roads Suite 006 Rehi MADHYA PRADESH','DOC_2820',65,'O-'),('465223','2019-08-06','PAT_431','Steve Broughton','8722509240','50033 Villanueva Canyon Apt. 443 Uchod MADHYA PRADESH','DOC_40239',38,'B+'),('245408','2019-10-27','PAT_433','Michelle Crawford','8909983555','7744 Hernandez Freeway Apt. 485 Baghwala UTTAR PRADESH','DOC_78360',25,'AB-'),('732123','2020-01-18','PAT_435','Martha Kramer','8351537192','223 Oneill Lakes Apt. 674 Hatinda WEST BENGAL','DOC_15645',69,'B-'),('848213','2019-10-28','PAT_438','Sidney Santiago','8011452887','047 Natalie Center Usri BIHAR','DOC_76964',41,'AB-'),('638476','2019-11-08','PAT_44','James Bullock','8507480220','79065 Andrew Light Kadukkampalayam TAMILNADU','DOC_12892',28,'O-'),('606304','2019-08-24','PAT_440','Antonio Key','8319579597','9167 Lopez Skyway N. Naraiyur TAMILNADU','DOC_94502',24,'O+'),('591247','2019-10-25','PAT_441','Ronda Weyandt','8127413066','5324 Melissa Shores Apt. 262 Kadapur KARNATAKA','DOC_30146',60,'A+'),('752018','2019-11-11','PAT_451','Rachel Stephens','8877501914','508 Reyes Trace Hadapada ORISSA','DOC_25335',34,'A+'),('636810','2020-01-29','PAT_454','Jacelyn Heredia','8780483432','PSC 2859, Box 8129 Vattuvanahalli TAMILNADU','DOC_39845',62,'B+'),('606105','2019-12-21','PAT_458','Earnest Butler','8857239966','758 Burton Circles Suite 327 Kilimangalam TAMILNADU','DOC_46634',66,'B-'),('506353','2020-01-15','PAT_461','Denise Partin','8310902340','85271 Christopher Turnpike Apt. 475 Ankannagudem ANDHRA PRADESH','DOC_78908',24,'O+'),('844505','2019-11-11','PAT_462','Wesley Williams','8410036023','777 Flores Trafficway Loma BIHAR','DOC_29276',43,'O-'),('632102','2019-08-02','PAT_466','Margo Boling','8741092772','00429 Jill Plains Suite 396 Palambattu TAMILNADU','DOC_45111',47,'AB-'),('841504','2019-10-13','PAT_470','Carl Ashalintubbi','8903516027','7197 Kristen Terrace Admapur BIHAR','DOC_74780',66,'O-'),('415105','2019-10-31','PAT_472','Jaime Kelly','8775149025','67549 Austin Spurs Wagheri MAHARASHTRA','DOC_1341',59,'A-'),('509136','2019-10-05','PAT_474','Jason Byers','8777219530','72265 Trevino Shore Apt. 586 Uppal ANDHRA PRADESH','DOC_62521',31,'A+'),('535526','2020-01-26','PAT_475','Bethany Whitney','8629779080','902 Harris Route Tumbali ANDHRA PRADESH','DOC_32923',65,'B+'),('322220','2019-10-06','PAT_476','Jessica Wolfe','8579865909','0102 Megan Parks Ronsi RAJASTHAN','DOC_76765',56,'B-'),('283110','2019-12-26','PAT_48','Cherrie Weske','8898161507','4095 Carol Springs Churiyari UTTAR PRADESH','DOC_57496',26,'A-'),('486669','2019-10-15','PAT_480','Kimberly Hensley','8260470770','55239 Williams Square Banjari MADHYA PRADESH','DOC_27999',27,'A+'),('845301','2019-10-05','PAT_485','Vicki Simitian','8422595395','64906 Isaiah Island Apt. 668 Sirsia Khurd BIHAR','DOC_27100',21,'AB-'),('507135','2019-10-30','PAT_486','Tanya Owens','8532699247','USNV Miles Rekapalli ANDHRA PRADESH','DOC_41053',33,'A-'),('225411','2019-09-04','PAT_488','Kristin Davis','8088221229','996 Elijah Road Tanda Sufi UTTAR PRADESH','DOC_24689',18,'O+'),('388180','2019-08-04','PAT_492','Gary Barker','8988220773','79559 Victoria Avenue Hadeva GUJARAT','DOC_12286',26,'O+'),('572136','2019-08-30','PAT_495','Sherill Purcell','8846939460','704 Courtney Fields Apt. 100 Nagalamadike KARNATAKA','DOC_20408',47,'AB+'),('500029','2020-02-28','PAT_496','Robert Ball','8218184906','2273 Jacqueline Islands Apt. 616 Old Mla Quarters ANDHRA PRADESH','DOC_92519',23,'O+'),('518217','2020-01-04','PAT_50','Deborah Greene','8671069696','06484 Russell Squares Sboyanapalli ANDHRA PRADESH','DOC_98571',42,'B+'),('497223','2019-10-18','PAT_500','Susan Levitz','8652554306','648 Joy Mountains Apt. 837 Kewra CHATTISGARH','DOC_6222',65,'A-'),('194102','2019-08-17','PAT_501','Lorraine Michaud','8493747110','65563 James Villages Matayan JAMMUKASHMIR','DOC_92355',60,'A+'),('143202','2019-11-23','PAT_502','Joseph Cantrell','8060654860','55093 Jason Field Apt. 943 Musse PUNJAB','DOC_7252',43,'B-'),('110051','2019-12-11','PAT_505','Jennifer Gunn','8501994039','8453 Hood Manor Suite 432 Govind Pura DELHI','DOC_28506',60,'O-'),('321642','2019-11-22','PAT_506','Miranda Hammond','8093144424','888 Holt Circles Apt. 140 Khangri RAJASTHAN','DOC_80129',20,'AB+'),('472001','2019-10-23','PAT_507','Vivian Smith','8853998442','PSC 8545, Box 9390 Tikamgarh P.T MADHYA PRADESH','DOC_93922',31,'AB-'),('271801','2019-11-02','PAT_510','Dennis Pamplin','8376319467','69358 Munoz Throughway Apt. 914 Dargah UTTAR PRADESH','DOC_79155',39,'AB+'),('606202','2019-08-03','PAT_511','Ruby Bolin','8278108739','20024 Conrad Forest Olagankathan TAMILNADU','DOC_88994',42,'AB-'),('502345','2019-10-28','PAT_512','Arthur Whittle','8951578109','91433 Michael Walk Khammampally ANDHRA PRADESH','DOC_97198',40,'O-'),('211006','2019-09-04','PAT_513','Samuel Mcphatter','8476202017','53599 Butler Roads Sohbatia Bagh UTTAR PRADESH','DOC_53060',61,'O-'),('415415','2019-09-08','PAT_517','Esther Tarter','8347896230','2021 Diane Neck Apt. 738 Ukhalu MAHARASHTRA','DOC_23610',21,'A+'),('125120','2020-01-31','PAT_52','Clifford Christie','8253210148','34663 Bradley Shore Apt. 237 Chander Kalan HARYANA','DOC_79062',65,'O+'),('627953','2020-02-07','PAT_53','Janice Harris','8379723945','2985 Benitez Squares Marukkalankulam TAMILNADU','DOC_10890',65,'A+'),('721628','2019-10-20','PAT_532','Pansy Michalenko','8915525608','26613 Jones Drive Etamogra WEST BENGAL','DOC_25127',54,'AB+'),('811317','2020-01-30','PAT_533','Jason Strahm','8393585115','USCGC Andrews Pradhanchak BIHAR','DOC_27897',67,'AB-'),('152022','2020-01-15','PAT_534','Jesse Fitzgerald','8447118443','Unit 6525 Box 4955 Sohangarh Thakkran PUNJAB','DOC_61774',20,'A+'),('249122','2020-02-08','PAT_536','Elaine Ingram','8771131231','9660 James Fields Sinwalidhar UTTARAKHAND','DOC_48702',42,'B-'),('341517','2019-12-10','PAT_538','Kathleen Clark','8672849035','424 Robert Pine Nandolichandawatan RAJASTHAN','DOC_49838',26,'O-'),('825321','2019-10-10','PAT_539','Joseph Ward','8456701926','228 Vazquez Meadow Raham JHARKHAND','DOC_18290',42,'B-'),('518221','2019-09-13','PAT_541','Alejandra Davis','8610864877','52521 Zachary Spurs Kothakota ANDHRA PRADESH','DOC_15891',32,'B+'),('263148','2019-12-26','PAT_543','Robert Porter','8321383758','4738 Tina Spur Apt. 972 Kichha UTTARAKHAND','DOC_4565',21,'AB-'),('313301','2020-02-15','PAT_545','Jason Westberry','8936979460','83568 Brandon Rapid Apt. 456 Bagol RAJASTHAN','DOC_71119',54,'O-'),('534003','2019-11-04','PAT_547','Carol Findlay','8480828064','3994 Anna Drives Westren Street ANDHRA PRADESH','DOC_56418',43,'O+'),('764002','2019-09-04','PAT_549','Karen Woodard','8479542500','Unit 3636 Box 2413 Lima ORISSA','DOC_66765',48,'O-'),('344027','2020-02-09','PAT_550','Thomas Lapp','8333538788','38360 Hannah Estates Jethantri RAJASTHAN','DOC_6722',66,'A-'),('442201','2019-08-24','PAT_553','Juanita Caviness','8493632146','5128 Sanchez Crossroad Apt. 387 Takarkheda MAHARASHTRA','DOC_54277',51,'AB+'),('757034','2019-10-04','PAT_555','Carol Fritz','8251320249','62291 Kari Villages Suite 928 Moudi ORISSA','DOC_88408',26,'AB-'),('823004','2019-10-03','PAT_557','Nathan Nicholson','8364502610','6428 Vincent Mountain Apt. 624 Bagadaha BIHAR','DOC_5820',56,'AB-'),('502269','2019-11-22','PAT_558','Shawn Wade','8157633940','4845 Shane Pine Apt. 338 Alladurg ANDHRA PRADESH','DOC_76765',70,'O-'),('721446','2019-11-09','PAT_559','Robert Wiford','8596865901','857 Jeff Pine Apt. 569 Sahara WEST BENGAL','DOC_77175',39,'A+'),('735216','2019-10-14','PAT_560','Mitch Baker','8966384116','Unit 7380 Box 4938 Nabanagar WEST BENGAL','DOC_10217',41,'AB-'),('203131','2019-09-15','PAT_562','Joseph Thompson','8732066215','9136 Keith Tunnel Suite 070 Kehroula UTTAR PRADESH','DOC_8610',63,'A-'),('517391','2019-08-29','PAT_571','Patricia Kilburn','8343728019','796 Alexander Freeway Peddatippasamudram ANDHRA PRADESH','DOC_1862',53,'O+'),('506163','2019-09-04','PAT_576','Elizabeth Trejo','8955462470','81180 Deborah Valley Haripirala ANDHRA PRADESH','DOC_41053',24,'B-'),('711410','2019-08-25','PAT_580','Margarita Williams','8625750784','1999 Forbes Prairie Apt. 067 Sibnarayanchak WEST BENGAL','DOC_26338',34,'B-'),('802163','2019-11-22','PAT_585','Alyssa Toyoshima','8938991958','529 Kaitlin River Apt. 349 Naya Mohamad  Pur BIHAR','DOC_39128',21,'A+'),('505174','2019-12-05','PAT_586','Dolores Murry','8328372459','160 Peter Dale Suite 502 Nittur ANDHRA PRADESH','DOC_17470',19,'B+'),('507302','2019-09-22','PAT_596','Gwendolyn Greene','8282534855','9327 Cobb Parks Suite 611 Lankapalli ANDHRA PRADESH','DOC_74217',54,'B-'),('325009','2020-02-14','PAT_598','Christopher Scott','8931812654','96033 Elizabeth Village Suite 686 Balupa RAJASTHAN','DOC_53250',61,'A-'),('416603','2020-02-01','PAT_6','Donna Baker','8369403833','406 Alyssa Views Osargaon MAHARASHTRA','DOC_65221',30,'O-'),('786614','2020-02-13','PAT_603','Martha English','8080726132','3223 Elizabeth Tunnel Jeypore ASSAM','DOC_5070',38,'O-'),('516309','2019-12-27','PAT_61','Troy Clifford','8648716942','7662 Wang Station Suite 669 Yerraguntla ANDHRA PRADESH','DOC_63714',59,'B+'),('624216','2019-09-01','PAT_611','Mary Rutland','8540411932','758 Clark Plains Apt. 683 Kanalkadu TAMILNADU','DOC_84844',20,'B-'),('501511','2020-01-21','PAT_612','Pam Leach','8632591890','90077 Foster Mills Sanghinagar ANDHRA PRADESH','DOC_66982',56,'A-'),('577549','2019-11-19','PAT_614','Sonya Cardona','8648701271','PSC 4148, Box 4799 Dandur KARNATAKA','DOC_29667',66,'AB-'),('788119','2019-10-25','PAT_615','Yesenia Cardona','8245419554','805 Bryan Trafficway Amjurghat ASSAM','DOC_37924',52,'A-'),('522259','2020-02-22','PAT_617','Jessica Holscher','8500184096','51290 Robert Course Apt. 152 Kanagala ANDHRA PRADESH','DOC_29132',38,'A-'),('607202','2019-12-21','PAT_618','Blake Martinez','8220234177','697 Joshua Ranch Apt. 902 Pinnalavadi TAMILNADU','DOC_92843',26,'B-'),('263679','2019-08-01','PAT_619','Victor Schnee','8726730912','57243 Allen Island Nachati UTTARAKHAND','DOC_77861',37,'A-'),('344702','2019-10-05','PAT_620','Ruth Presnell','8517681658','0541 Lee Meadow Jalila RAJASTHAN','DOC_29166',21,'AB-'),('477441','2019-12-19','PAT_621','Matthew Dixon','8260066115','960 Erickson Corners Suite 586 Asnet MADHYA PRADESH','DOC_55089',34,'O+'),('679518','2020-01-13','PAT_622','Rosalind Barber','8459004240','65900 Ayala Route Kottappuram KERALA','DOC_47648',45,'B-'),('515311','2019-12-29','PAT_623','Naomi Kielbasa','8616951046','010 Russo Fields Suite 270 Narasambudi ANDHRA PRADESH','DOC_86501',22,'A+'),('486882','2019-10-13','PAT_625','Anthony Ortiz','8149070015','899 Jane Point Apt. 359 Bairdah MADHYA PRADESH','DOC_59200',68,'O+'),('311204','2019-11-18','PAT_629','Carolyn Bryan','8349830545','038 Mata Estates Sangramgarh RAJASTHAN','DOC_74918',66,'AB-'),('325215','2019-11-20','PAT_63','Alexander Casas','8987278840','390 Norman Road Apt. 704 Kishanpura RAJASTHAN','DOC_7578',33,'A+'),('224147','2019-09-10','PAT_630','Mark Cadiz','8898519906','03689 Avery Course Jainti UTTAR PRADESH','DOC_81528',32,'AB-'),('486666','2019-09-16','PAT_633','Sue Larson','8179353899','42924 Moreno Isle Suite 766 Chingwah MADHYA PRADESH','DOC_26509',57,'O+'),('322214','2019-12-22','PAT_64','Shanika Carlson','8061661178','798 Steven Plaza Bairada RAJASTHAN','DOC_76964',37,'AB-'),('736204','2019-10-03','PAT_640','Jennifer Rodriguez','8207030922','USNV Hall Jogendranagar WEST BENGAL','DOC_82913',19,'B-'),('504294','2019-10-23','PAT_641','Paulette Gittens','8671746016','4223 Davis Via Apt. 774 Tumpalli ANDHRA PRADESH','DOC_3886',56,'B-'),('400701','2019-12-29','PAT_642','David Mccabe','8472134408','179 Allison Landing Ghansoli MAHARASHTRA','DOC_57400',41,'B+'),('509228','2019-11-20','PAT_643','Terri Cea','8809006532','841 Rose Oval Suite 491 Inmulnarva ANDHRA PRADESH','DOC_73276',46,'O-'),('272151','2019-12-30','PAT_647','Young Cox','8342923481','68951 Miller Junction Mahuwar UTTAR PRADESH','DOC_86617',69,'A+'),('841223','2020-02-24','PAT_648','David Tinsley','8167674076','47224 Johnson Trail Narwan BIHAR','DOC_11178',52,'O-'),('641201','2019-10-03','PAT_650','Duane Rodriguez','8090128197','171 Nathan Fords Panapatti TAMILNADU','DOC_72987',39,'O+'),('383434','2019-09-19','PAT_652','Stephen Hennessey','8313664986','917 Palmer Avenue Kamalpur GUJARAT','DOC_43768',36,'B-'),('757017','2020-01-21','PAT_653','Wayne Rodriguez','8126479178','159 Joshua Rest Apt. 381 Nakhra ORISSA','DOC_20522',70,'AB-'),('133001','2019-12-10','PAT_654','Roy Daly','8222638629','38860 Holt Fort Suite 012 A.K. Line HARYANA','DOC_54347',39,'AB+'),('521230','2020-02-20','PAT_657','Louise Russell','8188650953','7154 Chad Via Apt. 455 China Nandigama ANDHRA PRADESH','DOC_27845',64,'B-'),('445207','2020-02-18','PAT_658','Jason Pruitt','8095897584','32898 Anderson Causeway Apt. 560 Akoli MAHARASHTRA','DOC_21817',50,'O+'),('628721','2019-11-22','PAT_659','Ryan Mcknight','8881892085','30110 Stevens Mountain Nachiyarpuram TAMILNADU','DOC_31310',43,'AB+'),('577549','2020-01-14','PAT_66','Norma Royce','8060435147','72195 Grant Port Apt. 002 Sivane KARNATAKA','DOC_27897',38,'AB+'),('486670','2019-09-17','PAT_662','John Richards','8028371307','292 Russell Ridges Sonbarsha MADHYA PRADESH','DOC_12057',51,'O+'),('635751','2020-02-07','PAT_663','Kathleen Lowe','8569557369','77082 Davis Plaza Suite 821 Periyapet TAMILNADU','DOC_70851',64,'O-'),('756026','2019-09-08','PAT_665','Paul Hartley','8927660083','909 Thomas Ford Suite 109 Ghantiary ORISSA','DOC_21968',30,'O+'),('276303','2020-02-14','PAT_669','Mattie Larocco','8243406620','085 Alicia Keys Sarai Mohan UTTAR PRADESH','DOC_24617',26,'O-'),('621803','2020-01-01','PAT_670','Keith Babcock','8763057895','632 Mackenzie Stravenue Apt. 268 Vizhapallam TAMILNADU','DOC_12719',54,'AB-'),('509104','2020-02-18','PAT_671','Victor Nieves','8257885057','1369 Melissa Port Apt. 569 Miraspally ANDHRA PRADESH','DOC_22430',21,'AB-'),('518002','2019-09-17','PAT_676','Philip Matthews','8703293223','111 Perry Crescent KNL-camp-B ANDHRA PRADESH','DOC_99752',25,'AB+'),('121004','2019-11-28','PAT_680','Daniel Hoffman','8622960205','866 Velez Forest Dhauj HARYANA','DOC_93898',63,'A+'),('421301','2019-10-03','PAT_683','Claude Chu','8451327924','7974 Mia Junction Dighashi MAHARASHTRA','DOC_41053',32,'B-'),('416704','2019-12-31','PAT_686','Janet Callahan','8847239780','657 Johnson Cove Miland MAHARASHTRA','DOC_7028',28,'O+'),('764059','2020-01-11','PAT_689','Christine Garcia','8910456125','73280 Moses Extension Majhiguda ORISSA','DOC_30018',20,'O-'),('143514','2019-11-15','PAT_69','Michelle Lear','8192955680','8956 Adam Drives Chone PUNJAB','DOC_20251',26,'A-'),('713408','2019-12-15','PAT_690','Julia Brewer','8220600464','345 Joseph Oval Kamargoria WEST BENGAL','DOC_68735',43,'A+'),('721152','2020-01-23','PAT_691','Faye Tierney','8792588285','747 Timothy Shoal Maguri Uttarsai WEST BENGAL','DOC_62780',39,'O+'),('522201','2019-12-26','PAT_692','Rose Rowley','8478752448','3615 Holmes Stravenue Kothapeta ANDHRA PRADESH','DOC_20102',38,'O-'),('125051','2019-08-08','PAT_695','Angela Baker','8102509199','996 Jessica Islands Nagpur HARYANA','DOC_68615',47,'B+'),('225414','2020-02-26','PAT_698','Erik Crawford','8606184786','783 Steven Station Barain UTTAR PRADESH','DOC_87701',28,'B+'),('416519','2020-02-16','PAT_7','Timothy Harris','8323496796','PSC 4396, Box 4636 Dukanwad MAHARASHTRA','DOC_32923',59,'A+'),('456006','2019-12-31','PAT_70','John Hovermale','8560551368','Unit 9052 Box 2273 Panthpiplai MADHYA PRADESH','DOC_62893',68,'O-'),('151202','2019-08-16','PAT_701','Alfredo Hartman','8799230932','5208 Mejia Path Apt. 615 Jaitu PUNJAB','DOC_99752',29,'A-'),('327801','2019-09-24','PAT_705','Chris Jones','8945241256','53215 Alan Forks Suite 164 Jhikali RAJASTHAN','DOC_32242',20,'B+'),('464228','2020-01-12','PAT_706','Lorraine Song','8289857431','0782 Michael Pine Bhonriya MADHYA PRADESH','DOC_74852',23,'O+'),('470226','2020-02-06','PAT_707','Cheryl Stamps','8302801580','919 Luke Shores Muyarkhas MADHYA PRADESH','DOC_20653',56,'AB+'),('491441','2019-12-18','PAT_709','Michael Miller','8902689715','404 Victoria Turnpike Mohara CHATTISGARH','DOC_85827',39,'AB+'),('202282','2019-09-18','PAT_712','Tammy Leal','8382680397','23334 Amy Corner Malviya Nagar UTTAR PRADESH','DOC_68469',47,'O-'),('711303','2019-10-30','PAT_715','Daniel Angotti','8106834127','11687 Munoz Burg Nawpala WEST BENGAL','DOC_16925',39,'AB-'),('822126','2019-10-07','PAT_716','Evon Wells','8486596555','USNV Lyons Satbarwa JHARKHAND','DOC_52275',23,'O+'),('225405','2019-08-16','PAT_719','Katie Baranoski','8911848330','5237 Cook Mountain Suite 150 Bhawaniyapur Kheoli UTTAR PRADESH','DOC_50440',66,'AB-'),('460330','2019-12-28','PAT_72','Steven Warrington','8745771534','03866 Morgan Field Suite 693 Godhna MADHYA PRADESH','DOC_73249',62,'A+'),('848207','2019-08-21','PAT_720','Myriam Wasmer','8647651145','2946 Vang Ridges Apt. 006 Pushaho BIHAR','DOC_19798',24,'B-'),('811304','2019-08-21','PAT_724','Renee Hummer','8294654203','Unit 2268 Box 6012 Chewara BIHAR','DOC_42716',29,'A-'),('522529','2019-12-12','PAT_731','Marc Choudhury','8554743849','791 Adam Island Suite 469 Ameenabad ANDHRA PRADESH','DOC_13107',41,'O+'),('246725','2020-01-22','PAT_733','Michael Mcshea','8229103803','PSC 0811, Box 0755 Singha UTTAR PRADESH','DOC_43462',23,'AB-'),('756166','2019-09-15','PAT_735','Crystal Moran','8021808940','045 Mayo Flat Balikhanda ORISSA','DOC_31806',31,'AB+'),('521214','2019-12-09','PAT_737','Stanley Camacho','8957592410','01118 Dean Club Kotapadu ANDHRA PRADESH','DOC_32730',37,'B+'),('841301','2020-01-07','PAT_74','David Long','8027184189','9303 Bush Cape Mahamda BIHAR','DOC_49904',47,'B+'),('442102','2019-12-05','PAT_742','Josephine Lawrence','8172074592','3698 Salinas Drive Bothuda MAHARASHTRA','DOC_26144',63,'AB+'),('621001','2019-10-30','PAT_748','George Levites','8349643403','93999 Hernandez Flat Erakudi TAMILNADU','DOC_84324',32,'O-'),('712101','2019-09-28','PAT_769','Beverly Devault','8769435696','PSC 0731, Box 2962 Kamarparabazar WEST BENGAL','DOC_37192',18,'AB+'),('690510','2019-12-18','PAT_771','William Rickard','8672331562','521 Blake Brooks Olakettiambalam KERALA','DOC_15614',58,'B+'),('306705','2019-11-20','PAT_772','Justin Gomes','8441719301','03674 Martin Locks Apt. 299 Lalrai RAJASTHAN','DOC_12286',18,'O+'),('424310','2019-12-03','PAT_773','Freddie Pileggi','8834898518','739 Garrett Underpass Apt. 449 Dighave MAHARASHTRA','DOC_24482',47,'O-'),('151212','2019-09-02','PAT_778','Leonard Spearin','8115921903','Unit 6439 Box 9798 Kanianwali PUNJAB','DOC_70148',54,'B+'),('522549','2019-10-12','PAT_78','Harmony Mccormick','8853679191','107 Lauren Pike Suite 872 Gundalapadu ANDHRA PRADESH','DOC_98659',30,'AB-'),('695501','2019-12-16','PAT_784','David Crigger','8680476259','08956 Carpenter Lake Apt. 157 Bhagavathinada KERALA','DOC_1560',22,'O-'),('632301','2020-01-24','PAT_787','Anthony Douglas','8511664711','3809 Adam Divide Suite 611 Arni Bazar TAMILNADU','DOC_50667',69,'B-'),('841233','2019-10-13','PAT_788','Fernando Lelacheur','8558287578','7056 Edwards Row Suite 064 Laheji BIHAR','DOC_98539',23,'AB-'),('632202','2019-10-22','PAT_791','Lisa Beauregard','8547526317','0662 Kemp Lights Senji TAMILNADU','DOC_31445',31,'A+'),('500087','2019-11-24','PAT_795','Lorenzo Lodge','8431804118','046 Bauer Street Suite 156 JJ Nagar Colony ANDHRA PRADESH','DOC_90446',33,'AB-'),('470442','2020-01-02','PAT_799','Lisa Woodard','8928267115','1094 Thomas Orchard Apt. 542 Bandri MADHYA PRADESH','DOC_30996',49,'O-'),('757084','2020-01-31','PAT_80','Jodie Maland','8575697214','7572 Maria Island Suite 737 Kaduani ORISSA','DOC_58722',48,'A+'),('517401','2020-01-31','PAT_800','Ronnie Sahe','8840684809','263 Brian Port Veeranamala ANDHRA PRADESH','DOC_58361',62,'AB-'),('735233','2020-02-16','PAT_809','Warren Barrientos','8182065285','55241 Nelson Port Apt. 298 Garialtari WEST BENGAL','DOC_89099',18,'AB+'),('795104','2019-11-05','PAT_824','Herbert Hendrie','8148190952','66454 Jodi Point Kaibi NORTH EASTERN','DOC_8289',68,'AB+'),('737107','2019-10-15','PAT_826','Michael Tiller','8374640585','6541 Green Mall Apt. 932 Raley Khesey WEST BENGAL','DOC_28843',43,'B+'),('415626','2020-02-11','PAT_827','Michael Comeaux','8763271782','084 Hopkins Fords Suite 438 Gavkhadi MAHARASHTRA','DOC_5820',40,'O-'),('504102','2019-11-28','PAT_829','Kathryn Rogers','8413310468','60787 Patricia Street Suite 161 Yedbid ANDHRA PRADESH','DOC_27567',32,'O-'),('382150','2019-12-03','PAT_832','Leann Aldredge','8684442352','PSC 3052, Box 5946 Thuleta GUJARAT','DOC_86725',32,'O+'),('249155','2019-10-30','PAT_833','Amanda Porter','8120747447','662 Robertson Pine Pokhar UTTARAKHAND','DOC_80338',29,'A+'),('477111','2019-10-10','PAT_834','Carolyn Cameron','8236606552','5965 Brock Meadows Ahorli Kali MADHYA PRADESH','DOC_85320',35,'O-'),('415304','2020-01-16','PAT_842','Jessica Geidl','8660447202','PSC 7823, Box 0627 Vihapur MAHARASHTRA','DOC_3573',69,'O+'),('515641','2019-09-29','PAT_843','Johnny Wright','8366452064','084 Anita Port Apt. 202 Kanaganapalli ANDHRA PRADESH','DOC_2635',47,'AB-'),('601103','2020-01-17','PAT_844','Jason Montemayor','8336178264','27395 Lozano Turnpike Poorivakkam TAMILNADU','DOC_52438',62,'B+'),('152004','2019-11-02','PAT_846','Jeanine Summers','8822894101','776 Kaitlin Flats Faridewala PUNJAB','DOC_3009',28,'AB+'),('752090','2019-12-27','PAT_847','Gilberto Thompson','8161811615','918 Brandon Expressway Rohibanka ORISSA','DOC_1821',63,'AB-'),('847451','2020-01-13','PAT_848','Pauline Wright','8675746993','710 Ethan Walks Apt. 856 Sikarhatta BIHAR','DOC_4058',43,'B-'),('413002','2019-11-12','PAT_849','Stacey Cook','8355568699','99533 Ramsey Cliffs Ingalgi MAHARASHTRA','DOC_53207',59,'A-'),('382130','2019-09-05','PAT_85','Brittany Sanders','8488135657','5790 Williamson Island Vinzuvada GUJARAT','DOC_41142',33,'A+'),('127306','2020-01-08','PAT_851','Ralph Webb','8159228761','83042 Clark Valley Sarupgarh HARYANA','DOC_22249',58,'A+'),('388540','2019-12-13','PAT_853','Christi Easterday','8651725705','PSC 0722, Box 7090 Borsad GUJARAT','DOC_32923',19,'B-'),('210121','2020-01-23','PAT_854','Elizabeth Jenkins','8911688828','1267 Brenda Overpass Suite 733 Simauni UTTAR PRADESH','DOC_7779',25,'O-'),('344026','2019-11-08','PAT_855','Alice Brown','8102444537','59264 Young Mountain Asarwa [Araba] RAJASTHAN','DOC_17160',64,'AB-'),('813102','2020-01-26','PAT_86','Francisco Escarcega','8386687814','21920 Andrea Centers Suite 026 Baliamehra BIHAR','DOC_88143',39,'B-'),('673516','2019-12-20','PAT_860','Tamie Piazza','8087699008','804 William Points Apt. 970 Mokeri Nadapuram KERALA','DOC_69187',34,'A-'),('413228','2019-12-08','PAT_863','Harry Villalva','8771743751','5415 Owens Camp Apt. 746 Karjal MAHARASHTRA','DOC_49838',68,'O+'),('732201','2019-12-29','PAT_866','Beatriz Douglas','8292959398','634 Jackson Forks Apt. 511 Alipur WEST BENGAL','DOC_70870',49,'B-'),('713378','2019-11-24','PAT_868','Lynn Parks','8849859794','530 Welch Ports Bhuri WEST BENGAL','DOC_67812',23,'O-'),('341001','2019-11-27','PAT_869','Robert Williams','8400905661','95423 Michael Crossroad Apt. 586 Ganthilasar RAJASTHAN','DOC_24581',65,'AB+'),('824129','2019-09-14','PAT_870','Earl Shaw','8901085810','59107 Payne Groves Karma Pandih BIHAR','DOC_96014',52,'AB+'),('311805','2019-12-16','PAT_873','Jeffrey Nosek','8010928778','86676 Keith Ville Chawandia RAJASTHAN','DOC_65174',49,'B-'),('721122','2019-11-08','PAT_88','Joel Roberts','8406321679','2508 Diana Circle Suite 502 Kongarer Ayma WEST BENGAL','DOC_88994',30,'B+'),('502287','2020-02-01','PAT_880','Dexter Raney','8517281774','431 Schaefer Village Suite 349 Rasool ANDHRA PRADESH','DOC_41053',64,'AB-'),('445303','2019-10-16','PAT_884','Katina Lewis','8783265404','317 Timothy Mill Apt. 486 Hiwra Majra MAHARASHTRA','DOC_54313',31,'B-'),('632502','2020-01-14','PAT_885','Deborah Meighan','8380462885','08011 Stark Island Asamandhur TAMILNADU','DOC_23764',44,'O+'),('202001','2020-02-27','PAT_887','Alice Never','8883786177','32610 Stephanie Field Suite 613 I T I Road UTTAR PRADESH','DOC_71239',25,'A-'),('277124','2020-02-10','PAT_888','John Garcia','8235381847','0103 Valdez Forks Apt. 039 Pur UTTAR PRADESH','DOC_4184',59,'O-'),('635305','2019-12-30','PAT_89','Melvin Whistler','8222612226','4294 Hudson Alley Elavadai TAMILNADU','DOC_4989',33,'AB+'),('344031','2019-12-22','PAT_890','Ashley Lewis','8607473975','2538 Ashley Track Suite 426 Jalikheda RAJASTHAN','DOC_49709',39,'O+'),('713143','2019-11-27','PAT_894','Melissa Bowlin','8819225447','16392 Hays Loop Palsona WEST BENGAL','DOC_39228',52,'O+'),('606102','2019-11-26','PAT_895','Greg Hahn','8043355311','4036 Amy Center Suite 849 Orathur TAMILNADU','DOC_66765',60,'A+'),('757028','2019-08-08','PAT_896','Ann Mainella','8637527810','577 Emily Ports Suite 988 Nachhipuria ORISSA','DOC_23459',42,'O+'),('465110','2020-02-14','PAT_898','Glen Hart','8367789132','22211 Bender Divide Dendla MADHYA PRADESH','DOC_59812',44,'B+'),('758027','2019-08-26','PAT_899','Frances Roes','8700134678','445 Corey Valley Tara ORISSA','DOC_67620',45,'O-'),('146106','2020-01-28','PAT_9','Wendy Gibson','8155758371','4076 Bauer Crest Khera PUNJAB','DOC_72513',48,'A-'),('396001','2020-01-25','PAT_900','Charles Maxim','8765495604','6723 Erickson Wall Apt. 682 Valsad GUJARAT','DOC_94591',30,'A-'),('271851','2019-12-17','PAT_904','Charles Thornton','8181789109','2297 Molly Mission Suite 180 Raipur UTTAR PRADESH','DOC_7631',46,'A+'),('424002','2020-02-12','PAT_909','Shannon Weiland','8291831483','97410 Matthew Squares Apt. 747 Valvadi MAHARASHTRA','DOC_24617',20,'B+'),('505301','2019-10-22','PAT_915','Jeanne Fauver','8625335017','3307 Dawn Terrace Apt. 943 Kanagarthi ANDHRA PRADESH','DOC_85226',68,'A+'),('516355','2020-01-19','PAT_916','Alene Smith','8494295472','9458 Gardner Pass Kallur ANDHRA PRADESH','DOC_11507',33,'A-'),('305811','2019-11-20','PAT_921','James Naugle','8630931735','83544 Kevin Orchard Magari RAJASTHAN','DOC_10338',46,'A-'),('263152','2019-12-22','PAT_922','Robert Baker','8377164801','19141 Michelle Manor Subashnagar UTTARAKHAND','DOC_84745',24,'B+'),('768221','2019-08-12','PAT_924','Valerie Hunt','8996902051','3067 Mckee Park Suite 317 Bamphei ORISSA','DOC_67368',44,'AB+'),('202398','2019-12-31','PAT_925','Thomas Strong','8430628132','183 Ramsey Shore Shikoi UTTAR PRADESH','DOC_49132',20,'B-'),('516411','2019-08-22','PAT_93','Melinda Ford','8962765173','8291 Davis Run Suite 898 Peddapasupula ANDHRA PRADESH','DOC_1267',43,'AB-'),('767038','2019-12-03','PAT_930','Thelma Zordan','8553253747','605 Mora Mountain Suite 774 Tankapani ORISSA','DOC_62696',21,'A-'),('517432','2019-11-13','PAT_931','Renee Tappen','8967599070','810 Hunter Ways Moram ANDHRA PRADESH','DOC_65050',45,'A-'),('321401','2019-11-18','PAT_932','Andrew Kenney','8548409132','10817 Cynthia Unions Apt. 496 Nahroli RAJASTHAN','DOC_85672',22,'A+'),('491337','2019-09-08','PAT_933','April Jefferson','8068939967','511 Anderson Bypass Apt. 135 Murta CHATTISGARH','DOC_99094',47,'B+'),('500045','2019-11-25','PAT_935','Sean Tousom','8636546852','91878 Brown Extension Rahmath Nagar ANDHRA PRADESH','DOC_2411',21,'B-'),('781329','2019-11-12','PAT_938','Eleanor Clark','8397133377','1644 Todd Parkway Suite 042 Nityananda ASSAM','DOC_92624',66,'A-'),('833103','2019-10-14','PAT_939','Chester Crabb','8345750810','5177 Drake Keys Apt. 961 Kairam JHARKHAND','DOC_76765',27,'A+'),('325206','2019-09-04','PAT_940','Eric Goldfarb','8260635286','8185 Jim Divide Raithal RAJASTHAN','DOC_33221',50,'A-'),('641697','2019-10-06','PAT_941','Billie Slater','8161811183','40064 John Lake Apt. 718 Therampalayam TAMILNADU','DOC_57973',32,'O+'),('562119','2019-11-21','PAT_943','Debbie Sims','8153257604','468 Pineda Locks Alanatha KARNATAKA','DOC_98739',31,'A+'),('680721','2019-11-07','PAT_944','Kristen Woolery','8445554314','308 Kelli Green Chattikulam KERALA','DOC_65293',54,'AB+'),('473665','2019-09-17','PAT_946','Peter Wagner','8194196454','PSC 0544, Box 2332 Sehdora MADHYA PRADESH','DOC_82155',34,'O+'),('493663','2019-10-03','PAT_947','Juan Peck','8526743381','698 Brady Meadow Apt. 751 Bhaismundi CHATTISGARH','DOC_21598',39,'A+'),('146001','2020-02-29','PAT_949','Manuel Malloy','8172406768','447 Smith Via Apt. 014 Bharwain Road PUNJAB','DOC_92519',50,'B+'),('793119','2019-10-08','PAT_950','Mary Nelson','8522960681','18678 Jared Street Nongthynniew NORTH EASTERN','DOC_41961',40,'B-'),('263633','2019-08-16','PAT_951','Beatrice Hunt','8927112677','4433 Keith Light Liti UTTARAKHAND','DOC_52149',51,'O-'),('110006','2019-10-26','PAT_956','Stephanie Velasquez','8742113407','PSC 6965, Box 9788 Dareeba DELHI','DOC_68117',59,'A-'),('394650','2019-08-23','PAT_958','Daniel Shultz','8465154739','418 Tiffany Fork Apt. 131 Dhamodi GUJARAT','DOC_55837',23,'B-'),('416704','2019-11-11','PAT_963','Robert Hilker','8263258277','Unit 3432 Box 5512 Savdav MAHARASHTRA','DOC_49155',22,'AB+'),('456771','2019-10-17','PAT_964','Janet Krum','8595880275','47121 Denise Station Apt. 534 Asawata MADHYA PRADESH','DOC_47418',27,'AB-'),('466331','2020-01-04','PAT_965','Thomas Adams','8692062787','17357 Andre Stravenue Suite 000 Tiladiya MADHYA PRADESH','DOC_66664',47,'AB-'),('123003','2019-08-29','PAT_967','Lynette Bartolome','8794815340','125 Neal Knolls Narhera HARYANA','DOC_36291',54,'B-'),('638103','2019-11-03','PAT_968','Ruth Rivira','8789335586','75982 Davis Estates Apt. 848 Athiyur TAMILNADU','DOC_49925',46,'B+'),('784178','2020-01-22','PAT_969','Emily Brown','8319566032','5417 Dominguez Lights Majukuchi ASSAM','DOC_92355',63,'AB-'),('689649','2020-02-21','PAT_972','Christopher Hernandez','8162434193','72067 Rebecca Mall Mundukottackal KERALA','DOC_10033',65,'O-'),('722150','2019-08-05','PAT_976','Robert Conrad','8839933342','43184 Cook Stream Suite 970 Baragarrah WEST BENGAL','DOC_97849',68,'A+'),('784514','2019-10-16','PAT_979','Kristina Richard','8296661908','998 Matthew Throughway Daipam ASSAM','DOC_67577',59,'A+'),('144205','2019-11-21','PAT_980','Brenda Villa','8440318173','89163 James Mission Apt. 340 Jandaur PUNJAB','DOC_72513',45,'A+'),('505527','2019-09-25','PAT_981','Jim Schimmel','8160146604','7733 Donald Field Suite 073 Lower Manair Dam Colony ANDHRA PRADESH','DOC_63020',47,'A+'),('494226','2019-10-10','PAT_984','Melissa Oleary','8722155059','PSC 9434, Box 2761 Malakot CHATTISGARH','DOC_15614',43,'O+'),('636903','2019-11-29','PAT_986','Scott Anderson','8236028471','48426 Daniel Locks Ellapudayampatti TAMILNADU','DOC_53207',35,'O-'),('767016','2019-10-03','PAT_987','Clarence Cyrus','8196396959','39198 Wagner Prairie Sargaj ORISSA','DOC_11178',39,'AB+'),('700036','2019-08-16','PAT_988','Natalie Baker','8663487155','6871 Chad Flat Baranagar WEST BENGAL','DOC_81394',39,'A+'),('688531','2020-01-17','PAT_993','Gayla Carr','8036956851','USCGC Berger Pattanacaud KERALA','DOC_86409',26,'B-'),('431213','2019-12-01','PAT_995','Jennifer Leonard','8616850060','531 Carol Road Apt. 326 Old Jalna MAHARASHTRA','DOC_24811',49,'A-'),('393115','2020-02-11','PAT_996','Willa Petty','8055180888','70225 Laura Manor Vanakpore GUJARAT','DOC_56720',64,'AB+'),('394633','2020-02-17','PAT_997','Margarete Engles','8538014641','385 Jones Common Kasvav GUJARAT','DOC_27354',24,'B+');
/*!40000 ALTER TABLE `Patient` ENABLE KEYS */;
UNLOCK TABLES;

--
-- Table structure for table `Patients_Organ`
--

DROP TABLE IF EXISTS `Patients_Organ`;
/*!40101 SET @saved_cs_client     = @@character_set_client */;
/*!40101 SET character_set_client = utf8 */;
CREATE TABLE `Patients_Organ` (
  `PAT_id` char(9) DEFAULT NULL,
  `Organ` varchar(20) DEFAULT NULL,
  KEY `PAT_id` (`PAT_id`),
  CONSTRAINT `Patients_Organ_ibfk_1` FOREIGN KEY (`PAT_id`) REFERENCES `Patient` (`PAT_id`)
) ENGINE=InnoDB DEFAULT CHARSET=latin1;
/*!40101 SET character_set_client = @saved_cs_client */;

--
-- Dumping data for table `Patients_Organ`
--

LOCK TABLES `Patients_Organ` WRITE;
/*!40000 ALTER TABLE `Patients_Organ` DISABLE KEYS */;
INSERT INTO `Patients_Organ` VALUES ('PAT_2010','Lung'),('PAT_2298','Cornea'),('PAT_3871','Cornea'),('PAT_1382','Pancreas'),('PAT_198','Cornea'),('PAT_2950','Heart'),('PAT_2255','Kidney'),('PAT_2286','Heart'),('PAT_3371','Kidney'),('PAT_1790','Liver'),('PAT_3399','Liver'),('PAT_3497','Cornea'),('PAT_2304','Cornea'),('PAT_2989','Pancreas'),('PAT_78','Pancreas'),('PAT_1076','Pancreas'),('PAT_2263','Heart'),('PAT_3860','Pancreas'),('PAT_2216','Pancreas'),('PAT_213','Cornea'),('PAT_894','Lung'),('PAT_2640','Liver'),('PAT_2737','Liver'),('PAT_3401','Liver'),('PAT_939','Cornea'),('PAT_3330','Kidney'),('PAT_1536','Liver'),('PAT_1834','Kidney'),('PAT_1512','Lung'),('PAT_361','Cornea'),('PAT_716','Pancreas'),('PAT_1372','Cornea'),('PAT_3866','Liver'),('PAT_1698','Heart'),('PAT_1918','Cornea'),('PAT_1348','Lung'),('PAT_1826','Kidney'),('PAT_2195','Pancreas'),('PAT_612','Cornea'),('PAT_769','Heart'),('PAT_2977','Pancreas'),('PAT_1784','Kidney'),('PAT_1240','Cornea'),('PAT_2574','Pancreas'),('PAT_2545','Lung'),('PAT_2638','Liver'),('PAT_1992','Pancreas'),('PAT_2231','Pancreas'),('PAT_423','Heart'),('PAT_2157','Kidney'),('PAT_7','Lung'),('PAT_2169','Heart'),('PAT_2027','Kidney'),('PAT_1714','Pancreas'),('PAT_1277','Liver'),('PAT_3593','Kidney'),('PAT_559','Kidney'),('PAT_3531','Cornea'),('PAT_2713','Cornea'),('PAT_3169','Pancreas'),('PAT_2147','Lung'),('PAT_3134','Heart'),('PAT_3691','Lung'),('PAT_2473','Lung'),('PAT_3329','Lung'),('PAT_2510','Liver'),('PAT_3548','Kidney'),('PAT_909','Cornea'),('PAT_425','Pancreas'),('PAT_3925','Cornea'),('PAT_947','Heart'),('PAT_1804','Pancreas'),('PAT_3003','Cornea'),('PAT_2153','Pancreas'),('PAT_2069','Kidney'),('PAT_1437','Liver'),('PAT_1167','Lung'),('PAT_3218','Liver'),('PAT_3643','Pancreas'),('PAT_2670','Heart'),('PAT_3512','Pancreas'),('PAT_3885','Pancreas'),('PAT_3658','Pancreas'),('PAT_2420','Kidney'),('PAT_1434','Heart'),('PAT_949','Kidney'),('PAT_993','Cornea'),('PAT_1138','Kidney'),('PAT_2435','Kidney'),('PAT_2223','Kidney'),('PAT_3115','Cornea'),('PAT_2929','Lung'),('PAT_2637','Liver'),('PAT_2619','Lung'),('PAT_2741','Cornea'),('PAT_36','Lung'),('PAT_387','Pancreas'),('PAT_2599','Kidney'),('PAT_1212','Cornea'),('PAT_2587','Lung'),('PAT_944','Lung'),('PAT_1626','Heart'),('PAT_3902','Liver'),('PAT_3113','Lung'),('PAT_3779','Lung'),('PAT_3293','Cornea'),('PAT_3427','Cornea'),('PAT_1937','Pancreas'),('PAT_3594','Heart'),('PAT_915','Pancreas'),('PAT_976','Liver'),('PAT_676','Lung'),('PAT_1234','Heart'),('PAT_3099','Pancreas'),('PAT_1467','Cornea'),('PAT_585','Lung'),('PAT_3621','Pancreas'),('PAT_691','Liver'),('PAT_1690','Liver'),('PAT_3279','Liver'),('PAT_1376','Liver'),('PAT_2438','Kidney'),('PAT_2125','Cornea'),('PAT_896','Heart'),('PAT_495','Liver'),('PAT_3265','Cornea'),('PAT_1939','Cornea'),('PAT_3144','Heart'),('PAT_1363','Lung'),('PAT_707','Pancreas'),('PAT_3128','Heart'),('PAT_2074','Kidney'),('PAT_2936','Liver'),('PAT_1155','Kidney'),('PAT_2695','Heart'),('PAT_2641','Heart'),('PAT_3037','Kidney'),('PAT_241','Kidney'),('PAT_397','Liver'),('PAT_3636','Liver'),('PAT_3744','Heart'),('PAT_26','Liver'),('PAT_3805','Liver'),('PAT_1157','Pancreas'),('PAT_3191','Pancreas'),('PAT_1244','Heart'),('PAT_1055','Heart'),('PAT_3877','Kidney'),('PAT_1644','Heart'),('PAT_1806','Lung'),('PAT_3956','Liver'),('PAT_2267','Heart'),('PAT_3320','Lung'),('PAT_1795','Lung'),('PAT_3023','Heart'),('PAT_809','Heart'),('PAT_712','Pancreas'),('PAT_1214','Liver'),('PAT_3595','Lung'),('PAT_1742','Kidney'),('PAT_112','Liver'),('PAT_950','Pancreas'),('PAT_670','Lung'),('PAT_791','Pancreas'),('PAT_1179','Lung'),('PAT_1554','Lung'),('PAT_2736','Lung'),('PAT_485','Lung'),('PAT_2019','Liver'),('PAT_1973','Pancreas'),('PAT_698','Heart'),('PAT_2440','Heart'),('PAT_538','Liver'),('PAT_3393','Liver'),('PAT_2939','Kidney'),('PAT_996','Lung'),('PAT_1969','Liver'),('PAT_1306','Kidney'),('PAT_2727','Lung'),('PAT_2343','Liver'),('PAT_3392','Pancreas'),('PAT_2672','Kidney'),('PAT_3926','Lung'),('PAT_148','Kidney'),('PAT_1814','Pancreas'),('PAT_1565','Heart'),('PAT_2370','Liver'),('PAT_995','Liver'),('PAT_202','Lung'),('PAT_3133','Kidney'),('PAT_1391','Liver'),('PAT_1345','Heart'),('PAT_614','Pancreas'),('PAT_2947','Pancreas'),('PAT_1361','Lung'),('PAT_3101','Kidney'),('PAT_956','Cornea'),('PAT_3493','Kidney'),('PAT_1216','Heart'),('PAT_3150','Heart'),('PAT_731','Lung'),('PAT_3927','Cornea'),('PAT_3624','Kidney'),('PAT_2421','Kidney'),('PAT_870','Lung'),('PAT_358','Liver'),('PAT_742','Pancreas'),('PAT_2140','Pancreas'),('PAT_3541','Lung'),('PAT_930','Heart'),('PAT_2506','Pancreas'),('PAT_1170','Cornea'),('PAT_511','Liver'),('PAT_346','Pancreas'),('PAT_1227','Liver'),('PAT_1231','Lung'),('PAT_496','Kidney'),('PAT_337','Pancreas'),('PAT_1636','Heart'),('PAT_596','Cornea'),('PAT_1211','Kidney'),('PAT_3814','Liver'),('PAT_965','Heart'),('PAT_2648','Heart'),('PAT_2720','Pancreas'),('PAT_2350','Lung'),('PAT_984','Pancreas'),('PAT_2978','Liver'),('PAT_3300','Liver'),('PAT_1678','Cornea'),('PAT_381','Liver'),('PAT_884','Cornea'),('PAT_3353','Cornea'),('PAT_3702','Cornea'),('PAT_2616','Heart'),('PAT_2645','Lung'),('PAT_66','Lung'),('PAT_2591','Kidney'),('PAT_317','Liver'),('PAT_3147','Lung'),('PAT_1995','Pancreas'),('PAT_3804','Lung'),('PAT_3737','Lung'),('PAT_2226','Pancreas'),('PAT_344','Cornea'),('PAT_1964','Heart'),('PAT_2136','Cornea'),('PAT_297','Liver'),('PAT_374','Heart'),('PAT_2385','Pancreas'),('PAT_3126','Pancreas'),('PAT_3010','Kidney'),('PAT_1762','Heart'),('PAT_27','Pancreas'),('PAT_2739','Lung'),('PAT_1098','Lung'),('PAT_3246','Liver'),('PAT_2422','Pancreas'),('PAT_2997','Pancreas'),('PAT_1535','Pancreas'),('PAT_153','Pancreas'),('PAT_2843','Heart'),('PAT_231','Kidney'),('PAT_2279','Pancreas'),('PAT_2164','Liver'),('PAT_3774','Cornea'),('PAT_72','Pancreas'),('PAT_3236','Heart'),('PAT_3066','Pancreas'),('PAT_981','Kidney'),('PAT_1652','Kidney'),('PAT_1195','Lung'),('PAT_1263','Pancreas'),('PAT_391','Cornea'),('PAT_388','Liver'),('PAT_987','Kidney'),('PAT_2308','Kidney'),('PAT_3897','Kidney'),('PAT_1633','Kidney'),('PAT_2091','Pancreas'),('PAT_2895','Cornea'),('PAT_1281','Cornea'),('PAT_1472','Cornea'),('PAT_2814','Heart'),('PAT_2953','Heart'),('PAT_580','Pancreas'),('PAT_2331','Lung'),('PAT_2205','Pancreas'),('PAT_2973','Liver'),('PAT_2858','Pancreas'),('PAT_1722','Cornea'),('PAT_277','Pancreas'),('PAT_3946','Liver'),('PAT_3910','Heart'),('PAT_3430','Kidney'),('PAT_2994','Liver'),('PAT_1452','Liver'),('PAT_2505','Kidney'),('PAT_1534','Lung'),('PAT_279','Pancreas'),('PAT_3064','Heart'),('PAT_832','Heart'),('PAT_3870','Kidney'),('PAT_323','Heart'),('PAT_170','Cornea'),('PAT_3005','Pancreas'),('PAT_2266','Liver'),('PAT_885','Cornea'),('PAT_933','Pancreas'),('PAT_2656','Kidney'),('PAT_1290','Pancreas'),('PAT_1031','Kidney'),('PAT_1276','Kidney'),('PAT_2187','Cornea'),('PAT_134','Lung'),('PAT_175','Cornea'),('PAT_1390','Liver'),('PAT_294','Heart'),('PAT_3955','Heart'),('PAT_2200','Lung'),('PAT_2036','Pancreas'),('PAT_1100','Liver'),('PAT_1394','Lung'),('PAT_1116','Pancreas'),('PAT_327','Lung'),('PAT_3095','Kidney'),('PAT_1684','Cornea'),('PAT_2229','Pancreas'),('PAT_1756','Lung'),('PAT_3120','Lung'),('PAT_2222','Kidney'),('PAT_192','Heart'),('PAT_833','Heart'),('PAT_940','Lung'),('PAT_2617','Lung'),('PAT_1848','Heart'),('PAT_2436','Cornea'),('PAT_247','Pancreas'),('PAT_1922','Pancreas'),('PAT_2877','Heart'),('PAT_3221','Cornea'),('PAT_3232','Pancreas'),('PAT_1538','Lung'),('PAT_1454','Heart'),('PAT_3972','Heart'),('PAT_1646','Liver'),('PAT_2709','Heart'),('PAT_2224','Heart'),('PAT_1510','Liver'),('PAT_2557','Kidney'),('PAT_502','Pancreas'),('PAT_2410','Kidney'),('PAT_3843','Kidney'),('PAT_2314','Pancreas'),('PAT_273','Kidney'),('PAT_3851','Pancreas'),('PAT_2112','Pancreas'),('PAT_1765','Heart'),('PAT_2246','Lung'),('PAT_217','Lung'),('PAT_1508','Pancreas'),('PAT_2956','Liver'),('PAT_2605','Lung'),('PAT_1353','Lung'),('PAT_1245','Kidney'),('PAT_1120','Lung'),('PAT_1396','Cornea'),('PAT_1340','Lung'),('PAT_3948','Pancreas'),('PAT_124','Kidney'),('PAT_3771','Lung'),('PAT_3016','Kidney'),('PAT_2539','Pancreas'),('PAT_715','Lung'),('PAT_1797','Liver'),('PAT_846','Cornea'),('PAT_3425','Liver'),('PAT_2594','Liver'),('PAT_3426','Cornea'),('PAT_1464','Kidney'),('PAT_2601','Lung'),('PAT_2038','Kidney'),('PAT_869','Lung'),('PAT_3167','Heart'),('PAT_3710','Lung'),('PAT_1951','Lung'),('PAT_3994','Cornea'),('PAT_2406','Pancreas'),('PAT_3961','Pancreas'),('PAT_1715','Heart'),('PAT_3377','Lung'),('PAT_1858','Pancreas'),('PAT_1523','Pancreas'),('PAT_3757','Lung'),('PAT_3060','Lung'),('PAT_3402','Pancreas'),('PAT_1661','Kidney'),('PAT_1215','Liver'),('PAT_3857','Liver'),('PAT_2189','Cornea'),('PAT_2762','Pancreas'),('PAT_506','Liver'),('PAT_3993','Liver'),('PAT_435','Kidney'),('PAT_2847','Lung'),('PAT_2768','Heart'),('PAT_1696','Cornea'),('PAT_2382','Pancreas'),('PAT_1323','Lung'),('PAT_650','Heart'),('PAT_2808','Cornea'),('PAT_212','Heart'),('PAT_1142','Heart'),('PAT_1844','Liver'),('PAT_462','Pancreas'),('PAT_3713','Lung'),('PAT_1197','Lung'),('PAT_560','Lung'),('PAT_1948','Heart'),('PAT_3310','Liver'),('PAT_2126','Pancreas'),('PAT_3281','Lung'),('PAT_35','Lung'),('PAT_854','Kidney'),('PAT_2890','Lung'),('PAT_1898','Liver'),('PAT_1956','Pancreas'),('PAT_3176','Pancreas'),('PAT_291','Cornea'),('PAT_1584','Heart'),('PAT_209','Cornea'),('PAT_2509','Pancreas'),('PAT_3580','Liver'),('PAT_916','Lung'),('PAT_1546','Lung'),('PAT_180','Lung'),('PAT_533','Lung'),('PAT_1405','Liver'),('PAT_261','Heart'),('PAT_3602','Kidney'),('PAT_44','Kidney'),('PAT_3240','Liver'),('PAT_1108','Cornea'),('PAT_1321','Lung'),('PAT_375','Kidney'),('PAT_2400','Liver'),('PAT_724','Cornea'),('PAT_3504','Cornea'),('PAT_2115','Cornea'),('PAT_1667','Kidney'),('PAT_3269','Cornea'),('PAT_1977','Cornea'),('PAT_3022','Heart'),('PAT_1662','Liver'),('PAT_1518','Heart'),('PAT_2322','Pancreas'),('PAT_86','Liver'),('PAT_880','Kidney'),('PAT_967','Kidney'),('PAT_2097','Kidney'),('PAT_3697','Cornea'),('PAT_3465','Liver'),('PAT_2478','Pancreas'),('PAT_3364','Pancreas'),('PAT_1081','Cornea'),('PAT_1900','Kidney'),('PAT_1839','Lung'),('PAT_303','Lung'),('PAT_2525','Lung'),('PAT_2798','Pancreas'),('PAT_1827','Heart'),('PAT_3154','Heart'),('PAT_74','Lung'),('PAT_617','Pancreas'),('PAT_2981','Pancreas'),('PAT_1040','Lung'),('PAT_1903','Pancreas'),('PAT_268','Liver'),('PAT_3273','Lung'),('PAT_3135','Heart'),('PAT_3270','Heart'),('PAT_2552','Pancreas'),('PAT_398','Liver'),('PAT_114','Cornea'),('PAT_1034','Cornea'),('PAT_1645','Kidney'),('PAT_946','Pancreas'),('PAT_2993','Heart'),('PAT_2909','Heart'),('PAT_113','Lung'),('PAT_1734','Pancreas'),('PAT_748','Kidney'),('PAT_2851','Pancreas'),('PAT_1313','Liver'),('PAT_2499','Lung'),('PAT_3758','Kidney'),('PAT_1976','Cornea'),('PAT_3267','Pancreas'),('PAT_1053','Heart'),('PAT_3495','Heart'),('PAT_2791','Liver'),('PAT_143','Cornea'),('PAT_2836','Lung'),('PAT_834','Cornea'),('PAT_2801','Cornea'),('PAT_2026','Lung'),('PAT_3792','Pancreas'),('PAT_3612','Heart'),('PAT_3953','Cornea'),('PAT_2165','Pancreas'),('PAT_972','Cornea'),('PAT_1648','Pancreas'),('PAT_1297','Heart'),('PAT_2488','Pancreas'),('PAT_2138','Kidney'),('PAT_50','Lung'),('PAT_172','Cornea'),('PAT_968','Heart'),('PAT_1888','Pancreas'),('PAT_1178','Pancreas'),('PAT_414','Cornea'),('PAT_306','Liver'),('PAT_1709','Liver'),('PAT_3832','Lung'),('PAT_3202','Kidney'),('PAT_3357','Cornea'),('PAT_3920','Kidney'),('PAT_615','Lung'),('PAT_3764','Pancreas'),('PAT_2339','Heart'),('PAT_3916','Pancreas'),('PAT_2062','Pancreas'),('PAT_1109','Cornea'),('PAT_2466','Lung'),('PAT_2955','Heart'),('PAT_1289','Kidney'),('PAT_1507','Kidney'),('PAT_1187','Liver'),('PAT_3137','Cornea'),('PAT_3288','Liver'),('PAT_1406','Pancreas'),('PAT_1418','Lung'),('PAT_686','Kidney'),('PAT_1103','Liver'),('PAT_3033','Heart'),('PAT_2694','Pancreas'),('PAT_2137','Kidney'),('PAT_3245','Liver'),('PAT_2108','Cornea'),('PAT_1869','Heart'),('PAT_652','Cornea'),('PAT_1114','Heart'),('PAT_2274','Pancreas'),('PAT_787','Kidney'),('PAT_2394','Kidney'),('PAT_3076','Liver'),('PAT_2548','Liver'),('PAT_2261','Kidney'),('PAT_1168','Cornea'),('PAT_1932','Liver'),('PAT_1664','Heart'),('PAT_665','Liver'),('PAT_2765','Lung'),('PAT_2697','Liver'),('PAT_2876','Kidney'),('PAT_2338','Kidney'),('PAT_2253','Heart'),('PAT_2926','Liver'),('PAT_1339','Kidney'),('PAT_3692','Liver'),('PAT_1432','Cornea'),('PAT_866','Kidney'),('PAT_1621','Cornea'),('PAT_890','Lung'),('PAT_1327','Pancreas'),('PAT_1949','Liver'),('PAT_3324','Cornea'),('PAT_2809','Liver'),('PAT_1208','Cornea'),('PAT_3444','Liver'),('PAT_304','Kidney'),('PAT_2611','Heart'),('PAT_630','Cornea'),('PAT_3749','Pancreas'),('PAT_1096','Heart'),('PAT_1185','Heart'),('PAT_2646','Kidney'),('PAT_1320','Cornea'),('PAT_654','Cornea'),('PAT_2243','Cornea'),('PAT_2283','Heart'),('PAT_1573','Liver'),('PAT_3182','Cornea'),('PAT_63','Liver'),('PAT_1608','Lung'),('PAT_290','Kidney'),('PAT_1315','Liver'),('PAT_1371','Pancreas'),('PAT_109','Liver'),('PAT_863','Liver'),('PAT_1067','Cornea'),('PAT_1990','Pancreas'),('PAT_964','Liver'),('PAT_2987','Pancreas'),('PAT_2793','Pancreas'),('PAT_2364','Lung'),('PAT_3565','Lung'),('PAT_3340','Liver'),('PAT_1828','Pancreas'),('PAT_2188','Lung'),('PAT_3555','Cornea'),('PAT_163','Heart'),('PAT_1052','Liver'),('PAT_3681','Kidney'),('PAT_2659','Liver'),('PAT_345','Liver'),('PAT_3966','Pancreas'),('PAT_1352','Kidney'),('PAT_295','Liver'),('PAT_1210','Heart'),('PAT_611','Lung'),('PAT_2983','Cornea'),('PAT_3638','Kidney'),('PAT_1451','Cornea'),('PAT_2602','Liver'),('PAT_3578','Kidney'),('PAT_3209','Liver'),('PAT_735','Kidney'),('PAT_1899','Pancreas'),('PAT_3639','Cornea'),('PAT_2625','Kidney'),('PAT_3146','Cornea'),('PAT_433','Kidney'),('PAT_3428','Liver'),('PAT_1010','Lung'),('PAT_80','Lung'),('PAT_1377','Pancreas'),('PAT_553','Heart'),('PAT_3677','Liver'),('PAT_2156','Pancreas'),('PAT_1746','Pancreas'),('PAT_2706','Cornea'),('PAT_2068','Pancreas'),('PAT_979','Pancreas'),('PAT_1346','Liver'),('PAT_314','Kidney'),('PAT_42','Liver'),('PAT_1979','Pancreas'),('PAT_429','Lung'),('PAT_1129','Liver'),('PAT_3878','Lung'),('PAT_1782','Lung'),('PAT_842','Heart'),('PAT_2092','Kidney'),('PAT_1998','Kidney'),('PAT_3645','Heart'),('PAT_3225','Heart'),('PAT_1193','Pancreas'),('PAT_3571','Kidney'),('PAT_3396','Cornea'),('PAT_2899','Liver'),('PAT_242','Pancreas'),('PAT_3987','Liver'),('PAT_2746','Pancreas'),('PAT_1470','Lung'),('PAT_3939','Liver'),('PAT_1974','Heart'),('PAT_138','Kidney'),('PAT_357','Liver'),('PAT_3247','Cornea'),('PAT_1368','Kidney'),('PAT_3412','Cornea'),('PAT_1493','Cornea'),('PAT_1009','Liver'),('PAT_3596','Pancreas'),('PAT_3552','Heart'),('PAT_2749','Cornea'),('PAT_1529','Kidney'),('PAT_3557','Heart'),('PAT_3630','Heart'),('PAT_2644','Lung'),('PAT_350','Kidney'),('PAT_3026','Liver'),('PAT_1987','Liver'),('PAT_532','Kidney'),('PAT_2221','Kidney'),('PAT_2642','Liver'),('PAT_1023','Lung'),('PAT_22','Heart'),('PAT_1763','Pancreas'),('PAT_2783','Heart'),('PAT_1173','Kidney'),('PAT_3012','Heart'),('PAT_1651','Liver'),('PAT_2708','Heart'),('PAT_1563','Heart'),('PAT_348','Heart'),('PAT_671','Kidney'),('PAT_2278','Lung'),('PAT_773','Lung'),('PAT_545','Heart'),('PAT_1219','Kidney'),('PAT_2122','Pancreas'),('PAT_3716','Pancreas'),('PAT_2651','Cornea'),('PAT_2544','Liver'),('PAT_3068','Heart'),('PAT_1266','Liver'),('PAT_1978','Lung'),('PAT_396','Lung'),('PAT_2012','Kidney'),('PAT_2658','Kidney'),('PAT_1012','Kidney'),('PAT_3816','Lung'),('PAT_3826','Cornea'),('PAT_64','Pancreas'),('PAT_657','Heart'),('PAT_2573','Liver'),('PAT_2432','Liver'),('PAT_1907','Liver'),('PAT_2096','Lung'),('PAT_2607','Pancreas'),('PAT_1021','Liver'),('PAT_2705','Pancreas'),('PAT_1402','Cornea'),('PAT_93','Lung'),('PAT_1936','Kidney'),('PAT_2764','Pancreas'),('PAT_558','Cornea'),('PAT_2273','Liver'),('PAT_3002','Pancreas'),('PAT_1532','Lung'),('PAT_550','Heart'),('PAT_1213','Lung'),('PAT_116','Liver'),('PAT_1560','Heart'),('PAT_3858','Kidney'),('PAT_3808','Liver'),('PAT_3287','Kidney'),('PAT_1389','Pancreas'),('PAT_3483','Cornea'),('PAT_364','Lung'),('PAT_3507','Kidney'),('PAT_2613','Pancreas'),('PAT_3440','Pancreas'),('PAT_415','Kidney'),('PAT_2689','Kidney'),('PAT_1639','Kidney'),('PAT_2946','Cornea'),('PAT_85','Cornea'),('PAT_2792','Heart'),('PAT_1578','Cornea'),('PAT_2248','Liver'),('PAT_1347','Cornea'),('PAT_1127','Heart'),('PAT_2305','Heart'),('PAT_6','Cornea'),('PAT_925','Kidney'),('PAT_1758','Liver'),('PAT_513','Lung'),('PAT_1090','Lung'),('PAT_669','Cornea'),('PAT_1530','Heart'),('PAT_2595','Kidney'),('PAT_2079','Pancreas'),('PAT_101','Lung'),('PAT_695','Pancreas'),('PAT_2609','Heart'),('PAT_2368','Lung'),('PAT_701','Lung'),('PAT_951','Cornea'),('PAT_3734','Cornea'),('PAT_3500','Pancreas'),('PAT_1057','Kidney'),('PAT_20','Kidney'),('PAT_1097','Cornea'),('PAT_2795','Lung'),('PAT_921','Heart'),('PAT_2077','Cornea'),('PAT_1962','Liver'),('PAT_3072','Lung'),('PAT_3108','Liver'),('PAT_3947','Heart'),('PAT_3039','Pancreas'),('PAT_2084','Lung'),('PAT_1278','Heart'),('PAT_1254','Lung'),('PAT_475','Lung'),('PAT_454','Heart'),('PAT_3824','Pancreas'),('PAT_3419','Pancreas'),('PAT_1302','Pancreas'),('PAT_2606','Liver'),('PAT_3633','Cornea'),('PAT_1447','Cornea'),('PAT_827','Cornea'),('PAT_1124','Cornea'),('PAT_3717','Liver'),('PAT_88','Liver'),('PAT_692','Heart'),('PAT_3583','Heart'),('PAT_1483','Pancreas'),('PAT_1842','Lung'),('PAT_431','Cornea'),('PAT_1016','Heart'),('PAT_2971','Heart'),('PAT_351','Liver'),('PAT_3680','Liver'),('PAT_997','Lung'),('PAT_2244','Cornea'),('PAT_89','Lung'),('PAT_1186','Kidney'),('PAT_1473','Pancreas'),('PAT_3103','Lung'),('PAT_2819','Cornea'),('PAT_3588','Cornea'),('PAT_3251','Pancreas'),('PAT_237','Heart'),('PAT_2280','Heart'),('PAT_2710','Lung'),('PAT_232','Cornea'),('PAT_1077','Lung'),('PAT_3331','Kidney'),('PAT_3778','Liver'),('PAT_1627','Cornea'),('PAT_640','Heart'),('PAT_1174','Liver'),('PAT_1694','Pancreas'),('PAT_799','Liver'),('PAT_3447','Liver'),('PAT_501','Cornea'),('PAT_1749','Cornea'),('PAT_647','Pancreas'),('PAT_2570','Liver'),('PAT_3787','Kidney'),('PAT_3380','Cornea'),('PAT_1707','Lung'),('PAT_895','Liver'),('PAT_2938','Pancreas'),('PAT_3613','Liver'),('PAT_3301','Lung'),('PAT_451','Cornea'),('PAT_800','Liver'),('PAT_380','Kidney'),('PAT_3229','Heart'),('PAT_2256','Kidney'),('PAT_3453','Heart'),('PAT_461','Cornea'),('PAT_2007','Heart'),('PAT_3173','Liver'),('PAT_1358','Heart'),('PAT_2409','Lung'),('PAT_3006','Liver'),('PAT_2937','Kidney'),('PAT_3406','Heart'),('PAT_1241','Pancreas'),('PAT_2046','Liver'),('PAT_2143','Kidney'),('PAT_3032','Lung'),('PAT_2785','Heart'),('PAT_2868','Cornea'),('PAT_2576','Pancreas'),('PAT_3579','Cornea'),('PAT_2546','Pancreas'),('PAT_3776','Pancreas'),('PAT_3315','Lung'),('PAT_1232','Kidney'),('PAT_140','Liver'),('PAT_3567','Lung'),('PAT_176','Lung'),('PAT_135','Heart'),('PAT_2733','Cornea'),('PAT_1619','Liver'),('PAT_1433','Liver'),('PAT_353','Lung'),('PAT_795','Cornea'),('PAT_3683','Liver'),('PAT_255','Pancreas'),('PAT_1894','Heart'),('PAT_215','Heart'),('PAT_1819','Cornea'),('PAT_1723','Kidney'),('PAT_3199','Kidney'),('PAT_1643','Lung'),('PAT_3813','Lung'),('PAT_512','Pancreas'),('PAT_3414','Lung'),('PAT_2236','Liver'),('PAT_2863','Heart'),('PAT_873','Lung'),('PAT_3699','Pancreas'),('PAT_470','Liver'),('PAT_1724','Liver'),('PAT_2360','Heart'),('PAT_603','Cornea'),('PAT_2724','Pancreas'),('PAT_2355','Pancreas'),('PAT_1028','Liver'),('PAT_2320','Kidney'),('PAT_340','Heart'),('PAT_1356','Kidney'),('PAT_3582','Cornea'),('PAT_2303','Pancreas'),('PAT_259','Cornea'),('PAT_2806','Pancreas'),('PAT_3603','Kidney'),('PAT_1570','Kidney'),('PAT_3294','Kidney'),('PAT_3586','Kidney'),('PAT_3797','Pancreas'),('PAT_868','Kidney'),('PAT_1845','Heart'),('PAT_2481','Cornea'),('PAT_2735','Cornea'),('PAT_2296','Heart'),('PAT_3192','Liver'),('PAT_1959','Cornea'),('PAT_1731','Liver'),('PAT_1935','Kidney'),('PAT_958','Cornea'),('PAT_3929','Kidney'),('PAT_3748','Cornea'),('PAT_2348','Lung'),('PAT_1202','Kidney'),('PAT_2357','Lung'),('PAT_3924','Pancreas'),('PAT_69','Lung'),('PAT_246','Heart'),('PAT_662','Cornea'),('PAT_1886','Lung'),('PAT_3372','Lung'),('PAT_633','Cornea'),('PAT_2842','Lung'),('PAT_1113','Lung'),('PAT_689','Cornea'),('PAT_3723','Pancreas'),('PAT_341','Liver'),('PAT_3143','Pancreas'),('PAT_935','Heart'),('PAT_117','Lung'),('PAT_2794','Lung'),('PAT_2307','Cornea'),('PAT_2051','Pancreas'),('PAT_1317','Lung'),('PAT_108','Kidney'),('PAT_3654','Kidney'),('PAT_3698','Pancreas'),('PAT_887','Liver'),('PAT_2207','Liver'),('PAT_1004','Heart'),('PAT_1559','Heart'),('PAT_2901','Pancreas'),('PAT_2758','Kidney'),('PAT_1505','Lung'),('PAT_2998','Kidney'),('PAT_3047','Lung'),('PAT_3354','Liver'),('PAT_1453','Pancreas'),('PAT_1497','Pancreas'),('PAT_1741','Liver'),('PAT_458','Liver'),('PAT_3435','Liver'),('PAT_1301','Cornea'),('PAT_2513','Kidney'),('PAT_1398','Kidney'),('PAT_1528','Lung'),('PAT_1933','Heart'),('PAT_2547','Lung'),('PAT_200','Pancreas'),('PAT_3110','Liver'),('PAT_648','Kidney'),('PAT_2850','Liver'),('PAT_3974','Lung'),('PAT_1413','Lung'),('PAT_2698','Cornea'),('PAT_629','Kidney'),('PAT_3227','Kidney'),('PAT_1870','Heart'),('PAT_2615','Liver'),('PAT_3976','Kidney'),('PAT_2701','Kidney'),('PAT_3036','Pancreas'),('PAT_3105','Pancreas'),('PAT_2586','Kidney'),('PAT_2095','Cornea'),('PAT_1082','Kidney'),('PAT_622','Heart'),('PAT_3348','Lung'),('PAT_3952','Liver'),('PAT_541','Pancreas'),('PAT_1912','Kidney'),('PAT_2898','Kidney'),('PAT_41','Heart'),('PAT_2044','Liver'),('PAT_586','Kidney'),('PAT_3883','Pancreas'),('PAT_2759','Heart'),('PAT_1757','Heart'),('PAT_3058','Kidney'),('PAT_158','Lung'),('PAT_619','Liver'),('PAT_292','Heart'),('PAT_1430','Lung'),('PAT_1311','Kidney'),('PAT_3540','Liver'),('PAT_1891','Lung'),('PAT_1002','Cornea'),('PAT_1913','Kidney'),('PAT_2493','Cornea'),('PAT_1164','Kidney'),('PAT_963','Heart'),('PAT_943','Pancreas'),('PAT_1890','Pancreas'),('PAT_3611','Pancreas'),('PAT_788','Kidney'),('PAT_2109','Lung'),('PAT_1318','Lung'),('PAT_1831','Kidney'),('PAT_3889','Liver'),('PAT_3971','Pancreas'),('PAT_1319','Heart'),('PAT_3097','Liver'),('PAT_171','Liver'),('PAT_1545','Cornea'),('PAT_536','Liver'),('PAT_1075','Cornea'),('PAT_1602','Lung'),('PAT_2663','Lung'),('PAT_48','Kidney'),('PAT_2204','Heart'),('PAT_1156','Pancreas'),('PAT_2831','Cornea'),('PAT_2742','Heart'),('PAT_705','Heart'),('PAT_2290','Kidney'),('PAT_2282','Liver'),('PAT_1310','Kidney'),('PAT_1438','Cornea'),('PAT_2931','Lung'),('PAT_1334','Cornea'),('PAT_3719','Cornea'),('PAT_2225','Heart'),('PAT_3662','Cornea'),('PAT_1060','Lung'),('PAT_310','Lung'),('PAT_1331','Heart'),('PAT_3264','Cornea'),('PAT_1787','Pancreas'),('PAT_3472','Heart'),('PAT_2551','Lung'),('PAT_2202','Liver'),('PAT_2433','Pancreas'),('PAT_2341','Cornea'),('PAT_1542','Kidney'),('PAT_1642','Cornea'),('PAT_1468','Cornea'),('PAT_43','Liver'),('PAT_3980','Kidney'),('PAT_377','Pancreas'),('PAT_2673','Lung'),('PAT_1836','Liver'),('PAT_784','Liver'),('PAT_1711','Cornea'),('PAT_438','Pancreas'),('PAT_3215','Lung'),('PAT_1087','Pancreas'),('PAT_3464','Liver'),('PAT_1284','Pancreas'),('PAT_1808','Lung'),('PAT_2351','Kidney'),('PAT_505','Kidney'),('PAT_2942','Kidney'),('PAT_1768','Heart'),('PAT_3670','Liver'),('PAT_3008','Heart'),('PAT_2102','Kidney'),('PAT_326','Heart'),('PAT_642','Heart'),('PAT_9','Lung'),('PAT_2596','Pancreas'),('PAT_305','Kidney'),('PAT_3223','Pancreas'),('PAT_3941','Liver'),('PAT_826','Pancreas'),('PAT_2107','Liver'),('PAT_3434','Cornea'),('PAT_3815','Lung'),('PAT_932','Cornea'),('PAT_653','Liver'),('PAT_1008','Liver'),('PAT_737','Heart'),('PAT_3056','Heart'),('PAT_772','Kidney'),('PAT_2968','Liver'),('PAT_2106','Liver'),('PAT_2786','Liver'),('PAT_847','Pancreas'),('PAT_922','Cornea'),('PAT_853','Lung'),('PAT_106','Liver'),('PAT_2075','Kidney'),('PAT_2992','Lung'),('PAT_620','Cornea'),('PAT_3395','Cornea'),('PAT_1205','Lung'),('PAT_1072','Pancreas'),('PAT_1637','Heart'),('PAT_2407','Lung'),('PAT_2593','Kidney'),('PAT_321','Pancreas'),('PAT_274','Lung'),('PAT_641','Kidney'),('PAT_2004','Heart'),('PAT_771','Pancreas'),('PAT_3109','Heart'),('PAT_2750','Pancreas'),('PAT_844','Cornea'),('PAT_1927','Heart'),('PAT_1572','Liver'),('PAT_3868','Cornea'),('PAT_3238','Heart'),('PAT_3610','Cornea'),('PAT_1954','Heart'),('PAT_3714','Cornea'),('PAT_230','Kidney'),('PAT_1422','Lung'),('PAT_2550','Lung'),('PAT_3028','Lung'),('PAT_1088','Heart'),('PAT_2474','Kidney'),('PAT_539','Heart'),('PAT_1203','Lung'),('PAT_149','Cornea'),('PAT_3381','Liver'),('PAT_931','Kidney'),('PAT_3827','Cornea'),('PAT_2453','Lung'),('PAT_1325','Liver'),('PAT_3422','Liver'),('PAT_547','Lung'),('PAT_2424','Kidney'),('PAT_1152','Heart'),('PAT_2870','Lung'),('PAT_1280','Lung'),('PAT_2754','Cornea'),('PAT_472','Pancreas'),('PAT_238','Cornea'),('PAT_3196','Cornea'),('PAT_2035','Liver'),('PAT_3048','Heart'),('PAT_440','Heart'),('PAT_2517','Kidney'),('PAT_2159','Pancreas'),('PAT_3038','Pancreas'),('PAT_1408','Kidney'),('PAT_376','Heart'),('PAT_1885','Pancreas'),('PAT_3703','Lung'),('PAT_3940','Liver'),('PAT_2415','Pancreas'),('PAT_1135','Kidney'),('PAT_3122','Liver'),('PAT_256','Pancreas'),('PAT_3024','Liver'),('PAT_311','Pancreas'),('PAT_1850','Heart'),('PAT_2447','Heart'),('PAT_2743','Liver'),('PAT_3088','Heart'),('PAT_988','Lung'),('PAT_848','Kidney'),('PAT_3457','Kidney'),('PAT_3067','Pancreas'),('PAT_3872','Liver'),('PAT_2784','Kidney'),('PAT_2963','Heart'),('PAT_1792','Liver'),('PAT_2502','Cornea'),('PAT_2966','Cornea'),('PAT_680','Liver'),('PAT_2093','Cornea'),('PAT_3873','Pancreas'),('PAT_3140','Liver'),('PAT_2834','Heart'),('PAT_2178','Liver'),('PAT_2676','Pancreas'),('PAT_1488','Cornea'),('PAT_3865','Lung'),('PAT_3345','Kidney'),('PAT_1769','Kidney'),('PAT_2589','Liver'),('PAT_2681','Liver'),('PAT_197','Liver'),('PAT_3660','Lung'),('PAT_3069','Heart'),('PAT_1963','Liver'),('PAT_643','Heart'),('PAT_2104','Heart'),('PAT_3666','Lung'),('PAT_1007','Cornea'),('PAT_924','Pancreas'),('PAT_2460','Heart'),('PAT_3208','Liver'),('PAT_2865','Pancreas'),('PAT_1025','Kidney'),('PAT_2717','Lung'),('PAT_2900','Cornea'),('PAT_507','Heart'),('PAT_3701','Liver'),('PAT_3829','Cornea'),('PAT_2417','Lung'),('PAT_3887','Cornea'),('PAT_2958','Cornea'),('PAT_2621','Pancreas'),('PAT_500','Cornea'),('PAT_2723','Heart'),('PAT_3089','Heart'),('PAT_2731','Liver'),('PAT_2302','Heart'),('PAT_1776','Lung'),('PAT_534','Kidney'),('PAT_3188','Liver'),('PAT_3400','Liver'),('PAT_3467','Liver'),('PAT_3007','Heart'),('PAT_2799','Kidney'),('PAT_888','Lung'),('PAT_1112','Pancreas'),('PAT_2105','Cornea'),('PAT_3837','Cornea'),('PAT_2016','Lung'),('PAT_557','Cornea'),('PAT_2089','Heart'),('PAT_2297','Heart'),('PAT_488','Pancreas'),('PAT_2281','Cornea'),('PAT_2313','Cornea'),('PAT_2674','Heart'),('PAT_3957','Heart'),('PAT_1605','Kidney'),('PAT_3405','Heart'),('PAT_3421','Kidney'),('PAT_1478','Kidney'),('PAT_3647','Heart'),('PAT_3220','Lung'),('PAT_2049','Lung'),('PAT_3117','Liver'),('PAT_3888','Cornea'),('PAT_941','Kidney'),('PAT_1442','Kidney'),('PAT_2763','Lung'),('PAT_1282','Lung'),('PAT_3116','Heart'),('PAT_576','Kidney'),('PAT_623','Kidney'),('PAT_3375','Lung'),('PAT_2237','Liver'),('PAT_1399','Pancreas'),('PAT_663','Heart'),('PAT_2824','Cornea'),('PAT_2167','Cornea'),('PAT_3420','Liver'),('PAT_2152','Heart'),('PAT_3042','Kidney'),('PAT_1601','Pancreas'),('PAT_1424','Kidney'),('PAT_2373','Lung'),('PAT_2445','Liver'),('PAT_3086','Kidney'),('PAT_2042','Kidney'),('PAT_1718','Cornea'),('PAT_3403','Lung'),('PAT_549','Liver'),('PAT_625','Heart'),('PAT_849','Cornea'),('PAT_2353','Liver'),('PAT_3785','Pancreas'),('PAT_1035','Liver'),('PAT_2344','Liver'),('PAT_1970','Cornea'),('PAT_480','Heart'),('PAT_1225','Pancreas'),('PAT_986','Cornea'),('PAT_2472','Kidney'),('PAT_1068','Kidney'),('PAT_3700','Pancreas'),('PAT_2489','Cornea'),('PAT_3014','Liver'),('PAT_3672','Pancreas'),('PAT_824','Heart'),('PAT_2575','Liver'),('PAT_3311','Liver'),('PAT_179','Lung'),('PAT_3618','Kidney'),('PAT_2782','Cornea'),('PAT_1299','Kidney'),('PAT_2380','Lung'),('PAT_1279','Pancreas'),('PAT_3309','Kidney'),('PAT_598','Liver'),('PAT_1264','Pancreas'),('PAT_2679','Pancreas'),('PAT_1230','Pancreas'),('PAT_3260','Pancreas'),('PAT_1286','Liver'),('PAT_2114','Cornea'),('PAT_3388','Heart'),('PAT_778','Lung'),('PAT_476','Cornea'),('PAT_618','Kidney'),('PAT_900','Heart'),('PAT_142','Heart'),('PAT_2530','Lung'),('PAT_2541','Cornea'),('PAT_3937','Lung'),('PAT_898','Kidney'),('PAT_1778','Pancreas'),('PAT_3864','Lung'),('PAT_1030','Lung'),('PAT_3999','Heart'),('PAT_2003','Heart'),('PAT_1063','Cornea'),('PAT_969','Cornea'),('PAT_1798','Liver'),('PAT_1925','Pancreas'),('PAT_3079','Cornea'),('PAT_2022','Kidney'),('PAT_3983','Liver'),('PAT_1480','Liver'),('PAT_3277','Pancreas'),('PAT_938','Kidney'),('PAT_571','Liver'),('PAT_1144','Pancreas'),('PAT_235','Cornea'),('PAT_2135','Liver'),('PAT_3361','Lung'),('PAT_1401','Lung'),('PAT_3743','Liver'),('PAT_3431','Lung'),('PAT_2861','Cornea'),('PAT_2622','Lung'),('PAT_1085','Pancreas'),('PAT_2556','Cornea'),('PAT_1104','Heart'),('PAT_3799','Kidney'),('PAT_855','Heart'),('PAT_3091','Kidney'),('PAT_3442','Cornea'),('PAT_562','Heart'),('PAT_3295','Pancreas'),('PAT_1316','Pancreas'),('PAT_216','Kidney'),('PAT_147','Cornea'),('PAT_1748','Cornea'),('PAT_2495','Liver'),('PAT_1777','Heart'),('PAT_2558','Liver'),('PAT_1495','Heart'),('PAT_1832','Lung'),('PAT_1115','Cornea'),('PAT_2776','Pancreas'),('PAT_2636','Liver'),('PAT_37','Liver'),('PAT_2063','Kidney'),('PAT_3262','Heart'),('PAT_899','Cornea'),('PAT_2969','Kidney'),('PAT_1162','Kidney'),('PAT_123','Lung'),('PAT_3969','Liver'),('PAT_3989','Heart'),('PAT_2002','Heart'),('PAT_2954','Liver'),('PAT_1905','Liver'),('PAT_3437','Lung'),('PAT_3407','Liver'),('PAT_1303','Liver'),('PAT_2028','Cornea'),('PAT_2892','Liver'),('PAT_3242','Heart'),('PAT_2434','Lung'),('PAT_659','Liver'),('PAT_1366','Pancreas'),('PAT_2526','Lung'),('PAT_2860','Lung'),('PAT_3106','Cornea'),('PAT_2848','Liver'),('PAT_2568','Lung'),('PAT_2037','Heart'),('PAT_1354','Kidney'),('PAT_1386','Lung'),('PAT_733','Liver'),('PAT_3917','Heart'),('PAT_2145','Kidney'),('PAT_3566','Heart'),('PAT_70','Pancreas'),('PAT_30','Heart'),('PAT_3258','Liver'),('PAT_244','Pancreas'),('PAT_3954','Liver'),('PAT_3132','Kidney'),('PAT_3083','Kidney'),('PAT_829','Lung'),('PAT_225','Kidney'),('PAT_1326','Kidney'),('PAT_1094','Cornea'),('PAT_3508','Heart'),('PAT_3575','Liver'),('PAT_2464','Kidney'),('PAT_1877','Kidney'),('PAT_1093','Heart'),('PAT_1607','Pancreas'),('PAT_3491','Lung'),('PAT_2501','Kidney'),('PAT_3193','Heart'),('PAT_1426','Cornea'),('PAT_690','Pancreas'),('PAT_427','Kidney'),('PAT_1375','Pancreas'),('PAT_1783','Heart'),('PAT_2197','Cornea'),('PAT_3455','Lung'),('PAT_1','Lung'),('PAT_720','Lung'),('PAT_3034','Pancreas'),('PAT_486','Kidney'),('PAT_3905','Lung'),('PAT_3934','Cornea'),('PAT_2693','Cornea'),('PAT_2655','Cornea'),('PAT_2604','Lung'),('PAT_1514','Liver'),('PAT_3775','Pancreas'),('PAT_510','Cornea'),('PAT_1148','Cornea'),('PAT_3359','Lung'),('PAT_2294','Liver'),('PAT_555','Heart'),('PAT_2476','Heart'),('PAT_3623','Lung'),('PAT_1074','Heart'),('PAT_285','Lung'),('PAT_3536','Pancreas'),('PAT_843','Cornea'),('PAT_2171','Liver'),('PAT_2807','Lung'),('PAT_2734','Pancreas'),('PAT_2052','Kidney'),('PAT_1420','Lung'),('PAT_1160','Pancreas'),('PAT_1924','Lung'),('PAT_517','Pancreas'),('PAT_2059','Kidney'),('PAT_379','Pancreas'),('PAT_2459','Lung'),('PAT_1517','Cornea'),('PAT_621','Lung'),('PAT_53','Pancreas'),('PAT_318','Pancreas'),('PAT_1494','Heart'),('PAT_2725','Kidney'),('PAT_2186','Liver'),('PAT_31','Kidney'),('PAT_709','Lung'),('PAT_2800','Liver'),('PAT_860','Lung'),('PAT_1416','Heart'),('PAT_2728','Lung'),('PAT_3476','Cornea'),('PAT_851','Heart'),('PAT_2463','Cornea'),('PAT_121','Liver'),('PAT_1492','Cornea'),('PAT_1146','Cornea'),('PAT_719','Cornea'),('PAT_3522','Lung'),('PAT_2321','Heart'),('PAT_2233','Pancreas'),('PAT_185','Heart'),('PAT_3627','Liver'),('PAT_2608','Heart'),('PAT_3538','Heart'),('PAT_3250','Cornea'),('PAT_2571','Heart'),('PAT_980','Lung'),('PAT_3550','Kidney'),('PAT_2030','Liver'),('PAT_3124','Heart'),('PAT_466','Heart'),('PAT_2363','Cornea'),('PAT_2614','Pancreas'),('PAT_1194','Liver'),('PAT_2483','Lung'),('PAT_3159','Heart'),('PAT_492','Kidney'),('PAT_2203','Liver'),('PAT_3893','Heart'),('PAT_3513','Kidney'),('PAT_2146','Cornea'),('PAT_2508','Heart'),('PAT_2032','Cornea'),('PAT_3000','Heart'),('PAT_1180','Pancreas'),('PAT_264','Lung'),('PAT_1609','Liver'),('PAT_3981','Heart'),('PAT_401','Heart'),('PAT_1236','Pancreas'),('PAT_1154','Pancreas'),('PAT_3896','Pancreas'),('PAT_441','Liver'),('PAT_2823','Cornea'),('PAT_1591','Liver'),('PAT_2951','Kidney'),('PAT_1527','Lung'),('PAT_1446','Cornea'),('PAT_2597','Liver'),('PAT_706','Cornea'),('PAT_3237','Lung'),('PAT_1373','Cornea'),('PAT_1960','Heart'),('PAT_356','Liver'),('PAT_904','Cornea'),('PAT_658','Liver'),('PAT_683','Kidney'),('PAT_338','Liver'),('PAT_3224','Pancreas'),('PAT_1712','Cornea'),('PAT_1851','Kidney'),('PAT_61','Heart'),('PAT_1853','Liver'),('PAT_3574','Heart'),('PAT_3317','Heart'),('PAT_1566','Heart'),('PAT_3733','Liver'),('PAT_1589','Heart'),('PAT_3230','Kidney'),('PAT_1121','Kidney'),('PAT_365','Liver'),('PAT_2110','Cornea'),('PAT_393','Kidney'),('PAT_3356','Pancreas'),('PAT_2389','Liver'),('PAT_3181','Pancreas'),('PAT_1829','Liver'),('PAT_2691','Cornea'),('PAT_474','Lung'),('PAT_2033','Lung'),('PAT_3062','Lung'),('PAT_3834','Heart'),('PAT_543','Kidney'),('PAT_2722','Liver'),('PAT_410','Lung'),('PAT_52','Lung'),('PAT_2633','Kidney'),('PAT_2503','Kidney'),('PAT_2592','Heart'),('PAT_3673','Liver'),('PAT_1496','Liver'),('PAT_196','Liver');
/*!40000 ALTER TABLE `Patients_Organ` ENABLE KEYS */;
UNLOCK TABLES;
/*!40103 SET TIME_ZONE=@OLD_TIME_ZONE */;

/*!40101 SET SQL_MODE=@OLD_SQL_MODE */;
/*!40014 SET FOREIGN_KEY_CHECKS=@OLD_FOREIGN_KEY_CHECKS */;
/*!40014 SET UNIQUE_CHECKS=@OLD_UNIQUE_CHECKS */;
/*!40101 SET CHARACTER_SET_CLIENT=@OLD_CHARACTER_SET_CLIENT */;
/*!40101 SET CHARACTER_SET_RESULTS=@OLD_CHARACTER_SET_RESULTS */;
/*!40101 SET COLLATION_CONNECTION=@OLD_COLLATION_CONNECTION */;
/*!40111 SET SQL_NOTES=@OLD_SQL_NOTES */;

-- Dump completed on 2020-04-22 16:52:51
