-- MySQL dump 10.13  Distrib 5.7.28, for Linux (x86_64)
--
-- Host: localhost    Database: obds
-- ------------------------------------------------------
-- Server version	5.7.28-0ubuntu0.19.04.2

/*!40101 SET @OLD_CHARACTER_SET_CLIENT=@@CHARACTER_SET_CLIENT */;
/*!40101 SET @OLD_CHARACTER_SET_RESULTS=@@CHARACTER_SET_RESULTS */;
/*!40101 SET @OLD_COLLATION_CONNECTION=@@COLLATION_CONNECTION */;
/*!40101 SET NAMES utf8 */;
/*!40103 SET @OLD_TIME_ZONE=@@TIME_ZONE */;
/*!40103 SET TIME_ZONE='+00:00' */;
/*!40014 SET @OLD_UNIQUE_CHECKS=@@UNIQUE_CHECKS, UNIQUE_CHECKS=0 */;
/*!40014 SET @OLD_FOREIGN_KEY_CHECKS=@@FOREIGN_KEY_CHECKS, FOREIGN_KEY_CHECKS=0 */;
/*!40101 SET @OLD_SQL_MODE=@@SQL_MODE, SQL_MODE='NO_AUTO_VALUE_ON_ZERO' */;
/*!40111 SET @OLD_SQL_NOTES=@@SQL_NOTES, SQL_NOTES=0 */;

--
-- Table structure for table `Account`
--

DROP TABLE IF EXISTS `Account`;
/*!40101 SET @saved_cs_client     = @@character_set_client */;
/*!40101 SET character_set_client = utf8 */;
CREATE TABLE `Account` (
  `id` varchar(10) NOT NULL,
  `password` varchar(40) DEFAULT NULL,
  `category` varchar(20) DEFAULT NULL,
  PRIMARY KEY (`id`)
) ENGINE=InnoDB DEFAULT CHARSET=latin1;
/*!40101 SET character_set_client = @saved_cs_client */;

--
-- Dumping data for table `Account`
--

LOCK TABLES `Account` WRITE;
/*!40000 ALTER TABLE `Account` DISABLE KEYS */;
/*!40000 ALTER TABLE `Account` ENABLE KEYS */;
UNLOCK TABLES;

--
-- Table structure for table `Blood_Bank`
--

DROP TABLE IF EXISTS `Blood_Bank`;
/*!40101 SET @saved_cs_client     = @@character_set_client */;
/*!40101 SET character_set_client = utf8 */;
CREATE TABLE `Blood_Bank` (
  `BANK_id` char(11) NOT NULL,
  `Apositive` int(11) DEFAULT NULL,
  `Anegative` int(11) DEFAULT NULL,
  `Bpositive` int(11) DEFAULT NULL,
  `Bnegative` int(11) DEFAULT NULL,
  `Opositive` int(11) DEFAULT NULL,
  `Onegative` int(11) DEFAULT NULL,
  `ABpositive` int(11) DEFAULT NULL,
  `ABnegative` int(11) DEFAULT NULL,
  `Address` varchar(100) NOT NULL,
  `Contact` char(10) NOT NULL,
  `pincode` char(6) NOT NULL,
  `Name` varchar(100) NOT NULL,
  PRIMARY KEY (`BANK_id`)
) ENGINE=InnoDB DEFAULT CHARSET=latin1;
/*!40101 SET character_set_client = @saved_cs_client */;

--
-- Dumping data for table `Blood_Bank`
--

LOCK TABLES `Blood_Bank` WRITE;
/*!40000 ALTER TABLE `Blood_Bank` DISABLE KEYS */;
INSERT INTO `Blood_Bank` VALUES ('BBANK_103',1,17,2,42,29,19,10,43,'3494 White Manor Suite 070, Bydanur, KARNATAKA','937478526','561202','Blood Bank, District Hospital'),('BBANK_134',24,25,1,27,28,25,40,24,'155 Murphy Pike Apt. 795, Pondugula, ANDHRA PRADESH','902358539','522414','Blood Bank, Asilo Hospital'),('BBANK_143',22,44,27,3,16,11,32,35,'PSC 1701, Box 8051, Kurshi Barawa, BIHAR','904467696','845307','Blood Bank, Deptt. of Transfusion Medicine'),('BBANK_149',17,29,3,7,11,13,23,46,'600 Rivera Mews Suite 875, Lingamguntlapalem, ANDHRA PRADESH','909955677','522212','Blood Bank, District Hospital'),('BBANK_15',21,30,10,12,11,13,19,23,'69681 Tyler Mills, Dhand, HARYANA','930859028','125050','Blood Bank, Kasturba Medical College'),('BBANK_160',16,49,31,12,21,37,25,38,'Unit 4753 Box 7873, Mallepalli, ANDHRA PRADESH','991405200','515541','Blood Bank, HSIS Hospital'),('BBANK_162',14,6,32,38,42,30,5,48,'1543 Dillon Junction Suite 522, Mandrulkole, MAHARASHTRA','942602590','415112','Blood Bank, Women and Children Hospital'),('BBANK_165',23,25,8,13,24,40,3,47,'3869 Edwards Meadow, Kadayalurutti, TAMILNADU','928035197','627859','Blood Bank, MGM Medical College'),('BBANK_173',41,5,45,29,33,30,5,20,'77836 Adam Shoals Apt. 409, Vadia, GUJARAT','964588004','365480','Blood Bank, Pandit Bhagwat Dayal Sharma Post Graduate Institute of Medical Sciences'),('BBANK_183',9,15,31,47,28,40,37,36,'578 Jessica Light Apt. 298, Semri, MADHYA PRADESH','953224553','473995','Blood Bank Swamy Dayanand Hospital, New Delhi'),('BBANK_191',2,49,19,32,44,42,45,45,'684 Morgan Cove Suite 200, Sarve, MAHARASHTRA','910973169','425111','Blood Bank, Bhogeswari Phukononi Civil Hospital'),('BBANK_202',50,24,47,9,50,42,27,36,'219 Parker Greens Suite 968, Rahiyar Kochi, BIHAR','972225572','848209','Blood Bank, District Hospital'),('BBANK_205',14,31,28,48,34,23,4,45,'4002 Julie Wells Suite 702, Shurpali, KARNATAKA','948191657','587119','Blood Bank, District Hospital'),('BBANK_230',1,27,32,42,39,20,42,43,'86437 William Throughway Suite 705, Asha Parari, BIHAR','944312243','802135','Blood Bank, Municipal Hospital'),('BBANK_240',5,18,33,42,20,15,26,11,'45586 Nunez Coves, Hanamgeri, KARNATAKA','923675799','591126','Blood Bank, Bokaro General Hospital (SAIL)'),('BBANK_268',31,7,9,22,5,10,31,32,'PSC 5593, Box 2874, Tal, JHARKHAND','975535288','822122','Blood Bank, Taluk HQ Hospital'),('BBANK_269',7,31,17,41,5,10,21,19,'8567 Jefferson Loop, Tujarpur, BIHAR','969965059','841442','Blood Bank,P.S. Medical College'),('BBANK_274',37,30,20,14,32,8,26,34,'92938 Conrad Roads, Kodurli, MAHARASHTRA','971294079','441910','Blood Bank, Government General hospital'),('BBANK_28',14,48,9,6,5,5,30,45,'33882 Frank Loop Suite 949, Ubharan, GUJARAT','934840479','383335','Blood Bank, Kushal Konwar Hospital'),('BBANK_286',33,27,21,2,47,13,34,31,'PSC 7133, Box 1854, Mohanaghat, ASSAM','991550615','786008','Blood Bank, Kidwai Memorial Institute of Oncology'),('BBANK_29',27,45,28,4,38,14,41,36,'15361 Massey Mills, Baksir, UTTARAKHAND','916801595','246419','Blood Bank, Indian Red Cross Society'),('BBANK_30',25,32,10,4,25,25,9,30,'4492 David Villages, Payyanamon, KERALA','994877064','689692','Blood Bank, Jammu Medical College Hospital'),('BBANK_307',4,33,29,26,42,15,16,10,'573 Charles Course, Wahegaon Amla, MAHARASHTRA','999311370','431129','Blood Bank, District Hospital'),('BBANK_339',42,49,39,40,32,32,20,39,'USCGC Howard, Baradi, ASSAM','932219175','781314','Blood Bank, Jawahar Lal Nehru Medical College Hospital'),('BBANK_355',39,24,6,22,20,41,10,16,'PSC 9695, Box 8153, Rajkot New Jagnath Plot, GUJARAT','932903869','360001','Blood Bank, Indian Red Cross Society'),('BBANK_366',46,46,17,7,29,27,33,27,'965 Jennifer Square, Ratnagiri, MAHARASHTRA','935841976','415612','Rastrothana Parishath Blood Bank, Bangalore'),('BBANK_367',49,20,41,37,17,41,26,14,'6919 Michael Union Suite 388, Aniaparanallur, TAMILNADU','947850846','628851','Blood Bank, District Hospital'),('BBANK_379',17,2,29,14,3,17,31,46,'5953 Julie Expressway, Jaitapur Laukaria, BIHAR','921395462','845440','Blood Bank, Baba Saheb Ambedkar Hospital'),('BBANK_381',23,11,27,40,6,17,19,40,'635 Robert Tunnel, Chhapara, MADHYA PRADESH','941368206','480884','Blood Bank, Medical College Hospital'),('BBANK_410',6,42,43,7,10,43,11,22,'5242 Jacqueline Highway, Mahoo, MADHYA PRADESH','961113799','464221','Blood Bank, Hindu Rao'),('BBANK_413',40,44,47,23,45,49,38,36,'938 Sarah Valleys, Konduru, ANDHRA PRADESH','900348500','522410','Blood Bank, Medical College Hospital'),('BBANK_424',12,14,10,7,1,15,43,36,'456 Nancy Burgs, Ongc Col, GUJARAT','907361656','390009','Blood Bank, General Hospital'),('BBANK_428',33,29,42,13,32,36,26,41,'Unit 3186 Box 0849, Khoirentak, NORTH EASTERN','966922696','795133','Blood Bank, General Hospital'),('BBANK_439',23,6,36,22,45,9,27,45,'01202 Jones Forks, Sallopat, RAJASTHAN','967907699','327601','Blood Bank, General Hospital'),('BBANK_451',17,31,46,25,45,48,13,31,'Unit 5458 Box 5934, Garhara, BIHAR','953524424','851126',''),('BBANK_463',11,34,24,13,37,7,45,15,'20289 Kayla Ways, Thekkummuri, KERALA','986761214','676105','Blood Bank, Academy of Medical Sciences'),('BBANK_467',38,5,8,29,9,23,24,38,'5652 Schaefer Hollow Suite 098, Gunadala, ANDHRA PRADESH','958118993','520004','Blood Bank, SMHS Hospital'),('BBANK_468',4,27,23,7,46,49,2,7,'166 Donald Junction Suite 740, Thane Bazar, MAHARASHTRA','902294985','400601','Blood Bank, District Hospital'),('BBANK_478',24,48,29,7,19,40,42,50,'6854 Denise Springs Apt. 756, K.Bolang, ORISSA','939131062','770040','Blood Bank, Government Hospital'),('BBANK_48',19,45,34,9,38,20,21,46,'6790 Rios Ferry Suite 522, Appapuram, ANDHRA PRADESH','945353683','522611','IMA Blood Bank, Ernakulum (Kochi)'),('BBANK_496',9,11,39,37,29,50,31,23,'9007 Joe Pike, Kogantivaripalem, ANDHRA PRADESH','941397802','522409','Blood Bank, Kanaklata Civil Hospital'),('BBANK_497',5,19,2,2,50,43,1,28,'44163 Jennifer Overpass, Metlakunta, ANDHRA PRADESH','976018750','509338','Blood Bank, Niloufer Hospital'),('BBANK_504',42,47,21,11,5,7,42,5,'897 Williams Springs Apt. 841, New Pipri, ANDHRA PRADESH','927768049','504104','Blood Bank, K.R. Hospital & Mysore Medical College'),('BBANK_505',6,2,35,16,19,19,3,10,'10961 Jonathan Bypass, Hingangaon, MAHARASHTRA','939467359','415305','Blood Bank, Darbhanga Medical College Hospital'),('BBANK_51',37,26,37,49,6,43,26,7,'2177 Heather Mews, Karakkayala Gudem, ANDHRA PRADESH','965745799','508204','Daman Raktadan Kendra, Government Hospital Campus'),('BBANK_512',23,18,28,36,36,37,34,8,'657 Ronald Crest, Manjusar, GUJARAT','980904088','391775','Blood Bank, Civil Hospital'),('BBANK_528',20,50,45,46,16,25,40,17,'5673 Burnett Burg, Ganeshpur, BIHAR','917836849','847408','Blood Bank, Victoria Hospital in Bangalore Medical College'),('BBANK_535',43,28,10,37,15,50,25,35,'985 Jones Tunnel Apt. 043, Gondiparla, ANDHRA PRADESH','990701943','518004','Blood Bank, District Hospital'),('BBANK_55',43,39,23,47,46,7,45,27,'USNV Lewis, Mosigam, ORISSA','909875912','764043','Blood Bank, District Hospital'),('BBANK_571',14,3,19,30,50,5,40,30,'PSC 5497, Box 6591, Pudusseri, KERALA','901118651','670645','Blood Bank, University Hospital'),('BBANK_584',28,47,17,16,21,3,41,21,'7267 Moore Stravenue Apt. 462, Andanalapadu, ANDHRA PRADESH','905676027','506381','Blood Bank, SKIMS Hospital'),('BBANK_589',1,22,11,30,32,44,12,6,'19951 Meyers Trail, Alind Colony, ORISSA','969441636','768016','Blood Bank, Bone & Joint Hospital'),('BBANK_592',10,23,10,5,12,50,26,2,'492 Walker Landing Suite 983, Sankh, KARNATAKA','955792035','586205','Blood Bank, Anugrah Narain Magadh Medical College'),('BBANK_593',35,40,37,36,36,50,50,27,'345 Paul Run, Sri Aurobindo Ashram, TAMILNADU','957984560','605002','Blood Bank, Government HQs Hospital'),('BBANK_611',35,34,10,23,42,38,43,8,'8256 Victoria Motorway, Khushalpur, PUNJAB','974142497','143604','Blood Bank, Medical College'),('BBANK_613',30,11,15,36,33,28,24,23,'8585 Brown Ways Apt. 776, Bhatkal Bazar, KARNATAKA','940776863','581320','Blood Bank, Medical College Hospital'),('BBANK_621',26,24,22,21,19,15,19,14,'3961 Isaac Center Suite 354, Shirapur (Solapur), MAHARASHTRA','935555531','413213','Blood Bank, Government General Hospital'),('BBANK_625',7,1,31,30,35,37,47,30,'6037 Mckenzie Summit Suite 995, Sinhol, GUJARAT','980801627','388130','Name,Hospital'),('BBANK_636',11,1,4,6,45,46,34,6,'099 Elizabeth Divide, Sarewadi, RAJASTHAN','901988211','311803','Bhavnagar Blood Bank, Bhavnagar'),('BBANK_638',1,2,31,31,15,25,44,36,'199 Ward Parkways Apt. 836, Jodhasar, RAJASTHAN','926583574','331811','Blood Bank, Karnataka Institute of Medical Sciences (KIMS) Hospital'),('BBANK_646',27,41,9,36,35,15,4,19,'726 Johnson Ways, Kherli Gadasia, RAJASTHAN','999582658','321028','Blood Bank, KC General Hospital'),('BBANK_647',34,49,48,38,5,44,20,45,'53642 Stanton Forges, Chidambaranagar, TAMILNADU','975518274','628008','Blood Bank, Rajendra Institute of Medical Science'),('BBANK_672',39,7,31,30,40,43,37,2,'8193 Smith Valleys Suite 318, Nandikkara, KERALA','983071919','680301','Blood Bank, G.K. General Hospital'),('BBANK_68',37,40,8,45,21,25,19,11,'969 Walker Pike, Kalamsare, MAHARASHTRA','959990869','425402','Blood Bank, General Hospital'),('BBANK_680',34,32,4,42,36,19,27,34,'PSC 7930, Box 8040, Dapavadi, MAHARASHTRA','953657233','412805','State Blood Bank, Rippon Hospital'),('BBANK_682',32,3,1,7,37,49,27,30,'1174 Julie Plaza, Shahi, UTTAR PRADESH','924169051','243505','Blood Bank, District Hospital'),('BBANK_692',28,43,16,34,37,14,34,31,'238 Jones Trace Apt. 129, Kammachi, KARNATAKA','947868264','577436','Blood Bank, Medical College Hospital'),('BBANK_7',22,30,40,10,17,39,17,50,'13298 Gutierrez Bypass Suite 619, Gadiguda, ANDHRA PRADESH','961850336','504311','Blood Bank, District Hospital'),('BBANK_700',37,12,22,27,40,18,24,48,'USNV Moss, Velapadi, TAMILNADU','969764721','632317','Blood Bank, Srikrishan Medical College'),('BBANK_710',38,29,21,43,15,5,29,12,'95006 Raven Fork Suite 093, Chiksana, RAJASTHAN','959812485','321001','Blood Bank, Shri Chitra Triunal Institute of Medical Sciences & Technology'),('BBANK_719',13,24,25,43,25,22,43,17,'1077 Justin Keys Apt. 355, Gumjal, PUNJAB','911078423','152132','Blood Bank, Macgvan District Hospital'),('BBANK_744',11,36,8,30,34,48,3,36,'387 Martin Causeway, Para  Pipaliya, GUJARAT','978680381','360006','Blood Bank, Lalla Ded Hospital'),('BBANK_745',49,13,27,50,22,50,49,43,'PSC 3145, Box 1320, Kuppagattupalli, ANDHRA PRADESH','986965543','516259','Blood Bank, Zonal Hospital'),('BBANK_748',16,50,30,1,49,30,17,23,'7284 Colleen Spring, Sedla, GUJARAT','973620669','382745','Blood Bank, Patliputra Medical College Hospital'),('BBANK_749',16,21,34,5,34,40,30,18,'2972 Greene Landing Suite 991, Srungavruksham, ANDHRA PRADESH','995900703','533408','Blood Bank, District Hospital'),('BBANK_757',17,40,33,1,49,19,34,29,'51471 Michael Light Apt. 530, Tirupati Bazar, ANDHRA PRADESH','942790079','517501','Blood Bank, Bowring and Lady Curzon Hospital'),('BBANK_760',39,17,6,37,8,46,20,3,'4969 Deborah Loaf, Bhutnal, KARNATAKA','900710536','586103','Blood Bank, General Hospital'),('BBANK_762',24,17,15,36,38,6,15,18,'4726 Green Summit Suite 094, Golawand, CHATTISGARH','940296352','494226','Blood Bank, MNJ Cancer Hospital'),('BBANK_778',38,17,8,23,33,40,49,12,'04662 Brown Mews Apt. 119, Thapovanam, TAMILNADU','978725406','605756','Blood Bank, Indian Red Cross Society'),('BBANK_806',43,45,8,14,10,49,18,3,'3396 Jones Stream Apt. 863, Champapur Gonauli, BIHAR','973398057','845107','Blood Bank, Indian Red Cross Society'),('BBANK_807',32,19,40,29,24,49,50,3,'PSC 0811, Box 3978, S.Kodigehalli, KARNATAKA','933121902','572213','Blood Bank, G.B. Pant Hospital'),('BBANK_808',32,27,13,40,19,5,45,31,'608 Crystal Course, Malmunda, ORISSA','958883941','767002',''),('BBANK_817',28,21,48,23,29,25,10,5,'9502 Gonzalez Mills, Ngm Ho Kota, RAJASTHAN','934240363','324007','Blood Bank, Indian Red Cross Society'),('BBANK_864',2,18,32,8,2,22,3,8,'059 Christopher Fort, Dinoul, UTTAR PRADESH','947799886','203131','Blood Bank, ESI Hospital'),('BBANK_874',43,1,12,4,49,29,40,44,'PSC 4409, Box 5914, Kalpathy, KERALA','920699824','678003','Rotary Blood Bank and Resource Centre, Sec 37'),('BBANK_881',50,44,29,35,17,50,11,23,'947 Caitlin Via, Mohpada, GUJARAT','927388703','396065','Blood Bank, Indira Gandhi Medical College'),('BBANK_899',36,11,23,15,37,47,11,39,'42703 Rush Meadow, Dayanand Collage, MAHARASHTRA','954575542','413002','Blood Bank,Govt. Medical College & Hospital'),('BBANK_903',19,47,46,43,39,45,35,9,'08653 Mays Track Suite 278, Aradhal, ASSAM','945115652','787057','Blood Bank, M.R. Medical College'),('BBANK_91',9,12,29,2,40,9,9,29,'6792 Larson Motorway, Kaptanpur, ASSAM','919738574','788119','Blood Bank, Medical College'),('BBANK_911',40,42,2,50,25,44,20,20,'1312 Kimberly Street, Vandhol, GUJARAT','930985392','383460','Blood Bank, Deen Dayal Upadhyay Hospital'),('BBANK_915',13,31,24,17,13,40,47,42,'95850 Michael Avenue Suite 365, Keliapathar, WEST BENGAL','908044919','722136','Blood Bank, District Hospital'),('BBANK_924',36,34,13,28,9,47,46,33,'28303 Lee Burgs Apt. 531, Katwa Bazar, WEST BENGAL','960799716','713130','Blood Bank, Indian Red Cross Soceity '),('BBANK_927',36,33,13,1,26,30,44,38,'92067 Phillips Walks Suite 385, Hutupani, ORISSA','916746267','770074','Blood Bank, Sheth L.G. General Hospital (MUN)'),('BBANK_939',2,3,4,29,10,21,8,3,'PSC 7955, Box 5227, New Grain Market Abohar, PUNJAB','929930522','152116','Blood Bank, Goa Medical College'),('BBANK_943',8,47,8,7,26,25,23,38,'951 Gloria Bridge Suite 730, Katthamil Shivpuri, MADHYA PRADESH','944980871','473638','Blood Bank, Government Maternity Hospital'),('BBANK_944',49,46,10,3,30,36,23,26,'0543 Ashley Summit, Cansaulim, MAHARASHTRA','901924604','403712','Blood Bank, Zonal Hospital'),('BBANK_945',21,27,27,48,16,45,49,23,'470 Angela Isle, Nandavade, MAHARASHTRA','905437714','416509','Blood Bank, Nalanda Medical College'),('BBANK_955',6,3,14,14,41,36,9,25,'52486 Christopher Estates Apt. 364, Borakhedi, MAHARASHTRA','953966069','443103','Blood Bank,Red Cross Soc.'),('BBANK_964',3,31,8,25,40,48,28,41,'983 Rachel Mill Suite 724, Jamboo, GUJARAT','996249445','360570','Blood Bank, Government Victoria Hospital for Children'),('BBANK_976',8,45,37,13,39,33,1,46,'347 Kevin Coves, Chirasara, RAJASTHAN','944785603','332025','Blood Bank, District Hospital'),('BBANK_978',4,1,27,42,18,48,40,17,'23525 Brianna Circle Suite 627, Dhaneria, RAJASTHAN','913641515','313206','Blood Bank, Kasturba Hospital'),('BBANK_979',15,19,11,20,32,43,5,31,'336 Annette Lake, Velvach, GUJARAT','930231648','396007','Blood Bank, District Hospital'),('BBANK_990',20,6,38,22,49,31,25,5,'7233 Glenn Harbor Suite 265, Unarsikhurd, MADHYA PRADESH','929259378','464228','Jamshedpur Blood Bank, Jamshedpur'),('BBANK_999',10,49,7,32,31,10,22,14,'64926 Brooke Tunnel, Navagam(Isri), GUJARAT','968646034','383251','Blood Bank, GGH');
/*!40000 ALTER TABLE `Blood_Bank` ENABLE KEYS */;
UNLOCK TABLES;

--
-- Table structure for table `Blood_Donor`
--

DROP TABLE IF EXISTS `Blood_Donor`;
/*!40101 SET @saved_cs_client     = @@character_set_client */;
/*!40101 SET character_set_client = utf8 */;
CREATE TABLE `Blood_Donor` (
  `Age` int(11) NOT NULL,
  `BLD_id` char(9) NOT NULL,
  `Name` varchar(35) NOT NULL,
  `Address` varchar(100) NOT NULL,
  `ORG_id` char(9) DEFAULT NULL,
  `Blood_Group` varchar(3) NOT NULL,
  `Last_Donated` date NOT NULL,
  `Last_Checkup` date NOT NULL,
  `Contact` char(10) NOT NULL,
  `Pincode` char(6) NOT NULL,
  PRIMARY KEY (`BLD_id`),
  KEY `ORG_id` (`ORG_id`),
  CONSTRAINT `Blood_Donor_ibfk_1` FOREIGN KEY (`ORG_id`) REFERENCES `Organisation` (`ORG_id`)
) ENGINE=InnoDB DEFAULT CHARSET=latin1;
/*!40101 SET character_set_client = @saved_cs_client */;

--
-- Dumping data for table `Blood_Donor`
--

LOCK TABLES `Blood_Donor` WRITE;
/*!40000 ALTER TABLE `Blood_Donor` DISABLE KEYS */;
/*!40000 ALTER TABLE `Blood_Donor` ENABLE KEYS */;
UNLOCK TABLES;

--
-- Table structure for table `Cornea`
--

DROP TABLE IF EXISTS `Cornea`;
/*!40101 SET @saved_cs_client     = @@character_set_client */;
/*!40101 SET character_set_client = utf8 */;
CREATE TABLE `Cornea` (
  `ORGAN_id` char(7) NOT NULL,
  `DON_id` char(9) DEFAULT NULL,
  `PAT_id` char(9) DEFAULT NULL,
  `Matched_id` char(7) DEFAULT NULL,
  `Procurement_Timestamp` timestamp NOT NULL DEFAULT CURRENT_TIMESTAMP ON UPDATE CURRENT_TIMESTAMP,
  PRIMARY KEY (`ORGAN_id`),
  KEY `DON_id` (`DON_id`),
  KEY `PAT_id` (`PAT_id`),
  KEY `Matched_id` (`Matched_id`),
  CONSTRAINT `Cornea_ibfk_1` FOREIGN KEY (`DON_id`) REFERENCES `Organ_Donor` (`DON_id`),
  CONSTRAINT `Cornea_ibfk_2` FOREIGN KEY (`PAT_id`) REFERENCES `Patient` (`PAT_id`),
  CONSTRAINT `Cornea_ibfk_3` FOREIGN KEY (`Matched_id`) REFERENCES `Cornea` (`ORGAN_id`)
) ENGINE=InnoDB DEFAULT CHARSET=latin1;
/*!40101 SET character_set_client = @saved_cs_client */;

--
-- Dumping data for table `Cornea`
--

LOCK TABLES `Cornea` WRITE;
/*!40000 ALTER TABLE `Cornea` DISABLE KEYS */;
INSERT INTO `Cornea` VALUES ('C000001',NULL,'PAT_153',NULL,'2020-04-22 18:38:00'),('C000002',NULL,'PAT_1210',NULL,'2020-04-22 18:38:00'),('C000003',NULL,'PAT_3734',NULL,'2020-04-22 18:38:00'),('C000004',NULL,'PAT_3357',NULL,'2020-04-22 18:38:00'),('C000005',NULL,'PAT_3665',NULL,'2020-04-22 18:38:00'),('C000006',NULL,'PAT_3277',NULL,'2020-04-22 18:38:00'),('C000007',NULL,'PAT_923',NULL,'2020-04-22 18:38:00'),('C000008',NULL,'PAT_1984',NULL,'2020-04-22 18:38:00'),('C000009',NULL,'PAT_341',NULL,'2020-04-22 18:38:00'),('C000010',NULL,'PAT_607',NULL,'2020-04-22 18:38:00'),('C000011',NULL,'PAT_815',NULL,'2020-04-22 18:38:00'),('C000012',NULL,'PAT_1278',NULL,'2020-04-22 18:38:00'),('C000013',NULL,'PAT_2472',NULL,'2020-04-22 18:38:00'),('C000014',NULL,'PAT_3867',NULL,'2020-04-22 18:38:00'),('C000015',NULL,'PAT_3695',NULL,'2020-04-22 18:38:00'),('C000016',NULL,'PAT_2643',NULL,'2020-04-22 18:38:00'),('C000017',NULL,'PAT_1197',NULL,'2020-04-22 18:38:00'),('C000018',NULL,'PAT_497',NULL,'2020-04-22 18:38:00'),('C000019',NULL,'PAT_3347',NULL,'2020-04-22 18:38:00'),('C000020',NULL,'PAT_819',NULL,'2020-04-22 18:38:00'),('C000021',NULL,'PAT_3272',NULL,'2020-04-22 18:38:00'),('C000022',NULL,'PAT_3064',NULL,'2020-04-22 18:38:00'),('C000023',NULL,'PAT_1458',NULL,'2020-04-22 18:38:00'),('C000024',NULL,'PAT_2754',NULL,'2020-04-22 18:38:00'),('C000025',NULL,'PAT_2990',NULL,'2020-04-22 18:38:01'),('C000026',NULL,'PAT_3618',NULL,'2020-04-22 18:38:01'),('C000027',NULL,'PAT_95',NULL,'2020-04-22 18:38:01'),('C000028',NULL,'PAT_3025',NULL,'2020-04-22 18:38:01'),('C000029',NULL,'PAT_1713',NULL,'2020-04-22 18:38:01'),('C000030',NULL,'PAT_730',NULL,'2020-04-22 18:38:01'),('C000031',NULL,'PAT_933',NULL,'2020-04-22 18:38:01'),('C000032',NULL,'PAT_2164',NULL,'2020-04-22 18:38:01'),('C000033',NULL,'PAT_463',NULL,'2020-04-22 18:38:01'),('C000034',NULL,'PAT_2527',NULL,'2020-04-22 18:38:01'),('C000035',NULL,'PAT_290',NULL,'2020-04-22 18:38:01'),('C000036',NULL,'PAT_3767',NULL,'2020-04-22 18:38:01'),('C000037',NULL,'PAT_2314',NULL,'2020-04-22 18:38:01'),('C000038',NULL,'PAT_630',NULL,'2020-04-22 18:38:01'),('C000039',NULL,'PAT_336',NULL,'2020-04-22 18:38:01'),('C000040',NULL,'PAT_3082',NULL,'2020-04-22 18:38:01'),('C000041',NULL,'PAT_1465',NULL,'2020-04-22 18:38:01'),('C000042',NULL,'PAT_3489',NULL,'2020-04-22 18:38:01'),('C000043',NULL,'PAT_3409',NULL,'2020-04-22 18:38:01'),('C000044',NULL,'PAT_3222',NULL,'2020-04-22 18:38:01'),('C000045',NULL,'PAT_639',NULL,'2020-04-22 18:38:01'),('C000046',NULL,'PAT_298',NULL,'2020-04-22 18:38:01'),('C000047',NULL,'PAT_2941',NULL,'2020-04-22 18:38:01'),('C000048',NULL,'PAT_552',NULL,'2020-04-22 18:38:01'),('C000049',NULL,'PAT_1556',NULL,'2020-04-22 18:38:02'),('C000050',NULL,'PAT_2313',NULL,'2020-04-22 18:38:02'),('C000051',NULL,'PAT_2694',NULL,'2020-04-22 18:38:02'),('C000052',NULL,'PAT_3397',NULL,'2020-04-22 18:38:02'),('C000053',NULL,'PAT_1280',NULL,'2020-04-22 18:38:02'),('C000054',NULL,'PAT_3569',NULL,'2020-04-22 18:38:02'),('C000055',NULL,'PAT_1080',NULL,'2020-04-22 18:38:02'),('C000056',NULL,'PAT_187',NULL,'2020-04-22 18:38:02'),('C000057',NULL,'PAT_3539',NULL,'2020-04-22 18:38:02'),('C000058',NULL,'PAT_1115',NULL,'2020-04-22 18:38:02'),('C000059',NULL,'PAT_3073',NULL,'2020-04-22 18:38:02'),('C000060',NULL,'PAT_22',NULL,'2020-04-22 18:38:02'),('C000061',NULL,'PAT_946',NULL,'2020-04-22 18:38:02'),('C000062',NULL,'PAT_2076',NULL,'2020-04-22 18:38:02'),('C000063',NULL,'PAT_3682',NULL,'2020-04-22 18:38:02'),('C000064',NULL,'PAT_142',NULL,'2020-04-22 18:38:02'),('C000065',NULL,'PAT_3280',NULL,'2020-04-22 18:38:02'),('C000066',NULL,'PAT_242',NULL,'2020-04-22 18:38:02'),('C000067',NULL,'PAT_1661',NULL,'2020-04-22 18:38:02'),('C000068',NULL,'PAT_3500',NULL,'2020-04-22 18:38:02'),('C000069',NULL,'PAT_35',NULL,'2020-04-22 18:38:02'),('C000070',NULL,'PAT_3935',NULL,'2020-04-22 18:38:02'),('C000071',NULL,'PAT_8',NULL,'2020-04-22 18:38:03'),('C000072',NULL,'PAT_932',NULL,'2020-04-22 18:38:03'),('C000073',NULL,'PAT_3608',NULL,'2020-04-22 18:38:03'),('C000074',NULL,'PAT_1644',NULL,'2020-04-22 18:38:03'),('C000075',NULL,'PAT_3782',NULL,'2020-04-22 18:38:03'),('C000076',NULL,'PAT_638',NULL,'2020-04-22 18:38:03'),('C000077',NULL,'PAT_2110',NULL,'2020-04-22 18:38:03'),('C000078',NULL,'PAT_1849',NULL,'2020-04-22 18:38:03'),('C000079',NULL,'PAT_3614',NULL,'2020-04-22 18:38:03'),('C000080',NULL,'PAT_2331',NULL,'2020-04-22 18:38:03'),('C000081',NULL,'PAT_2852',NULL,'2020-04-22 18:38:03'),('C000082','DON_255',NULL,NULL,'2020-03-10 01:40:29'),('C000083','DON_386',NULL,NULL,'2020-04-22 18:38:03'),('C000084','DON_305',NULL,NULL,'2020-02-27 18:15:36'),('C000085','DON_831',NULL,NULL,'2020-03-30 23:59:32'),('C000086','DON_479',NULL,NULL,'2020-01-15 12:31:12'),('C000087','DON_511',NULL,NULL,'2020-02-06 10:22:41'),('C000088','DON_39',NULL,NULL,'2020-02-03 07:47:30'),('C000089','DON_68',NULL,NULL,'2020-03-13 13:30:49'),('C000090','DON_910',NULL,NULL,'2020-04-22 18:38:03'),('C000091','DON_296',NULL,NULL,'2020-04-22 18:38:04'),('C000092','DON_150',NULL,NULL,'2020-04-16 22:57:39'),('C000093','DON_103',NULL,NULL,'2020-04-22 18:38:04'),('C000094','DON_108',NULL,NULL,'2020-04-22 18:38:04');
/*!40000 ALTER TABLE `Cornea` ENABLE KEYS */;
UNLOCK TABLES;

--
-- Table structure for table `Doctor`
--

DROP TABLE IF EXISTS `Doctor`;
/*!40101 SET @saved_cs_client     = @@character_set_client */;
/*!40101 SET character_set_client = utf8 */;
CREATE TABLE `Doctor` (
  `Doc_ID` char(9) NOT NULL,
  `Name` varchar(35) NOT NULL,
  `Contact` char(10) NOT NULL,
  `Speciality` varchar(20) NOT NULL,
  PRIMARY KEY (`Doc_ID`)
) ENGINE=InnoDB DEFAULT CHARSET=latin1;
/*!40101 SET character_set_client = @saved_cs_client */;

--
-- Dumping data for table `Doctor`
--

LOCK TABLES `Doctor` WRITE;
/*!40000 ALTER TABLE `Doctor` DISABLE KEYS */;
INSERT INTO `Doctor` VALUES ('DOC_10005','Robert Call','9283717445','Others'),('DOC_10033','Joe Lashley','9418396734','Ophthalmologists'),('DOC_10217','Felipe Lancaster','9581639803','Pulmonologist'),('DOC_10338','Justin Driscoll','9868767528','Cardiovascular'),('DOC_10565','Katrina Ramsey','9924006578','Pulmonologist'),('DOC_10617','John Hurless','9093027627','Gastroenterologist'),('DOC_10667','Jeremy Thornsberry','9585268497','Ophthalmologists'),('DOC_10716','Danny Karban','9301477851','Pulmonologist'),('DOC_1077','Bonnie Christian','9507503943','Pulmonologist'),('DOC_10816','Gilbert Campbell','9759139569','Cardiovascular'),('DOC_10853','Thomas Wood','9857387205','Others'),('DOC_1088','Armando Barrett','9386794789','Cardiovascular'),('DOC_10890','Eugene Wood','9393081721','Gastroenterologist'),('DOC_1097','Christine Gregory','9799865650','Ophthalmologists'),('DOC_110','Tamika Iozzi','9532923198','Others'),('DOC_11065','Jennifer Thomas','9536122241','Cardiovascular'),('DOC_11148','Dawn Robertson','9349967836','Hepatologist'),('DOC_11178','Andrew Kitchen','9420604052','Nephrologist'),('DOC_11385','Latoya Pearson','9575048500','Gastroenterologist'),('DOC_11507','Teresa Molina','9130726280','Pulmonologist'),('DOC_11511','Steve Gray','9950555419','Nephrologist'),('DOC_11659','Michael Hamilton','9821928148','Cardiovascular'),('DOC_11823','John Farnsworth','9466925215','Others'),('DOC_11958','Thomas Lescarbeau','9569827353','Gastroenterologist'),('DOC_12057','Ralph Wiggins','9192754379','Ophthalmologists'),('DOC_12078','Nathan Sigmon','9534027460','Gastroenterologist'),('DOC_12286','Holly Ahlman','9063175888','Nephrologist'),('DOC_12457','Norma Armenta','9100555099','Gastroenterologist'),('DOC_1250','Dorothy Garrett','9174517704','Gastroenterologist'),('DOC_12668','Charles Seaman','9292162104','Gastroenterologist'),('DOC_1267','Thelma Thao','9845479709','Pulmonologist'),('DOC_12684','Genaro Coney','9453124706','Nephrologist'),('DOC_12719','James Mcarthur','9756479890','Pulmonologist'),('DOC_12821','Dennis Walker','9456865947','Ophthalmologists'),('DOC_12861','Mark Brownlee','9197039997','Nephrologist'),('DOC_12892','Ricardo Alston','9760076277','Nephrologist'),('DOC_13107','Jesus Goode','9106672291','Pulmonologist'),('DOC_13200','John Solorio','9716681751','Nephrologist'),('DOC_13242','Andrea Fedezko','9529999825','Cardiovascular'),('DOC_13409','Judy Goldberger','9945151708','Gastroenterologist'),('DOC_1341','Michael Weston','9598837090','Gastroenterologist'),('DOC_13442','Ray Cooper','9085815314','Pulmonologist'),('DOC_13474','Christopher Powell','9335575928','Gastroenterologist'),('DOC_13879','Carol Fuentes','9360365975','Gastroenterologist'),('DOC_14127','Brenda Lehman','9242205357','Others'),('DOC_14144','Loren Blank','9303360389','Ophthalmologists'),('DOC_14289','Robin Floyd','9690032262','Others'),('DOC_1438','Bethany Lambert','9797431463','Gastroenterologist'),('DOC_14534','Agnes Hecker','9991852261','Others'),('DOC_14558','Olga Dawson','9891692576','Hepatologist'),('DOC_14559','Opal Phillips','9608290630','Hepatologist'),('DOC_14638','Justin Johnson','9125668590','Ophthalmologists'),('DOC_14682','Taylor Emch','9460427367','Nephrologist'),('DOC_14771','Alfred Soto','9658173165','Cardiovascular'),('DOC_14815','Mark Mclaughlin','9441442896','Ophthalmologists'),('DOC_14827','Maryann Talbert','9273857264','Others'),('DOC_15191','Robert Hedrick','9128390567','Pulmonologist'),('DOC_15260','Phyllis Little','9768720772','Cardiovascular'),('DOC_15417','Jewel Fields','9784775487','Gastroenterologist'),('DOC_1560','Brandy Dougherty','9440760503','Hepatologist'),('DOC_15614','Floyd Cato','9828771039','Gastroenterologist'),('DOC_15629','Charles Smith','9852730247','Cardiovascular'),('DOC_15645','Cindy Dimas','9778319538','Nephrologist'),('DOC_15891','Charles Kenworthy','9578047896','Gastroenterologist'),('DOC_15989','Nelly Bush','9870403090','Ophthalmologists'),('DOC_16236','Kay Akins','9091308281','Gastroenterologist'),('DOC_16284','Tina Rivett','9893163516','Others'),('DOC_16514','Lisa Cerna','9003892784','Ophthalmologists'),('DOC_16614','Wanda Borg','9567057055','Nephrologist'),('DOC_16666','John Sok','9501643200','Pulmonologist'),('DOC_16695','Barbara Pearce','9141849793','Cardiovascular'),('DOC_16914','Bruce Roach','9670008912','Pulmonologist'),('DOC_16925','Paul Vil','9490397526','Pulmonologist'),('DOC_16952','David Parado','9331683112','Gastroenterologist'),('DOC_16999','James Marsh','9983941744','Others'),('DOC_17160','Jimmy Woock','9146991848','Cardiovascular'),('DOC_1730','Megan Lee','9242072041','Hepatologist'),('DOC_1737','Howard Reeves','9312585531','Hepatologist'),('DOC_17398','Theresa Lawrence','9197283991','Hepatologist'),('DOC_17419','Clarice Burden','9506700491','Cardiovascular'),('DOC_17470','Sherry Lesher','9286830423','Nephrologist'),('DOC_17577','Daryl Andrada','9592913805','Others'),('DOC_17667','James Dyess','9151829074','Others'),('DOC_17690','Leopoldo Ralph','9272978217','Gastroenterologist'),('DOC_17727','Caleb Parra','9460950879','Cardiovascular'),('DOC_17731','Joseph Baker','9898263203','Cardiovascular'),('DOC_17868','Kristin Mackenzie','9775943097','Cardiovascular'),('DOC_18206','Luke Marshall','9143518568','Ophthalmologists'),('DOC_1821','Kenneth Jacques','9423508928','Gastroenterologist'),('DOC_18290','Marlys Bryant','9430455544','Cardiovascular'),('DOC_18293','Frances Felix','9659319860','Hepatologist'),('DOC_18464','Joseph Morrison','9588033955','Others'),('DOC_1862','William Janes','9665061001','Hepatologist'),('DOC_1873','Amy Davis','9481293377','Gastroenterologist'),('DOC_18769','Corrina Nuuanu','9033483613','Pulmonologist'),('DOC_19016','German Splatt','9930365103','Hepatologist'),('DOC_19057','Kyong Nevarez','9507444673','Nephrologist'),('DOC_19117','Walter Carr','9169731986','Gastroenterologist'),('DOC_19156','Patricia Devera','9152910079','Ophthalmologists'),('DOC_19178','Christopher Gray','9098741812','Others'),('DOC_19267','Rodney Klinger','9047735055','Gastroenterologist'),('DOC_19768','Glenn Stefani','9445323358','Hepatologist'),('DOC_19794','John Reichert','9332173179','Ophthalmologists'),('DOC_19798','Erika Johnson','9150192821','Pulmonologist'),('DOC_19807','Tiara Davis','9587770152','Cardiovascular'),('DOC_20029','Jazmine Scott','9854385559','Ophthalmologists'),('DOC_20070','Evelyn Marquez','9420115207','Hepatologist'),('DOC_20102','Charlotte Nigro','9583911748','Cardiovascular'),('DOC_20168','Monica Turner','9494845852','Nephrologist'),('DOC_20251','Brittany Medina','9788152149','Pulmonologist'),('DOC_20341','Michele Tadlock','9507195129','Pulmonologist'),('DOC_20408','Marie Fitzwater','9576085568','Hepatologist'),('DOC_20522','Logan Fink','9164851347','Hepatologist'),('DOC_2056','Carl Hoch','9281013507','Others'),('DOC_20631','Ronald Velasquez','9416433542','Cardiovascular'),('DOC_20653','Margaret Mccoy','9268335571','Gastroenterologist'),('DOC_20742','Charles Ide','9220815920','Gastroenterologist'),('DOC_210','George Silva','9996003646','Nephrologist'),('DOC_21073','Selina Walp','9464870837','Pulmonologist'),('DOC_2114','Bradley Goff','9401932852','Nephrologist'),('DOC_21230','Dawn Goforth','9531122418','Gastroenterologist'),('DOC_21317','Buford Christensen','9362308238','Gastroenterologist'),('DOC_21421','Laura Henderson','9863539777','Nephrologist'),('DOC_21512','Carmen Mcneil','9049507085','Ophthalmologists'),('DOC_21598','Miguel Dunkerson','9738182928','Cardiovascular'),('DOC_21778','Robert Thackaberry','9570873134','Gastroenterologist'),('DOC_21817','Ben Yin','9471932509','Hepatologist'),('DOC_21858','Clyde Park','9188199674','Nephrologist'),('DOC_21968','Mildred Stegmann','9433646227','Hepatologist'),('DOC_22101','Michael Mann','9544152804','Cardiovascular'),('DOC_22249','Tawana Clark','9012810856','Cardiovascular'),('DOC_22254','Linda Ryans','9096859567','Hepatologist'),('DOC_22412','Marion Mcclintock','9322014841','Ophthalmologists'),('DOC_22415','Justin Unsworth','9199775008','Pulmonologist'),('DOC_22430','Joanna Reardon','9446656447','Nephrologist'),('DOC_22506','Charles Santarelli','9697294454','Cardiovascular'),('DOC_22553','Shelly Riggings','9436058883','Pulmonologist'),('DOC_2270','Timothy Decker','9425102110','Cardiovascular'),('DOC_22702','Robert Sisco','9993328818','Ophthalmologists'),('DOC_22974','Timothy Nishitani','9487323879','Ophthalmologists'),('DOC_23002','Bernice Rowden','9471065255','Others'),('DOC_23102','Robert Clark','9241994249','Pulmonologist'),('DOC_23153','James Paul','9888990435','Pulmonologist'),('DOC_2323','Leland Cochran','9081903957','Ophthalmologists'),('DOC_23280','Leonard Golden','9524860750','Nephrologist'),('DOC_23282','Eric Garcia','9858302144','Hepatologist'),('DOC_23325','Daryl Davis','9722119061','Pulmonologist'),('DOC_23459','Gilbert Buckley','9926420000','Cardiovascular'),('DOC_23464','Linda Jones','9887090403','Nephrologist'),('DOC_23610','Chester Forti','9150378394','Gastroenterologist'),('DOC_23764','John Smith','9545329835','Ophthalmologists'),('DOC_23781','Janet Lopez','9511799393','Ophthalmologists'),('DOC_23814','Brenda Riddle','9103157821','Cardiovascular'),('DOC_23915','Brian Wright','9445929925','Pulmonologist'),('DOC_23998','Edgardo Majure','9958574651','Ophthalmologists'),('DOC_24010','Matthew Surrett','9996689819','Ophthalmologists'),('DOC_24058','William Page','9382068472','Others'),('DOC_24092','Helen Barnes','9428227836','Others'),('DOC_2411','Vicki Johnson','9288231994','Cardiovascular'),('DOC_24421','Kyle Leavins','9835497587','Gastroenterologist'),('DOC_24482','Alma Henderson','9241367077','Pulmonologist'),('DOC_2453','Harry Parker','9883654392','Pulmonologist'),('DOC_24546','Cheryl Locicero','9520569197','Cardiovascular'),('DOC_24581','Jennifer Jones','9969009106','Pulmonologist'),('DOC_24617','Florence Cross','9596050771','Ophthalmologists'),('DOC_24689','Whitney Burwell','9735022354','Gastroenterologist'),('DOC_24722','Mary Cox','9174166054','Cardiovascular'),('DOC_24736','James Shelton','9224101977','Nephrologist'),('DOC_24811','Gordon Gray','9455097328','Hepatologist'),('DOC_24812','Stephen Allison','9741085320','Pulmonologist'),('DOC_24987','Steven Casares','9056686593','Others'),('DOC_25091','Brian Gottlieb','9823980346','Hepatologist'),('DOC_25104','Lonnie Duke','9701836441','Nephrologist'),('DOC_25111','Brian Netzer','9799905056','Gastroenterologist'),('DOC_25127','Catherine Hill','9014014387','Nephrologist'),('DOC_25208','Ernest Meyer','9490692067','Others'),('DOC_25335','Amy Dunham','9542105609','Ophthalmologists'),('DOC_25390','Ty Krebbs','9997895046','Pulmonologist'),('DOC_25401','Scott Person','9135946359','Gastroenterologist'),('DOC_25414','Gina Pool','9765739724','Nephrologist'),('DOC_25650','Edward Waren','9234750821','Pulmonologist'),('DOC_25677','Ashley Scott','9340655724','Others'),('DOC_25731','Nancy Garrett','9123663561','Others'),('DOC_25746','Matthew Loper','9558194132','Nephrologist'),('DOC_25821','Wendy Martin','9499943834','Hepatologist'),('DOC_26115','Steven Lake','9830993371','Cardiovascular'),('DOC_26144','Raymond Bliss','9518422107','Gastroenterologist'),('DOC_26338','Harold Bullard','9365037768','Gastroenterologist'),('DOC_2635','Gregory Vaughn','9692462380','Ophthalmologists'),('DOC_26509','Joanne Williams','9497512716','Ophthalmologists'),('DOC_2660','Patricia Hubbard','9767622080','Cardiovascular'),('DOC_26684','David Duteau','9051083324','Ophthalmologists'),('DOC_26807','Doyle Jensen','9717699309','Nephrologist'),('DOC_27100','Christopher Lord','9242601979','Pulmonologist'),('DOC_272','Daniel Wingard','9191702773','Ophthalmologists'),('DOC_27278','Joanna Barker','9342710405','Nephrologist'),('DOC_27354','Elli Guzman','9198141462','Pulmonologist'),('DOC_2741','David Yard','9464100062','Pulmonologist'),('DOC_27567','Marvin Gjertsen','9063290188','Pulmonologist'),('DOC_27603','Eric Moran','9303863497','Nephrologist'),('DOC_27724','Michael Self','9207401371','Ophthalmologists'),('DOC_2779','Steven Peppers','9102889749','Others'),('DOC_27819','Ruben Jones','9589089643','Gastroenterologist'),('DOC_27845','Anthony Freiler','9434312258','Cardiovascular'),('DOC_27851','Erica Byrd','9881242967','Hepatologist'),('DOC_27897','Clare Stommes','9682725412','Pulmonologist'),('DOC_27999','Fletcher Groth','9478461026','Cardiovascular'),('DOC_282','James Avent','9814187770','Gastroenterologist'),('DOC_2820','Joseph Seney','9932470120','Hepatologist'),('DOC_28432','Doreen Smith','9287661300','Nephrologist'),('DOC_2850','Irene Tippets','9174027792','Ophthalmologists'),('DOC_28506','Robin Walker','9667185070','Nephrologist'),('DOC_28635','Kristie Nash','9895541624','Hepatologist'),('DOC_28707','Floria Mckinney','9047672381','Gastroenterologist'),('DOC_28767','Michael Essary','9823961669','Ophthalmologists'),('DOC_28772','Linda Jackson','9740516295','Gastroenterologist'),('DOC_28843','Gregoria Rousseau','9124318238','Gastroenterologist'),('DOC_28907','Michael Robinson','9256073504','Hepatologist'),('DOC_29008','Gary Davis','9719552575','Nephrologist'),('DOC_2906','Charles Sanders','9697461551','Others'),('DOC_29117','Gladys Couch','9200482441','Hepatologist'),('DOC_29132','Charles Simmer','9558362126','Gastroenterologist'),('DOC_29166','Tara Caudill','9077773676','Ophthalmologists'),('DOC_29276','Wilma Dixon','9555728073','Gastroenterologist'),('DOC_29280','Edward Brotherton','9247075801','Cardiovascular'),('DOC_29382','Roosevelt Lemus','9984156148','Gastroenterologist'),('DOC_29447','John Thomas','9937506442','Gastroenterologist'),('DOC_29449','William Burkette','9084194858','Pulmonologist'),('DOC_29502','Thomas Reif','9487684569','Nephrologist'),('DOC_29607','Silas Guy','9091670872','Others'),('DOC_29667','Calvin Oconnor','9459046376','Gastroenterologist'),('DOC_29703','Wesley Webb','9410443444','Hepatologist'),('DOC_29864','Michael Boyd','9980161573','Gastroenterologist'),('DOC_29958','Christopher Shin','9129970483','Nephrologist'),('DOC_29969','Thomas Wall','9640995463','Hepatologist'),('DOC_30018','Thomas Martinez','9757831956','Ophthalmologists'),('DOC_3009','Shanda Coleman','9121729765','Ophthalmologists'),('DOC_30146','Melissa Kellogg','9931784131','Hepatologist'),('DOC_3058','Tiffany Binegar','9114070539','Nephrologist'),('DOC_30647','Thelma Rodriguez','9904029733','Pulmonologist'),('DOC_30883','Clarence Cabrera','9679816171','Gastroenterologist'),('DOC_30996','Linda Mazzaferro','9716098597','Hepatologist'),('DOC_31109','Vern Hedrick','9850297437','Others'),('DOC_31115','Stacey Scott','9355240857','Ophthalmologists'),('DOC_31131','Annette Williams','9616120045','Nephrologist'),('DOC_31205','Paula Lopez','9040940489','Others'),('DOC_31248','Amy Ponce','9122520054','Ophthalmologists'),('DOC_31310','Willie Gomez','9273615234','Hepatologist'),('DOC_31445','Charlene Farnan','9117444732','Gastroenterologist'),('DOC_31632','Amanda Diaz','9853102241','Ophthalmologists'),('DOC_31701','Melvin Coop','9937875454','Gastroenterologist'),('DOC_31806','Kelly Jaramillo','9152242300','Nephrologist'),('DOC_31854','Eric Shilkuski','9026232615','Ophthalmologists'),('DOC_31922','Terry Howard','9943930912','Nephrologist'),('DOC_32087','Dennis Davis','9975438226','Nephrologist'),('DOC_32181','Linda Solano','9739194730','Cardiovascular'),('DOC_32242','Walter Furniss','9501608645','Cardiovascular'),('DOC_32278','Mark Bernard','9423372135','Hepatologist'),('DOC_32308','Kathleen Anderson','9128237507','Others'),('DOC_3231','Lucy Stutzman','9233101051','Nephrologist'),('DOC_32348','David Carrabine','9076635031','Nephrologist'),('DOC_32436','John Walz','9413571747','Others'),('DOC_32441','Dexter Kimmel','9370430679','Gastroenterologist'),('DOC_32719','Charles Gill','9486639050','Cardiovascular'),('DOC_32730','Joseph Watkins','9772325076','Cardiovascular'),('DOC_32855','Emmy Kirk','9185695165','Cardiovascular'),('DOC_32923','Roderick Ferguson','9103854917','Pulmonologist'),('DOC_3313','Ami Palomaki','9793800028','Others'),('DOC_33138','Roger Dudley','9992712235','Hepatologist'),('DOC_33201','Edmond Hewitt','9200897690','Gastroenterologist'),('DOC_33205','Georgia Hudson','9896964903','Gastroenterologist'),('DOC_33221','Ruth Kuehn','9374045453','Pulmonologist'),('DOC_33265','Charity Killough','9211638717','Cardiovascular'),('DOC_33784','Marie Mendenhall','9956917238','Cardiovascular'),('DOC_33805','Valeria Beauprez','9906162278','Cardiovascular'),('DOC_33956','Robert Harrison','9884526945','Gastroenterologist'),('DOC_34026','James Westerman','9449883688','Hepatologist'),('DOC_34061','Norma Sosa','9199208389','Pulmonologist'),('DOC_34234','Marco Ballard','9327900720','Gastroenterologist'),('DOC_34568','Rene Fender','9676755580','Gastroenterologist'),('DOC_34643','Brian Hudson','9019476377','Ophthalmologists'),('DOC_34658','Donald Hicks','9623315692','Others'),('DOC_34770','Margaret Salazar','9431629526','Cardiovascular'),('DOC_34831','Randy Brown','9631954162','Pulmonologist'),('DOC_34921','Harold Glass','9724827904','Hepatologist'),('DOC_34938','Faye Puckett','9656991793','Ophthalmologists'),('DOC_34988','Victor Brinkley','9300417565','Cardiovascular'),('DOC_35010','Nora Peterman','9049413431','Others'),('DOC_35215','Paul Simon','9582836529','Gastroenterologist'),('DOC_35373','Andrew Matelski','9640919286','Gastroenterologist'),('DOC_35397','George Mccauley','9825773671','Hepatologist'),('DOC_35398','Sherman Weems','9774172556','Others'),('DOC_35703','Steve Brown','9156358650','Pulmonologist'),('DOC_35726','Noe Miller','9487715570','Pulmonologist'),('DOC_3573','Reginald Hennigan','9609641310','Cardiovascular'),('DOC_35775','Joseph Rubio','9204758090','Others'),('DOC_35920','Kurt Best','9742603333','Nephrologist'),('DOC_36257','Gay Hayashi','9191964900','Ophthalmologists'),('DOC_36291','Geraldine Brown','9040732738','Nephrologist'),('DOC_36310','Kathleen Davison','9857387695','Others'),('DOC_36365','Ellen Cook','9199342836','Pulmonologist'),('DOC_36405','Walter Morris','9629020876','Gastroenterologist'),('DOC_36433','Ida Moore','9734827172','Others'),('DOC_36947','Jason Garner','9547791115','Ophthalmologists'),('DOC_36976','Vickie Clark','9618056672','Cardiovascular'),('DOC_37165','Brian Harrison','9785931311','Others'),('DOC_37192','Jose Hairston','9017381808','Cardiovascular'),('DOC_3724','Gloria Mackerl','9781600650','Pulmonologist'),('DOC_37421','Jacqueline Hall','9355346561','Cardiovascular'),('DOC_3755','James Suddreth','9200051483','Nephrologist'),('DOC_37919','Alex Gibson','9054640491','Cardiovascular'),('DOC_37924','Velma Holm','9064697338','Pulmonologist'),('DOC_3813','Thomas Dancy','9145788324','Pulmonologist'),('DOC_38303','Cleo Pullman','9639626773','Hepatologist'),('DOC_38305','Jeff Mills','9384641992','Others'),('DOC_38365','Monique Mayer','9508562136','Others'),('DOC_3843','Maira Do','9879265695','Nephrologist'),('DOC_38504','Paul Altieri','9854295925','Others'),('DOC_38767','Mary Chandler','9937637908','Others'),('DOC_3881','Aubrey Myers','9514166888','Ophthalmologists'),('DOC_38831','Tracey Jaskolski','9957322718','Others'),('DOC_38851','Kenneth Hale','9352305898','Hepatologist'),('DOC_3886','Frank Garcia','9621447767','Nephrologist'),('DOC_38961','William Farmer','9132099903','Pulmonologist'),('DOC_38983','Curtis Mcalister','9339371236','Pulmonologist'),('DOC_39086','Sarah Petch','9721601046','Ophthalmologists'),('DOC_39128','Danny Hester','9633651526','Pulmonologist'),('DOC_39228','Roy Quick','9353678928','Pulmonologist'),('DOC_39294','Ronald Fernandez','9413983431','Cardiovascular'),('DOC_39436','Marie Gomez','9534393997','Others'),('DOC_39634','Danielle Secor','9843266677','Ophthalmologists'),('DOC_39679','Charles Bermudez','9643619148','Others'),('DOC_39845','Wendy Gray','9033546766','Cardiovascular'),('DOC_39880','Alex Mouton','9769320945','Cardiovascular'),('DOC_40032','Cortney Rogers','9344988343','Pulmonologist'),('DOC_4008','Rhonda Barnett','9823982941','Ophthalmologists'),('DOC_40111','Lawrence Williford','9559090937','Hepatologist'),('DOC_40183','Marx Hardy','9738195223','Others'),('DOC_4022','Kimberly Moore','9407981260','Others'),('DOC_40239','David Goicoechea','9219569463','Ophthalmologists'),('DOC_40399','Steven Harvey','9887669697','Cardiovascular'),('DOC_4058','Christine Henesey','9944720272','Nephrologist'),('DOC_40658','Laurie Baker','9691498796','Hepatologist'),('DOC_40662','Tamara Hoover','9421599985','Ophthalmologists'),('DOC_40663','Oscar Chelton','9312182564','Others'),('DOC_40691','Monica Do','9348957873','Others'),('DOC_40920','Sonja Labounty','9230779631','Others'),('DOC_41053','Andrea Webber','9310240102','Nephrologist'),('DOC_41115','Troy Carpenter','9839302339','Others'),('DOC_41142','Patrick Gregory','9745744719','Ophthalmologists'),('DOC_41187','Robert Leven','9636658300','Nephrologist'),('DOC_41207','Donald Hunter','9672155207','Gastroenterologist'),('DOC_41274','Morris Garcia','9567012673','Nephrologist'),('DOC_413','Gloria Freedman','9746406657','Gastroenterologist'),('DOC_41421','Kayla Willmon','9582460757','Others'),('DOC_4143','Henry Breunig','9454662573','Ophthalmologists'),('DOC_41434','Edwin Craig','9975643938','Gastroenterologist'),('DOC_41566','Anita Tolston','9790830278','Ophthalmologists'),('DOC_41633','Justin Sullivan','9445302213','Gastroenterologist'),('DOC_41671','Bruce Griffith','9843898660','Ophthalmologists'),('DOC_4172','Collin Williams','9173354147','Pulmonologist'),('DOC_4184','Janice Lane','9993551528','Pulmonologist'),('DOC_41918','Samuel Collins','9671992086','Cardiovascular'),('DOC_41961','Kelly Denton','9646834521','Gastroenterologist'),('DOC_42073','Dominic Stewart','9632051854','Ophthalmologists'),('DOC_42273','Amanda Davis','9325864204','Ophthalmologists'),('DOC_42296','Matthew Hill','9211817564','Ophthalmologists'),('DOC_4248','Robert Gonzalez','9832159502','Others'),('DOC_42580','Ray Stinson','9922610349','Gastroenterologist'),('DOC_42716','Marilyn Paschal','9119196031','Ophthalmologists'),('DOC_42727','Angel Fitch','9365867910','Cardiovascular'),('DOC_4286','Mario Sawyer','9501722773','Hepatologist'),('DOC_42999','Roberta Garcia','9625305552','Gastroenterologist'),('DOC_43125','Arlene Grant','9185005054','Others'),('DOC_43260','Maria Folkers','9465099133','Gastroenterologist'),('DOC_43462','Robert Young','9501123043','Hepatologist'),('DOC_43469','Peter Medrano','9170361105','Others'),('DOC_43517','Brian Mckoy','9451695225','Pulmonologist'),('DOC_4374','Sandra Rollins','9421500040','Gastroenterologist'),('DOC_43756','Thomas Tibbets','9764424159','Pulmonologist'),('DOC_43768','Maryellen Bishop','9720999369','Ophthalmologists'),('DOC_44170','Ginger Soto','9234504959','Nephrologist'),('DOC_44254','Tracy Lambrecht','9485475605','Others'),('DOC_44370','Edward Harrison','9388237771','Others'),('DOC_44569','Danyell Koch','9969620762','Others'),('DOC_44673','Charlie Fray','9642308268','Cardiovascular'),('DOC_44680','Jutta William','9490387695','Ophthalmologists'),('DOC_44905','James Owens','9914995445','Hepatologist'),('DOC_44910','William Welch','9101590484','Nephrologist'),('DOC_45111','Andrew Triana','9858842848','Cardiovascular'),('DOC_45213','James Smith','9391233893','Nephrologist'),('DOC_45298','Milton Laws','9924917799','Pulmonologist'),('DOC_45337','Robert Martin','9713043685','Gastroenterologist'),('DOC_45479','Lana Aaberg','9678955423','Pulmonologist'),('DOC_45592','Joseph Carrillo','9055977290','Others'),('DOC_4565','Sherri Mcintyre','9991457944','Nephrologist'),('DOC_45931','Daniel Goodwin','9070652529','Hepatologist'),('DOC_46186','Barbara Ruddell','9057803077','Nephrologist'),('DOC_46229','Katherine Roller','9355444996','Gastroenterologist'),('DOC_46354','Philip Reta','9910374563','Hepatologist'),('DOC_46417','Ryan Burchett','9919009887','Others'),('DOC_46422','Barbara Devine','9451001473','Cardiovascular'),('DOC_46488','Zelma Dumas','9307050000','Pulmonologist'),('DOC_46498','Robert Cash','9898947639','Gastroenterologist'),('DOC_46537','Gabriel Coyle','9104030207','Cardiovascular'),('DOC_46634','Mae Dale','9126277862','Hepatologist'),('DOC_46654','Mary Parnell','9933875136','Pulmonologist'),('DOC_46783','Jorge Price','9010529399','Pulmonologist'),('DOC_46829','Christopher Worthington','9053341532','Nephrologist'),('DOC_46866','Gwendolyn Montgomery','9249829824','Others'),('DOC_46953','Thomas Bristol','9987279209','Cardiovascular'),('DOC_47102','Russell Foster','9223166000','Pulmonologist'),('DOC_47228','Billie Mattson','9497667759','Nephrologist'),('DOC_47367','Joan Radcliffe','9375842197','Nephrologist'),('DOC_47398','Annie Jessie','9336313201','Ophthalmologists'),('DOC_47418','Eric Wiltse','9042187919','Hepatologist'),('DOC_47494','Justin Gale','9421027817','Ophthalmologists'),('DOC_47648','Ella Hawk','9173128425','Cardiovascular'),('DOC_47924','Michael Shears','9792884484','Ophthalmologists'),('DOC_47938','Timothy Pelletier','9409688381','Others'),('DOC_48244','Darryl Self','9054005262','Others'),('DOC_4825','Gina Glass','9088045538','Others'),('DOC_48308','Gina Perigo','9531281957','Ophthalmologists'),('DOC_48315','James Newton','9012197744','Others'),('DOC_48431','Mary Mccormack','9955854822','Others'),('DOC_48519','Shirley Lank','9391891109','Hepatologist'),('DOC_48702','Elsie Dumas','9095622728','Hepatologist'),('DOC_4876','Johnny Alford','9198120156','Hepatologist'),('DOC_49046','Matthew Falbo','9187399348','Ophthalmologists'),('DOC_49066','Jaime Patton','9466101552','Others'),('DOC_49105','Maurine Duran','9403546650','Others'),('DOC_49132','Helen Capehart','9009190084','Nephrologist'),('DOC_49155','Larry Belcher','9527156205','Cardiovascular'),('DOC_49269','Matthew Eiselein','9485653904','Others'),('DOC_49286','Hazel Pierce','9683141676','Ophthalmologists'),('DOC_49634','Ernest Pace','9767056442','Nephrologist'),('DOC_49681','Brad Miller','9520020541','Gastroenterologist'),('DOC_49709','Garland Seldon','9447315195','Pulmonologist'),('DOC_49817','Nancy Williams','9434489129','Ophthalmologists'),('DOC_49838','Patricia Lee','9606143995','Hepatologist'),('DOC_4989','Jacob Rosa','9813799061','Pulmonologist'),('DOC_49904','Dana Leslie','9541948187','Pulmonologist'),('DOC_49925','Nina Schauer','9885232077','Cardiovascular'),('DOC_49941','Mary Marquez','9192328164','Gastroenterologist'),('DOC_49996','Robert Dayton','9122085435','Cardiovascular'),('DOC_50041','Ernesto Kay','9511189364','Gastroenterologist'),('DOC_50046','Opal Scales','9168581846','Cardiovascular'),('DOC_50250','Diane Jackson','9071594213','Hepatologist'),('DOC_50359','George Mills','9354786261','Hepatologist'),('DOC_50379','Lewis Washington','9335837952','Cardiovascular'),('DOC_50440','Ingrid Stroud','9728108789','Ophthalmologists'),('DOC_50589','Jason Brown','9545980945','Cardiovascular'),('DOC_50667','Ruby Fennell','9888125043','Nephrologist'),('DOC_5070','Dale Woods','9793869878','Ophthalmologists'),('DOC_50736','Brenda Lehrman','9918631224','Nephrologist'),('DOC_50790','Thomas Harris','9368314002','Pulmonologist'),('DOC_5082','Brian Gray','9712871470','Cardiovascular'),('DOC_51210','Alice Sumter','9637191604','Gastroenterologist'),('DOC_51250','Mark Wilson','9044434076','Others'),('DOC_51400','Judy Hammond','9573957774','Gastroenterologist'),('DOC_51442','Michael Cox','9467660135','Nephrologist'),('DOC_51443','Jose Masuda','9309126935','Ophthalmologists'),('DOC_51512','Leroy Ford','9041848547','Ophthalmologists'),('DOC_51547','Nina Jordan','9437705151','Others'),('DOC_51742','David Molon','9313197121','Others'),('DOC_51784','Patricia Ngo','9569563470','Gastroenterologist'),('DOC_51803','Paul Fullmer','9412847850','Ophthalmologists'),('DOC_52045','Ben Mauro','9266978793','Pulmonologist'),('DOC_52087','Stephanie Marshall','9996156989','Cardiovascular'),('DOC_52127','Evelyn Williams','9492491783','Gastroenterologist'),('DOC_5214','Nancy Nunamaker','9740571841','Nephrologist'),('DOC_52140','Richard Burgess','9738017837','Gastroenterologist'),('DOC_52149','Norma Storm','9430458236','Ophthalmologists'),('DOC_52275','Kenneth Mitchell','9722393712','Gastroenterologist'),('DOC_52408','Christie Hines','9781139713','Ophthalmologists'),('DOC_52438','Harold Johnson','9730943217','Ophthalmologists'),('DOC_52515','Timothy Jean','9555020218','Hepatologist'),('DOC_52538','Twila Harteau','9210546946','Gastroenterologist'),('DOC_5275','Robert Robinson','9201851054','Hepatologist'),('DOC_5284','John Beck','9253103869','Nephrologist'),('DOC_52872','Raquel Eaton','9880994191','Others'),('DOC_5289','Jeffrey Bremmer','9327977014','Cardiovascular'),('DOC_53060','Michelle Parker','9132905537','Pulmonologist'),('DOC_53110','Claire Johnson','9889861211','Hepatologist'),('DOC_53207','Thomas Robinson','9585363911','Ophthalmologists'),('DOC_5325','Samuel Moses','9623807164','Others'),('DOC_53250','Roberta Labeau','9110258611','Hepatologist'),('DOC_53282','Earline Morgan','9620627811','Cardiovascular'),('DOC_53370','James Isaacson','9485792087','Others'),('DOC_53442','Lisa Merriweather','9959823816','Ophthalmologists'),('DOC_53495','Kevin Cefalu','9467829677','Nephrologist'),('DOC_53549','Ronald Hansen','9214998504','Others'),('DOC_53557','Lois Squier','9903179501','Cardiovascular'),('DOC_53627','John Duncan','9343449428','Ophthalmologists'),('DOC_53765','Kevin Hernandez','9970715049','Ophthalmologists'),('DOC_53781','Kimberly Gonsalez','9219087836','Others'),('DOC_53969','Mark Kent','9440039959','Others'),('DOC_54200','John Varela','9278815964','Others'),('DOC_54242','Benjamin Gow','9724364208','Others'),('DOC_54277','Karen King','9712999494','Cardiovascular'),('DOC_54313','Robert Fraser','9522424896','Ophthalmologists'),('DOC_54347','Margaret Huffman','9636949308','Ophthalmologists'),('DOC_54431','Tricia Erps','9040019996','Cardiovascular'),('DOC_54452','Joseph Whelan','9788977010','Gastroenterologist'),('DOC_54460','Nicole Mirabal','9676409720','Pulmonologist'),('DOC_54630','Thomas Owens','9862623009','Cardiovascular'),('DOC_54655','Teresa Mcmillan','9754355001','Pulmonologist'),('DOC_54660','Lori Douglas','9035772854','Others'),('DOC_54672','Raymond Olufson','9232516579','Others'),('DOC_54743','William Hutchinson','9512561426','Pulmonologist'),('DOC_55010','Cory Oelze','9485293580','Nephrologist'),('DOC_55089','Noreen Sorbello','9114591047','Pulmonologist'),('DOC_55409','Mary Grigg','9238090447','Gastroenterologist'),('DOC_55562','Clifton Hood','9696834604','Others'),('DOC_5557','Martha Baker','9310300833','Cardiovascular'),('DOC_55627','Donald Kisicki','9423249948','Others'),('DOC_55758','Lori Gillenwaters','9748451149','Gastroenterologist'),('DOC_55837','Glady Vetter','9724900828','Ophthalmologists'),('DOC_55942','Susan Roark','9584181473','Nephrologist'),('DOC_55999','Jane Wong','9730976941','Pulmonologist'),('DOC_56068','Laura Furness','9675396865','Hepatologist'),('DOC_56102','Matthew Sims','9516169119','Ophthalmologists'),('DOC_56210','Louise Mcgee','9301458114','Hepatologist'),('DOC_56279','Lillian Curry','9970943990','Cardiovascular'),('DOC_56295','Jeanne Fleming','9970656320','Hepatologist'),('DOC_56406','Kenneth Wright','9897183064','Pulmonologist'),('DOC_56418','Keith Donovan','9940785096','Pulmonologist'),('DOC_5642','Julie Gonzalez','9849554053','Others'),('DOC_56436','Esther Castro','9095293910','Hepatologist'),('DOC_56645','Eleanor Rothfeld','9419492760','Others'),('DOC_56720','Betty Dell','9393341948','Pulmonologist'),('DOC_5680','Charles Muniz','9630586325','Ophthalmologists'),('DOC_56875','Matthew Mccarver','9850645988','Gastroenterologist'),('DOC_57051','Sharon Hummel','9742526410','Others'),('DOC_57071','Jose Sharrow','9527682924','Gastroenterologist'),('DOC_57121','Richard Watts','9166230882','Nephrologist'),('DOC_57149','Viola Baker','9433356444','Pulmonologist'),('DOC_57225','Humberto Stewart','9495157700','Hepatologist'),('DOC_57263','Deborah Hicks','9461373640','Ophthalmologists'),('DOC_57360','William Knepper','9810075325','Hepatologist'),('DOC_57398','Katherine Kochan','9925815370','Others'),('DOC_57400','Christine Crigger','9779831244','Cardiovascular'),('DOC_57445','Paul Parrish','9548811633','Hepatologist'),('DOC_57496','Jason Danielson','9069278227','Nephrologist'),('DOC_57713','Olivia Mercedes','9577805838','Gastroenterologist'),('DOC_57810','Lisa Withers','9384845205','Nephrologist'),('DOC_57973','Cameron Harris','9314437690','Nephrologist'),('DOC_57979','Victor Barnes','9598791867','Ophthalmologists'),('DOC_5820','Jose Goins','9302833336','Ophthalmologists'),('DOC_58211','Todd Felps','9666014389','Gastroenterologist'),('DOC_58361','Daryl Williams','9888038534','Hepatologist'),('DOC_58420','Maribel Vigil','9775167731','Gastroenterologist'),('DOC_58423','Carl Brock','9018318063','Gastroenterologist'),('DOC_58461','Maria Morin','9819893386','Nephrologist'),('DOC_58495','Joan Lawson','9453718829','Ophthalmologists'),('DOC_58722','Sally Browning','9700044706','Pulmonologist'),('DOC_59154','Esther Sievers','9120202332','Pulmonologist'),('DOC_59200','Eda Sanchez','9971920931','Cardiovascular'),('DOC_59323','Theresa Zeigler','9730263793','Others'),('DOC_59637','Elsie Henderson','9691443947','Others'),('DOC_59812','Bobbie Register','9606417232','Nephrologist'),('DOC_59958','Justine Silva','9647612187','Ophthalmologists'),('DOC_60007','Allan Kahl','9961646491','Nephrologist'),('DOC_6004','Tiffany Witters','9976091793','Pulmonologist'),('DOC_60077','James Meli','9779189029','Cardiovascular'),('DOC_60225','Bennie Stalnaker','9472731083','Gastroenterologist'),('DOC_60248','Ronald Clarno','9664071921','Hepatologist'),('DOC_60329','Sheldon Zappala','9664266773','Nephrologist'),('DOC_60635','Evelia Ramirez','9390174412','Pulmonologist'),('DOC_6064','Becky Bane','9780149074','Others'),('DOC_60749','Stephanie Rushing','9097354589','Ophthalmologists'),('DOC_60806','Kevin Browning','9949686710','Others'),('DOC_60838','Yolanda Russell','9511632996','Cardiovascular'),('DOC_61115','Horace Negron','9747575486','Pulmonologist'),('DOC_61160','Kelly Icardo','9821077428','Pulmonologist'),('DOC_61181','Angelena Tolbert','9193160643','Hepatologist'),('DOC_61189','Carroll Cohen','9656591957','Ophthalmologists'),('DOC_61222','Michelle Hagins','9321011669','Gastroenterologist'),('DOC_61308','Patricia Baker','9600200985','Cardiovascular'),('DOC_61477','Barbara Monge','9788646856','Pulmonologist'),('DOC_61585','Sharon Forson','9778189658','Ophthalmologists'),('DOC_61774','John Stapleton','9793493507','Nephrologist'),('DOC_61966','George Prieto','9491449013','Pulmonologist'),('DOC_61985','Kenneth Campbell','9784086064','Cardiovascular'),('DOC_61999','Jerrica Swartz','9436107015','Cardiovascular'),('DOC_62057','Lois Toupin','9165101487','Cardiovascular'),('DOC_6222','Margaret Conatser','9434682187','Ophthalmologists'),('DOC_6234','Shanon Heck','9059967725','Hepatologist'),('DOC_62521','Peter Thao','9659972253','Pulmonologist'),('DOC_62544','Audrey Elliott','9342057428','Cardiovascular'),('DOC_62696','Jerome Sheridan','9018855858','Cardiovascular'),('DOC_62708','Holly Trevino','9576832617','Gastroenterologist'),('DOC_62780','Felix Cleveland','9752805552','Hepatologist'),('DOC_62893','Katherine Aquilina','9342579010','Gastroenterologist'),('DOC_63020','Timothy Currier','9212729432','Nephrologist'),('DOC_63245','Frank Glover','9252272467','Pulmonologist'),('DOC_63507','Nicole Ward','9972715364','Gastroenterologist'),('DOC_63508','Annie Harsh','9585824601','Nephrologist'),('DOC_63512','Heidi Austin','9521382835','Pulmonologist'),('DOC_636','Catherine Johnson','9818015093','Hepatologist'),('DOC_63714','Mary Turney','9633845293','Cardiovascular'),('DOC_63752','Shirley Flynn','9452177037','Ophthalmologists'),('DOC_63958','Darren Cockrell','9150331439','Nephrologist'),('DOC_64071','Alan Skinner','9913236871','Pulmonologist'),('DOC_64676','Kristen Miller','9868646135','Pulmonologist'),('DOC_64791','Robert Mccoy','9430876410','Cardiovascular'),('DOC_64913','Roslyn Jacobson','9487592098','Gastroenterologist'),('DOC_65050','Roberta Tatro','9657281239','Nephrologist'),('DOC_65143','Sheila Baird','9751801878','Others'),('DOC_65174','Robert Mccarty','9821188864','Pulmonologist'),('DOC_65221','Robert Gonzalez','9329755830','Ophthalmologists'),('DOC_65281','Libby Blythe','9504004557','Cardiovascular'),('DOC_65293','Tina Mcknight','9911939491','Pulmonologist'),('DOC_6533','Louis Herron','9812835306','Others'),('DOC_65334','Bobby Brake','9970215969','Cardiovascular'),('DOC_6535','Jaclyn Smith','9114706198','Nephrologist'),('DOC_65537','James Wilcox','9182452451','Hepatologist'),('DOC_65588','Joe Jennings','9877829211','Hepatologist'),('DOC_65591','John Warnock','9404783554','Ophthalmologists'),('DOC_65784','Kenneth Shearing','9522528961','Pulmonologist'),('DOC_65800','Kyle Chang','9664214841','Others'),('DOC_65827','Delfina Delvalle','9819969438','Pulmonologist'),('DOC_66132','Owen King','9212439165','Others'),('DOC_66168','Kathryn Smith','9800933794','Nephrologist'),('DOC_66598','Darlene Bailey','9740628622','Gastroenterologist'),('DOC_66635','Joseph Mckinney','9820061483','Hepatologist'),('DOC_66664','David Tripp','9780093321','Cardiovascular'),('DOC_66720','Derrick Deloach','9716987016','Pulmonologist'),('DOC_66765','Jesus Brazile','9331857077','Hepatologist'),('DOC_66814','Maurice Villegas','9500779022','Hepatologist'),('DOC_66824','Orville Prewitt','9770017551','Nephrologist'),('DOC_66958','Kim Charpentier','9650123998','Pulmonologist'),('DOC_66982','Steven Berryman','9791716463','Ophthalmologists'),('DOC_66998','Joseph Harris','9784746035','Cardiovascular'),('DOC_67086','Michael Chavez','9975726848','Ophthalmologists'),('DOC_67131','Stella Akins','9527790287','Hepatologist'),('DOC_67151','Sharon Taylor','9112816783','Nephrologist'),('DOC_6722','Heather Urbina','9825364073','Cardiovascular'),('DOC_67284','Michael Herreras','9705733418','Gastroenterologist'),('DOC_67368','David Jebb','9489548906','Gastroenterologist'),('DOC_67547','Linda Salgado','9197984556','Cardiovascular'),('DOC_67577','Barbara Lynch','9089741115','Gastroenterologist'),('DOC_67620','Deborah Miller','9895464496','Ophthalmologists'),('DOC_67631','Carol Shannon','9924265464','Nephrologist'),('DOC_67812','Virginia Bailey','9593144448','Nephrologist'),('DOC_67925','Robert Mauro','9331337365','Gastroenterologist'),('DOC_67941','Elisabeth Billings','9042328372','Hepatologist'),('DOC_68037','Elizabeth Martin','9801312936','Others'),('DOC_68094','Shirley Mckenzie','9257500920','Hepatologist'),('DOC_68117','Benjamin Combs','9422247444','Ophthalmologists'),('DOC_6812','Nathaniel Barbieri','9849889866','Pulmonologist'),('DOC_682','Jennifer Smith','9093281313','Hepatologist'),('DOC_6829','Joe Cantrell','9997941339','Hepatologist'),('DOC_68302','Howard Ayers','9472065210','Ophthalmologists'),('DOC_68347','Lola Freeman','9739240124','Gastroenterologist'),('DOC_6845','Lucie Reed','9896214201','Gastroenterologist'),('DOC_68469','Anne Rutan','9569196368','Gastroenterologist'),('DOC_68511','Sharon Burger','9757266197','Hepatologist'),('DOC_68571','Cordia Howard','9031752032','Hepatologist'),('DOC_68615','Gerald Depew','9740286349','Gastroenterologist'),('DOC_68735','Ann Schwartz','9204833070','Gastroenterologist'),('DOC_68754','Shirley Wilson','9319263871','Ophthalmologists'),('DOC_68774','Dora Lemire','9076444900','Hepatologist'),('DOC_68845','Candy Wells','9662752006','Gastroenterologist'),('DOC_69094','Jorge Lindsey','9028166341','Gastroenterologist'),('DOC_69186','Elizabeth Kessler','9641229249','Cardiovascular'),('DOC_69187','Dianna Pitts','9927501367','Pulmonologist'),('DOC_69236','Linda Martin','9274298514','Nephrologist'),('DOC_69308','Nathan Foster','9996802615','Gastroenterologist'),('DOC_69375','Linda Beck','9300006305','Gastroenterologist'),('DOC_69457','Amy Brunk','9639901436','Ophthalmologists'),('DOC_69474','William Cook','9532613633','Nephrologist'),('DOC_69498','Linda Cashman','9781479297','Hepatologist'),('DOC_69703','Chris Phariss','9954658013','Gastroenterologist'),('DOC_69803','Amber Cole','9172176627','Hepatologist'),('DOC_69814','Athena Hoston','9662189670','Nephrologist'),('DOC_69855','Michael Camp','9703091930','Nephrologist'),('DOC_69924','Mary Huang','9368356691','Cardiovascular'),('DOC_70148','Christopher Golden','9077588926','Pulmonologist'),('DOC_70165','Carol Fennell','9353218568','Others'),('DOC_70188','Charlie Britt','9135614227','Others'),('DOC_70205','Jeffrey Meinzer','9977162939','Cardiovascular'),('DOC_70206','Douglas Corchado','9394873893','Nephrologist'),('DOC_70207','Cindy Blazek','9064256956','Ophthalmologists'),('DOC_7026','Melissa Mosholder','9514802293','Others'),('DOC_70270','Stanton Nguyen','9806103191','Gastroenterologist'),('DOC_7028','Jeffrey Jones','9703372101','Nephrologist'),('DOC_70378','Betty Eppler','9530708932','Cardiovascular'),('DOC_70488','Rebecca Marschke','9459542405','Cardiovascular'),('DOC_70527','Sheryl Allen','9435633904','Hepatologist'),('DOC_70612','Robin Temple','9234665482','Others'),('DOC_70851','John Rikard','9937021349','Cardiovascular'),('DOC_70857','Bradley Fields','9275569184','Gastroenterologist'),('DOC_70870','Jessica Sanders','9966150734','Nephrologist'),('DOC_70895','Colleen Peck','9034126048','Gastroenterologist'),('DOC_71119','Brian Serrano','9250025642','Cardiovascular'),('DOC_71239','Joy Didonna','9054747348','Hepatologist'),('DOC_71958','Willie Tran','9180995530','Nephrologist'),('DOC_71986','Aaron Humes','9681241252','Gastroenterologist'),('DOC_72066','Leonard Goldblatt','9208649768','Cardiovascular'),('DOC_72138','Rosa Miller','9748277932','Pulmonologist'),('DOC_72206','David Prinz','9294382781','Gastroenterologist'),('DOC_72260','Dennis Mayo','9790017364','Gastroenterologist'),('DOC_72390','Norma Green','9693311941','Gastroenterologist'),('DOC_72395','Dorothy Volk','9186051637','Others'),('DOC_724','Shannon Carter','9202713360','Cardiovascular'),('DOC_72513','Cheryl Joseph','9764521661','Pulmonologist'),('DOC_7252','Alexis Smith','9185313435','Gastroenterologist'),('DOC_72524','Bradley Fessler','9316625055','Cardiovascular'),('DOC_72839','Eloisa Valdes','9547504833','Cardiovascular'),('DOC_72975','Diana Wray','9597782946','Others'),('DOC_72987','Randell Steenken','9226879312','Cardiovascular'),('DOC_73064','Lloyd Mckenzie','9535483555','Nephrologist'),('DOC_7307','Carol Kelley','9282026229','Nephrologist'),('DOC_73117','Peter Bollinger','9619835058','Nephrologist'),('DOC_73178','Robert Mcdonald','9026262328','Ophthalmologists'),('DOC_73187','Evelyn Papa','9475061597','Nephrologist'),('DOC_73243','Sonja Mcdaniel','9648152851','Gastroenterologist'),('DOC_73249','Ricky Williams','9834326243','Gastroenterologist'),('DOC_73276','Mamie Williams','9244835655','Cardiovascular'),('DOC_73396','James Nelson','9576791119','Hepatologist'),('DOC_73413','Rex Townsend','9023083724','Gastroenterologist'),('DOC_73424','William Davenport','9249224589','Others'),('DOC_73442','Kevin Burns','9268606182','Nephrologist'),('DOC_73562','Andrew Craven','9972150654','Others'),('DOC_7369','Jack Doe','9035354643','Cardiovascular'),('DOC_73787','Gary Lewis','9712373529','Gastroenterologist'),('DOC_73886','Marshall Wright','9553422777','Hepatologist'),('DOC_73939','Andre Stevenson','9003524370','Ophthalmologists'),('DOC_74141','Leslie Nails','9565876056','Ophthalmologists'),('DOC_74173','Colin Gabbard','9875960105','Cardiovascular'),('DOC_74193','Melissa Moore','9465051193','Cardiovascular'),('DOC_74217','Nell Valle','9134259471','Ophthalmologists'),('DOC_74449','Joyce Tillman','9364385691','Cardiovascular'),('DOC_74557','Nathan Mejia','9855233570','Hepatologist'),('DOC_74758','Craig Harmon','9276535779','Gastroenterologist'),('DOC_74780','Susan Juenemann','9355780332','Hepatologist'),('DOC_74852','Audry Yoon','9142136967','Ophthalmologists'),('DOC_74918','Juan Hutt','9793029191','Nephrologist'),('DOC_7492','Nancy Adams','9082891103','Ophthalmologists'),('DOC_75041','Betty Guzman','9204706150','Gastroenterologist'),('DOC_75114','Andy Walker','9104406210','Cardiovascular'),('DOC_75156','Kimberly Fondren','9430041808','Cardiovascular'),('DOC_75158','John Damore','9963580234','Hepatologist'),('DOC_75268','Walter Massa','9567215574','Gastroenterologist'),('DOC_75668','David Stewart','9106458116','Cardiovascular'),('DOC_7569','Kristen Butler','9445565033','Pulmonologist'),('DOC_75721','Pamela Turner','9594025462','Others'),('DOC_7578','Margarite Mcclanahan','9982356537','Hepatologist'),('DOC_75902','Domenic Cerullo','9107346171','Hepatologist'),('DOC_7597','Rachael Sherrill','9703408990','Others'),('DOC_76199','Aaron Merrick','9652751242','Others'),('DOC_7631','Jean Tardif','9168219726','Ophthalmologists'),('DOC_76319','Sandra Kyser','9274821551','Nephrologist'),('DOC_76343','Anthony Fornili','9630382015','Nephrologist'),('DOC_76765','Abigail Everhart','9083134787','Ophthalmologists'),('DOC_7684','Vito Sutton','9322655559','Ophthalmologists'),('DOC_7695','Debora Winchell','9073968949','Cardiovascular'),('DOC_76964','Lawrence Sider','9003856982','Gastroenterologist'),('DOC_77175','Kristen Prewitt','9915260657','Nephrologist'),('DOC_77254','Francine Smith','9519385296','Pulmonologist'),('DOC_7741','Sadie Garcia','9194551400','Others'),('DOC_77573','Alton Hess','9893457805','Nephrologist'),('DOC_77747','Tania Matthews','9941613350','Pulmonologist'),('DOC_7778','Kyle Quirin','9044050123','Nephrologist'),('DOC_7779','John Ryan','9229402646','Nephrologist'),('DOC_7782','Susan Coleman','9580086074','Nephrologist'),('DOC_77861','Mary Conover','9276647593','Hepatologist'),('DOC_77870','David Bruch','9122806275','Cardiovascular'),('DOC_78222','Betty Janak','9890040968','Hepatologist'),('DOC_78360','Timothy Baker','9178934798','Nephrologist'),('DOC_78658','Rachel Simons','9340156649','Ophthalmologists'),('DOC_78800','Stephen Soucy','9370778157','Ophthalmologists'),('DOC_78908','Ronald Montanez','9561591839','Ophthalmologists'),('DOC_78926','Nichole Abarca','9866042646','Ophthalmologists'),('DOC_79062','Raymond Forrester','9092182146','Pulmonologist'),('DOC_79155','Jorge Brooks','9748360733','Ophthalmologists'),('DOC_79449','Robert Hebert','9465820710','Cardiovascular'),('DOC_79500','Julia Lopez','9656071406','Ophthalmologists'),('DOC_79538','Betty Nabzdyk','9113924097','Cardiovascular'),('DOC_79631','Gabriele Huggins','9558277607','Nephrologist'),('DOC_79667','Ann Armstrong','9978024865','Gastroenterologist'),('DOC_79703','Tom Ross','9679356663','Hepatologist'),('DOC_79753','Michael Coryell','9935696041','Pulmonologist'),('DOC_80002','Thomas Kissinger','9515934261','Cardiovascular'),('DOC_80129','Leigh Trombley','9206056458','Hepatologist'),('DOC_80338','Warren Bailey','9321068814','Cardiovascular'),('DOC_80384','Ana Timm','9705424542','Hepatologist'),('DOC_8046','Thomas Goldman','9344388902','Cardiovascular'),('DOC_80565','Joetta Martin','9083600628','Others'),('DOC_80656','Hazel Igbinosun','9196488733','Pulmonologist'),('DOC_81132','Margaret Johnson','9758431482','Others'),('DOC_81266','Sandy Medina','9612633826','Gastroenterologist'),('DOC_81381','Tina Bisson','9752452569','Cardiovascular'),('DOC_81394','Amber Carrasco','9916352656','Pulmonologist'),('DOC_81428','Christin Mcdaniel','9845865818','Ophthalmologists'),('DOC_81446','Matthew Williams','9223387061','Cardiovascular'),('DOC_81528','John Moers','9177722748','Ophthalmologists'),('DOC_81587','Sherry Myers','9355723538','Cardiovascular'),('DOC_81667','Terry Teague','9607052761','Cardiovascular'),('DOC_81694','John Davis','9871090930','Others'),('DOC_81749','Kristen Sledge','9465620061','Gastroenterologist'),('DOC_82004','Robert Hall','9914776409','Ophthalmologists'),('DOC_82039','Alonzo Carp','9405060989','Others'),('DOC_82135','Dorothy Dominguez','9927348632','Gastroenterologist'),('DOC_82155','Renee Cobham','9759683501','Gastroenterologist'),('DOC_82244','Glen Stead','9268068951','Ophthalmologists'),('DOC_82333','Marjorie Lachenauer','9683356318','Pulmonologist'),('DOC_82361','John Aldrete','9548663844','Hepatologist'),('DOC_82460','Mary Carroll','9153866259','Ophthalmologists'),('DOC_8271','Mary Hutton','9430850954','Others'),('DOC_8289','Ben Russell','9697055470','Cardiovascular'),('DOC_82913','Shelia Champion','9026977791','Cardiovascular'),('DOC_82956','Renee Tyler','9852302444','Pulmonologist'),('DOC_83085','Alexander Davis','9075907502','Hepatologist'),('DOC_8314','Adele Daley','9326997060','Hepatologist'),('DOC_83170','Judith Beck','9689950858','Pulmonologist'),('DOC_83678','Gabriel Magee','9267175319','Others'),('DOC_83715','Theresa White','9324587582','Hepatologist'),('DOC_83725','Willie Johnson','9064711709','Nephrologist'),('DOC_83779','Frank Dupont','9332861636','Pulmonologist'),('DOC_83845','Wanda Grignon','9642440360','Nephrologist'),('DOC_83876','Robert Fontaine','9006922877','Hepatologist'),('DOC_84028','Stephen Woodruff','9003060654','Hepatologist'),('DOC_84041','Helen Small','9499810178','Hepatologist'),('DOC_8405','Jeannette Murphy','9598053654','Gastroenterologist'),('DOC_84215','Molly Lemke','9884400988','Cardiovascular'),('DOC_84240','Sherri Viverette','9683499742','Hepatologist'),('DOC_84324','Kathryn Sammons','9540957806','Nephrologist'),('DOC_84439','Winston Wedgewood','9912693758','Cardiovascular'),('DOC_84745','Lora Lafleur','9650144476','Ophthalmologists'),('DOC_84844','Russell Hernandez','9426074202','Pulmonologist'),('DOC_84850','Crystal Rayford','9127092550','Pulmonologist'),('DOC_85059','Marion Enochs','9492266637','Others'),('DOC_85149','Carmen Swan','9273844960','Others'),('DOC_85226','Dorothy Anderson','9266053943','Gastroenterologist'),('DOC_85320','Samuel Stiles','9824145914','Ophthalmologists'),('DOC_85497','Carl Saucedo','9017512813','Gastroenterologist'),('DOC_8555','Etta Kurth','9520953444','Cardiovascular'),('DOC_85672','Jeffrey Smith','9323684086','Ophthalmologists'),('DOC_85709','Joyce Whittenberg','9474007933','Nephrologist'),('DOC_85826','Valarie Oliphant','9103669215','Hepatologist'),('DOC_85827','Ethel Moore','9483349298','Pulmonologist'),('DOC_85895','Pearl Wren','9881218211','Ophthalmologists'),('DOC_85975','Melvina Hartrick','9237749711','Hepatologist'),('DOC_8610','Viola Manuel','9390294280','Cardiovascular'),('DOC_863','Amelia Vargas','9653404493','Cardiovascular'),('DOC_86369','Allan Schultz','9158114905','Gastroenterologist'),('DOC_86409','Steve Hartung','9821141932','Ophthalmologists'),('DOC_86501','Gary Wheeler','9328219288','Nephrologist'),('DOC_86596','Mathew Waldron','9605741802','Others'),('DOC_86617','Julia Weidert','9345990051','Gastroenterologist'),('DOC_86666','Karen Nielson','9684963782','Others'),('DOC_86725','Carol Cantrell','9379290473','Cardiovascular'),('DOC_86807','Scott Kidd','9631222318','Ophthalmologists'),('DOC_86844','Edward Miller','9732405821','Others'),('DOC_86858','Selene Harriott','9341150080','Hepatologist'),('DOC_86896','Richard Ware','9742581969','Hepatologist'),('DOC_86904','Mary Cannon','9178357357','Cardiovascular'),('DOC_86907','Morgan Scott','9705219647','Others'),('DOC_87065','Ronald Emme','9543015710','Gastroenterologist'),('DOC_8717','David Grothe','9911997416','Others'),('DOC_87244','Jennifer Greis','9676303759','Ophthalmologists'),('DOC_87429','Janice Roberson','9846163554','Pulmonologist'),('DOC_8757','Jorge Moreau','9865978815','Gastroenterologist'),('DOC_87624','Katherine Richards','9089899815','Pulmonologist'),('DOC_87701','Dorothy Cassady','9928497398','Cardiovascular'),('DOC_87806','Philip Burgess','9989309664','Pulmonologist'),('DOC_87828','Theresa Saldana','9586954502','Gastroenterologist'),('DOC_87833','James Bunch','9694678304','Ophthalmologists'),('DOC_87954','Cristobal Hamer','9415443797','Gastroenterologist'),('DOC_88056','Gail Steen','9552923833','Hepatologist'),('DOC_8810','Albert Kutz','9966360219','Ophthalmologists'),('DOC_88143','Laura Sikes','9555270702','Hepatologist'),('DOC_88267','Candice Marsh','9888288759','Hepatologist'),('DOC_88349','Elsie Ventura','9014736920','Pulmonologist'),('DOC_88408','Donald Taylor','9775734902','Cardiovascular'),('DOC_88483','Martin Pankow','9995310923','Nephrologist'),('DOC_88619','Victoria Luther','9903118972','Others'),('DOC_88880','Frances Zenon','9810734690','Others'),('DOC_88979','Maurice Snider','9140205927','Nephrologist'),('DOC_88994','Emma Bankston','9732203564','Hepatologist'),('DOC_89087','Randy Cotton','9690591670','Gastroenterologist'),('DOC_89099','John Greene','9910535902','Cardiovascular'),('DOC_89109','Elizabeth Edwards','9485764817','Others'),('DOC_89126','Jason Sledge','9376980157','Cardiovascular'),('DOC_89215','Joseph Bernard','9945322905','Ophthalmologists'),('DOC_89223','James Dotson','9992101535','Nephrologist'),('DOC_89244','Angie Salos','9549568635','Cardiovascular'),('DOC_89484','Michele Drury','9293190875','Hepatologist'),('DOC_89549','Rolland Campbell','9713296981','Pulmonologist'),('DOC_89917','Pamela Valero','9012814834','Cardiovascular'),('DOC_89933','Laurie Williams','9358760940','Hepatologist'),('DOC_89940','Twyla Pearson','9337143065','Nephrologist'),('DOC_89957','William Cooper','9482652877','Pulmonologist'),('DOC_90010','Tania Zanella','9004535163','Pulmonologist'),('DOC_9031','Markita Snow','9457697339','Nephrologist'),('DOC_90446','Betty Rice','9393971493','Ophthalmologists'),('DOC_90495','Ruby Knight','9766056289','Cardiovascular'),('DOC_90531','Terrell Pettit','9957901780','Others'),('DOC_9068','Michael Guerra','9154552890','Gastroenterologist'),('DOC_90733','Kelvin Bello','9004514977','Cardiovascular'),('DOC_91269','Joseph Joseph','9659998446','Others'),('DOC_91286','Carmen Black','9244433333','Others'),('DOC_91439','Genaro Taegel','9871569272','Hepatologist'),('DOC_91710','Shane Williams','9813571482','Pulmonologist'),('DOC_91795','Amanda Davis','9256880977','Others'),('DOC_91863','Erma Lamm','9417772877','Hepatologist'),('DOC_91930','Mike Ferra','9472002479','Gastroenterologist'),('DOC_91937','Joelle Krulik','9082292450','Hepatologist'),('DOC_92022','Roman Harmon','9996873910','Ophthalmologists'),('DOC_92083','Sara Moore','9058164683','Nephrologist'),('DOC_92170','Jayme Joy','9480300339','Gastroenterologist'),('DOC_92347','Margaret Acevedo','9668613399','Gastroenterologist'),('DOC_92355','Claude Smith','9056998187','Ophthalmologists'),('DOC_92519','Lucas Sigman','9676993152','Nephrologist'),('DOC_92532','Manuel Reyes','9474283290','Pulmonologist'),('DOC_92565','Gregory Iler','9957145225','Pulmonologist'),('DOC_92624','Derek Resendez','9187270016','Nephrologist'),('DOC_92681','Connie Bennett','9362423125','Ophthalmologists'),('DOC_92843','Juan Christenberry','9212118889','Nephrologist'),('DOC_92891','Brian Leblanc','9476896904','Others'),('DOC_92943','Roberta Hampton','9832726016','Nephrologist'),('DOC_9306','Irene Hayes','9387903151','Pulmonologist'),('DOC_93217','Patricia Murray','9138566961','Others'),('DOC_9351','Janet Chouteau','9827978106','Nephrologist'),('DOC_9354','Alice Powers','9195673545','Cardiovascular'),('DOC_93662','Mary Dobson','9204666988','Cardiovascular'),('DOC_93680','Guy Bennett','9180025712','Ophthalmologists'),('DOC_93715','Edward Jaramillo','9134373093','Nephrologist'),('DOC_93786','Ruth Underwood','9080438939','Gastroenterologist'),('DOC_93898','Maxine Stroh','9232853305','Hepatologist'),('DOC_93922','Jamie Powers','9075877647','Cardiovascular'),('DOC_94286','Carlene Diaz','9632609160','Pulmonologist'),('DOC_94303','Amanda Riggle','9719710770','Ophthalmologists'),('DOC_94361','David Meaker','9043816566','Ophthalmologists'),('DOC_94413','Paul Sanchez','9612173075','Ophthalmologists'),('DOC_94458','Sophia Serviss','9982911540','Pulmonologist'),('DOC_94475','Phyllis Ballesteros','9074304407','Ophthalmologists'),('DOC_94502','Maud Smith','9893550944','Cardiovascular'),('DOC_94591','Susan Richardson','9762043142','Cardiovascular'),('DOC_94864','Sonny Reyes','9893514662','Ophthalmologists'),('DOC_9494','Gary Azure','9745747401','Cardiovascular'),('DOC_94954','Michael Howard','9045791491','Pulmonologist'),('DOC_9497','Melvin Morris','9915602288','Ophthalmologists'),('DOC_94997','Samuel Garcia','9161594820','Others'),('DOC_95261','Joyce Taylor','9126460769','Nephrologist'),('DOC_95320','Brent Utterback','9196147242','Gastroenterologist'),('DOC_95627','James Justice','9272564406','Hepatologist'),('DOC_95734','Julianne Spillane','9293357688','Hepatologist'),('DOC_95793','Robert Nunnally','9526644964','Others'),('DOC_96014','Robert Franklin','9946386329','Pulmonologist'),('DOC_96645','Lonnie Burkholder','9979885048','Hepatologist'),('DOC_96688','Elizabeth Brook','9951829451','Ophthalmologists'),('DOC_96755','Johnny Cato','9456476836','Nephrologist'),('DOC_96811','Joseph Rankin','9687988364','Cardiovascular'),('DOC_97','Stephanie Rodgers','9948708045','Pulmonologist'),('DOC_97094','Lindsay Baker','9424608656','Ophthalmologists'),('DOC_97186','Anna Watkins','9792188702','Ophthalmologists'),('DOC_97189','David Brown','9266640586','Others'),('DOC_97198','Brittany Harmon','9708897167','Gastroenterologist'),('DOC_97361','Richard Sims','9808413240','Gastroenterologist'),('DOC_97464','Robert Emry','9756581455','Ophthalmologists'),('DOC_97692','Debra Markland','9377970269','Cardiovascular'),('DOC_97846','Beverly Lee','9841152403','Gastroenterologist'),('DOC_97849','Leo Nickles','9389923523','Hepatologist'),('DOC_98098','Samuel Brown','9149482678','Others'),('DOC_98143','Harvey Stanley','9610606809','Gastroenterologist'),('DOC_98355','Thelma Wilkins','9075140827','Nephrologist'),('DOC_98411','Jimmie Bullard','9870867026','Cardiovascular'),('DOC_98539','Randall Goodell','9054453130','Nephrologist'),('DOC_9855','James Oconnell','9535085704','Ophthalmologists'),('DOC_98571','Joseph Madsen','9698933627','Pulmonologist'),('DOC_98659','Mary Guidi','9003146205','Gastroenterologist'),('DOC_98665','Joseph Phillips','9698042957','Pulmonologist'),('DOC_98706','Tiffany Martin','9448715457','Pulmonologist'),('DOC_98739','Deborah Winfield','9947274113','Gastroenterologist'),('DOC_98914','Laverne Rivera','9830086987','Hepatologist'),('DOC_99024','Glen Allen','9793344815','Others'),('DOC_99040','Cynthia Sims','9553477868','Nephrologist'),('DOC_99094','Walter Cochran','9579435009','Gastroenterologist'),('DOC_99210','Laurie Tolles','9227875437','Pulmonologist'),('DOC_99353','Heather Arias','9473490496','Hepatologist'),('DOC_99400','Charles Armentrout','9614678400','Pulmonologist'),('DOC_99403','Alberta Watson','9450939132','Hepatologist'),('DOC_99537','Sara Seals','9870037310','Nephrologist'),('DOC_99631','Willie Crary','9313138205','Gastroenterologist'),('DOC_99647','Alisha Adams','9513958821','Hepatologist'),('DOC_99652','Charles Harlan','9584404539','Gastroenterologist'),('DOC_99668','Numbers Woodbury','9955846934','Others'),('DOC_99752','John Alley','9678280381','Pulmonologist'),('DOC_99759','Carolyn Miller','9172828111','Nephrologist'),('DOC_9996','Virginia Stamper','9111500422','Cardiovascular');
/*!40000 ALTER TABLE `Doctor` ENABLE KEYS */;
UNLOCK TABLES;

--
-- Table structure for table `Donors_Organ`
--

DROP TABLE IF EXISTS `Donors_Organ`;
/*!40101 SET @saved_cs_client     = @@character_set_client */;
/*!40101 SET character_set_client = utf8 */;
CREATE TABLE `Donors_Organ` (
  `DON_id` char(9) DEFAULT NULL,
  `Organ` varchar(20) DEFAULT NULL,
  KEY `DON_id` (`DON_id`),
  CONSTRAINT `Donors_Organ_ibfk_1` FOREIGN KEY (`DON_id`) REFERENCES `Organ_Donor` (`DON_id`)
) ENGINE=InnoDB DEFAULT CHARSET=latin1;
/*!40101 SET character_set_client = @saved_cs_client */;

--
-- Dumping data for table `Donors_Organ`
--

LOCK TABLES `Donors_Organ` WRITE;
/*!40000 ALTER TABLE `Donors_Organ` DISABLE KEYS */;
INSERT INTO `Donors_Organ` VALUES ('DON_507','Pancreas'),('DON_465','Liver'),('DON_463','Kidney'),('DON_504','Kidney'),('DON_589','Pancreas'),('DON_295','Heart'),('DON_541','Heart'),('DON_361','Kidney'),('DON_344','Heart'),('DON_512','Kidney'),('DON_255','Cornea'),('DON_926','Kidney'),('DON_31','Lung'),('DON_386','Cornea'),('DON_305','Cornea'),('DON_203','Kidney'),('DON_896','Kidney'),('DON_749','Lung'),('DON_542','Liver'),('DON_831','Cornea'),('DON_651','Pancreas'),('DON_24','Kidney'),('DON_700','Kidney'),('DON_298','Liver'),('DON_942','Lung'),('DON_887','Lung'),('DON_790','Kidney'),('DON_826','Heart'),('DON_479','Cornea'),('DON_511','Cornea'),('DON_842','Pancreas'),('DON_39','Cornea'),('DON_290','Kidney'),('DON_606','Kidney'),('DON_68','Cornea'),('DON_918','Heart'),('DON_856','Liver'),('DON_415','Heart'),('DON_910','Cornea'),('DON_716','Lung'),('DON_976','Lung'),('DON_296','Cornea'),('DON_158','Kidney'),('DON_320','Lung'),('DON_229','Lung'),('DON_734','Heart'),('DON_940','Kidney'),('DON_101','Liver'),('DON_6','Heart'),('DON_182','Lung'),('DON_964','Heart'),('DON_137','Kidney'),('DON_938','Liver'),('DON_924','Heart'),('DON_357','Heart'),('DON_701','Pancreas'),('DON_314','Heart'),('DON_493','Lung'),('DON_761','Liver'),('DON_37','Liver'),('DON_983','Pancreas'),('DON_150','Cornea'),('DON_140','Pancreas'),('DON_935','Kidney'),('DON_35','Kidney'),('DON_911','Pancreas'),('DON_312','Heart'),('DON_103','Cornea'),('DON_370','Lung'),('DON_640','Kidney'),('DON_508','Liver'),('DON_120','Kidney'),('DON_870','Pancreas'),('DON_292','Heart'),('DON_585','Lung'),('DON_552','Lung'),('DON_220','Lung'),('DON_135','Liver'),('DON_878','Liver'),('DON_791','Kidney'),('DON_337','Lung'),('DON_108','Cornea'),('DON_638','Kidney'),('DON_177','Pancreas'),('DON_654','Lung'),('DON_732','Pancreas'),('DON_880','Heart'),('DON_984','Liver'),('DON_691','Pancreas'),('DON_121','Kidney'),('DON_130','Liver'),('DON_667','Liver'),('DON_245','Liver'),('DON_398','Kidney'),('DON_636','Kidney'),('DON_988','Lung'),('DON_126','Heart'),('DON_580','Kidney'),('DON_769','Kidney'),('DON_90','Cornea'),('DON_803','Heart'),('DON_213','Liver'),('DON_148','Cornea'),('DON_70','Pancreas'),('DON_400','Pancreas'),('DON_623','Liver'),('DON_304','Lung'),('DON_388','Pancreas'),('DON_425','Lung'),('DON_492','Liver');
/*!40000 ALTER TABLE `Donors_Organ` ENABLE KEYS */;
UNLOCK TABLES;

--
-- Table structure for table `Heart`
--

DROP TABLE IF EXISTS `Heart`;
/*!40101 SET @saved_cs_client     = @@character_set_client */;
/*!40101 SET character_set_client = utf8 */;
CREATE TABLE `Heart` (
  `ORGAN_id` char(7) NOT NULL,
  `DON_id` char(9) DEFAULT NULL,
  `PAT_id` char(9) DEFAULT NULL,
  `Matched_id` char(7) DEFAULT NULL,
  `Weight` double NOT NULL,
  PRIMARY KEY (`ORGAN_id`),
  KEY `DON_id` (`DON_id`),
  KEY `PAT_id` (`PAT_id`),
  KEY `Matched_id` (`Matched_id`),
  CONSTRAINT `Heart_ibfk_1` FOREIGN KEY (`DON_id`) REFERENCES `Organ_Donor` (`DON_id`),
  CONSTRAINT `Heart_ibfk_2` FOREIGN KEY (`PAT_id`) REFERENCES `Patient` (`PAT_id`),
  CONSTRAINT `Heart_ibfk_3` FOREIGN KEY (`Matched_id`) REFERENCES `Heart` (`ORGAN_id`)
) ENGINE=InnoDB DEFAULT CHARSET=latin1;
/*!40101 SET character_set_client = @saved_cs_client */;

--
-- Dumping data for table `Heart`
--

LOCK TABLES `Heart` WRITE;
/*!40000 ALTER TABLE `Heart` DISABLE KEYS */;
INSERT INTO `Heart` VALUES ('H000001',NULL,'PAT_386',NULL,265.01054455800465),('H000002',NULL,'PAT_1764',NULL,278.8275613225818),('H000003',NULL,'PAT_2710',NULL,324.7822943451921),('H000004',NULL,'PAT_858',NULL,342.93052596262396),('H000005',NULL,'PAT_2989',NULL,296.54478688505463),('H000006',NULL,'PAT_1244',NULL,379.1913709194862),('H000007',NULL,'PAT_1787',NULL,263.89467614452303),('H000008',NULL,'PAT_2827',NULL,345.24297968227324),('H000009',NULL,'PAT_1356',NULL,328.3912542239775),('H000010',NULL,'PAT_938',NULL,386.64050989220823),('H000011',NULL,'PAT_1775',NULL,315.5244105826476),('H000012',NULL,'PAT_1777',NULL,255.73113527636107),('H000013',NULL,'PAT_1297',NULL,259.4516188394749),('H000014',NULL,'PAT_2341',NULL,394.4076647043711),('H000015',NULL,'PAT_3939',NULL,248.03963509965678),('H000016',NULL,'PAT_934',NULL,332.7375092206498),('H000017',NULL,'PAT_735',NULL,348.0145349405528),('H000018',NULL,'PAT_982',NULL,326.84725549117934),('H000019',NULL,'PAT_3243',NULL,225.71541704824466),('H000020',NULL,'PAT_1435',NULL,327.48577074796674),('H000021',NULL,'PAT_2259',NULL,252.01438325269035),('H000022',NULL,'PAT_3465',NULL,281.3692117607726),('H000023',NULL,'PAT_2865',NULL,353.741287700667),('H000024',NULL,'PAT_1615',NULL,274.58341851244575),('H000025',NULL,'PAT_2637',NULL,290.2354372659488),('H000026',NULL,'PAT_2244',NULL,259.4257989578605),('H000027',NULL,'PAT_168',NULL,224.95143124672475),('H000028',NULL,'PAT_2769',NULL,218.671603525193),('H000029',NULL,'PAT_969',NULL,289.961559690767),('H000030',NULL,'PAT_2819',NULL,213.3442659295828),('H000031',NULL,'PAT_1131',NULL,377.63951238994525),('H000032',NULL,'PAT_2234',NULL,303.8763952262135),('H000033',NULL,'PAT_368',NULL,311.9681264122288),('H000034',NULL,'PAT_2206',NULL,394.51786571197056),('H000035',NULL,'PAT_3203',NULL,327.22848468547886),('H000036',NULL,'PAT_31',NULL,360.66041152781185),('H000037',NULL,'PAT_1869',NULL,225.94435727021985),('H000038',NULL,'PAT_247',NULL,205.9562919217972),('H000039',NULL,'PAT_3000',NULL,332.9603574612986),('H000040',NULL,'PAT_2033',NULL,329.83147539375017),('H000041',NULL,'PAT_114',NULL,204.9096358259229),('H000042',NULL,'PAT_1185',NULL,249.07880659301216),('H000043',NULL,'PAT_1134',NULL,216.02098884468037),('H000044',NULL,'PAT_498',NULL,358.37277013324166),('H000045',NULL,'PAT_1118',NULL,216.83006764704498),('H000046',NULL,'PAT_3522',NULL,349.5049686203773),('H000047',NULL,'PAT_2325',NULL,339.405792777745),('H000048',NULL,'PAT_97',NULL,259.3178977669962),('H000049',NULL,'PAT_223',NULL,266.42241388495097),('H000050',NULL,'PAT_3975',NULL,354.01416360385883),('H000051',NULL,'PAT_1066',NULL,270.18632821224367),('H000052',NULL,'PAT_2375',NULL,328.4465309346863),('H000053',NULL,'PAT_2463',NULL,348.7886765656407),('H000054',NULL,'PAT_1703',NULL,286.17754505561527),('H000055',NULL,'PAT_3448',NULL,338.6988178984229),('H000056',NULL,'PAT_335',NULL,302.94141459589736),('H000057',NULL,'PAT_2650',NULL,304.6303427227682),('H000058',NULL,'PAT_1358',NULL,344.9824434489544),('H000059',NULL,'PAT_3389',NULL,212.37030142993754),('H000060',NULL,'PAT_732',NULL,239.38493486143625),('H000061',NULL,'PAT_919',NULL,204.84925581842873),('H000062',NULL,'PAT_2981',NULL,221.60885517493077),('H000063',NULL,'PAT_1665',NULL,385.7366429742521),('H000064',NULL,'PAT_3492',NULL,389.3460239953497),('H000065',NULL,'PAT_770',NULL,219.21848754911798),('H000066',NULL,'PAT_1017',NULL,322.01735831102144),('H000067',NULL,'PAT_1751',NULL,370.18370592706304),('H000068',NULL,'PAT_3700',NULL,214.82671127344645),('H000069',NULL,'PAT_3802',NULL,263.3669102568034),('H000070',NULL,'PAT_1947',NULL,385.88308541868236),('H000071',NULL,'PAT_3594',NULL,255.5896273693768),('H000072',NULL,'PAT_160',NULL,214.75476196834754),('H000073',NULL,'PAT_141',NULL,319.6488058609023),('H000074','DON_295',NULL,NULL,396.7084411095209),('H000075','DON_541',NULL,NULL,332.47221814959016),('H000076','DON_344',NULL,NULL,263.77808218435644),('H000077','DON_826',NULL,NULL,394.0747030943179),('H000078','DON_918',NULL,NULL,224.6406524862907),('H000079','DON_415',NULL,NULL,340.78852105708955),('H000080','DON_734',NULL,NULL,393.32941059527485),('H000081','DON_6',NULL,NULL,313.9496529396144),('H000082','DON_964',NULL,NULL,240.943474527621),('H000083','DON_924',NULL,NULL,246.02992277096106),('H000084','DON_357',NULL,NULL,285.6950032585618),('H000085','DON_314',NULL,NULL,389.96932423320277),('H000086','DON_312',NULL,NULL,212.8586670345204),('H000087','DON_292',NULL,NULL,388.822366714471),('H000088','DON_880',NULL,NULL,397.1003305645139);
/*!40000 ALTER TABLE `Heart` ENABLE KEYS */;
UNLOCK TABLES;

--
-- Table structure for table `Kidney`
--

DROP TABLE IF EXISTS `Kidney`;
/*!40101 SET @saved_cs_client     = @@character_set_client */;
/*!40101 SET character_set_client = utf8 */;
CREATE TABLE `Kidney` (
  `ORGAN_id` char(8) NOT NULL,
  `DON_id` char(9) DEFAULT NULL,
  `PAT_id` char(9) DEFAULT NULL,
  `Matched_id` char(8) DEFAULT NULL,
  `PRA` double NOT NULL,
  PRIMARY KEY (`ORGAN_id`),
  KEY `DON_id` (`DON_id`),
  KEY `PAT_id` (`PAT_id`),
  KEY `Matched_id` (`Matched_id`),
  CONSTRAINT `Kidney_ibfk_1` FOREIGN KEY (`DON_id`) REFERENCES `Organ_Donor` (`DON_id`),
  CONSTRAINT `Kidney_ibfk_2` FOREIGN KEY (`PAT_id`) REFERENCES `Patient` (`PAT_id`),
  CONSTRAINT `Kidney_ibfk_3` FOREIGN KEY (`Matched_id`) REFERENCES `Kidney` (`ORGAN_id`)
) ENGINE=InnoDB DEFAULT CHARSET=latin1;
/*!40101 SET character_set_client = @saved_cs_client */;

--
-- Dumping data for table `Kidney`
--

LOCK TABLES `Kidney` WRITE;
/*!40000 ALTER TABLE `Kidney` DISABLE KEYS */;
INSERT INTO `Kidney` VALUES ('KD000001',NULL,'PAT_2384',NULL,80),('KD000002',NULL,'PAT_2841',NULL,64),('KD000003',NULL,'PAT_3967',NULL,66),('KD000004',NULL,'PAT_2935',NULL,52),('KD000005',NULL,'PAT_3597',NULL,11),('KD000006',NULL,'PAT_1911',NULL,97),('KD000007',NULL,'PAT_666',NULL,14),('KD000008',NULL,'PAT_1129',NULL,83),('KD000009',NULL,'PAT_3605',NULL,58),('KD000010',NULL,'PAT_3288',NULL,64),('KD000011',NULL,'PAT_3904',NULL,77),('KD000012',NULL,'PAT_3416',NULL,61),('KD000013',NULL,'PAT_1034',NULL,7),('KD000014',NULL,'PAT_155',NULL,83),('KD000015',NULL,'PAT_723',NULL,33),('KD000016',NULL,'PAT_2642',NULL,66),('KD000017',NULL,'PAT_626',NULL,51),('KD000018',NULL,'PAT_760',NULL,48),('KD000019',NULL,'PAT_60',NULL,16),('KD000020',NULL,'PAT_326',NULL,34),('KD000021',NULL,'PAT_3081',NULL,28),('KD000022',NULL,'PAT_2271',NULL,60),('KD000023',NULL,'PAT_2826',NULL,72),('KD000024',NULL,'PAT_2433',NULL,48),('KD000025',NULL,'PAT_1228',NULL,15),('KD000026',NULL,'PAT_1114',NULL,82),('KD000027',NULL,'PAT_2846',NULL,66),('KD000028',NULL,'PAT_151',NULL,96),('KD000029',NULL,'PAT_1467',NULL,44),('KD000030',NULL,'PAT_278',NULL,9),('KD000031',NULL,'PAT_417',NULL,83),('KD000032',NULL,'PAT_1053',NULL,89),('KD000033',NULL,'PAT_174',NULL,8),('KD000034',NULL,'PAT_1650',NULL,1),('KD000035',NULL,'PAT_3320',NULL,2),('KD000036',NULL,'PAT_3086',NULL,52),('KD000037',NULL,'PAT_3825',NULL,37),('KD000038',NULL,'PAT_3443',NULL,13),('KD000039',NULL,'PAT_221',NULL,83),('KD000040',NULL,'PAT_790',NULL,93),('KD000041',NULL,'PAT_3307',NULL,13),('KD000042',NULL,'PAT_3438',NULL,4),('KD000043',NULL,'PAT_2398',NULL,84),('KD000044',NULL,'PAT_3374',NULL,52),('KD000045',NULL,'PAT_670',NULL,44),('KD000046',NULL,'PAT_2405',NULL,80),('KD000047',NULL,'PAT_387',NULL,77),('KD000048',NULL,'PAT_468',NULL,5),('KD000049',NULL,'PAT_3672',NULL,99),('KD000050',NULL,'PAT_1593',NULL,4),('KD000051',NULL,'PAT_1519',NULL,51),('KD000052',NULL,'PAT_2019',NULL,23),('KD000053',NULL,'PAT_416',NULL,75),('KD000054',NULL,'PAT_1946',NULL,74),('KD000055',NULL,'PAT_3216',NULL,40),('KD000056',NULL,'PAT_173',NULL,21),('KD000057',NULL,'PAT_510',NULL,49),('KD000058',NULL,'PAT_2461',NULL,89),('KD000059',NULL,'PAT_530',NULL,2),('KD000060',NULL,'PAT_3527',NULL,21),('KD000061',NULL,'PAT_3768',NULL,90),('KD000062',NULL,'PAT_2903',NULL,63),('KD000063',NULL,'PAT_2572',NULL,29),('KD000064',NULL,'PAT_2587',NULL,71),('KD000065',NULL,'PAT_196',NULL,55),('KD000066',NULL,'PAT_524',NULL,46),('KD000067',NULL,'PAT_1062',NULL,35),('KD000068',NULL,'PAT_398',NULL,70),('KD000069',NULL,'PAT_496',NULL,78),('KD000070',NULL,'PAT_3270',NULL,96),('KD000071',NULL,'PAT_902',NULL,38),('KD000072',NULL,'PAT_1637',NULL,78),('KD000073',NULL,'PAT_648',NULL,52),('KD000074',NULL,'PAT_2320',NULL,4),('KD000075',NULL,'PAT_234',NULL,5),('KD000076','DON_463',NULL,NULL,57),('KD000077','DON_504',NULL,NULL,21),('KD000078','DON_361',NULL,NULL,30),('KD000079','DON_512',NULL,NULL,47),('KD000080','DON_926',NULL,NULL,51),('KD000081','DON_203',NULL,NULL,88),('KD000082','DON_896',NULL,NULL,92),('KD000083','DON_24',NULL,NULL,99),('KD000084','DON_700',NULL,NULL,70),('KD000085','DON_790',NULL,NULL,44),('KD000086','DON_290',NULL,NULL,61),('KD000087','DON_606',NULL,NULL,77),('KD000088','DON_158',NULL,NULL,97),('KD000089','DON_940',NULL,NULL,26),('KD000090','DON_137',NULL,NULL,13),('KD000091','DON_935',NULL,NULL,76),('KD000092','DON_35',NULL,NULL,62),('KD000093','DON_640',NULL,NULL,73),('KD000094','DON_120',NULL,NULL,47),('KD000095','DON_791',NULL,NULL,87),('KD000096','DON_638',NULL,NULL,86),('KD000097','DON_121',NULL,NULL,48),('KD000098','DON_398',NULL,NULL,53),('KD000099','DON_636',NULL,NULL,49);
/*!40000 ALTER TABLE `Kidney` ENABLE KEYS */;
UNLOCK TABLES;

--
-- Table structure for table `Liver`
--

DROP TABLE IF EXISTS `Liver`;
/*!40101 SET @saved_cs_client     = @@character_set_client */;
/*!40101 SET character_set_client = utf8 */;
CREATE TABLE `Liver` (
  `ORGAN_id` char(8) NOT NULL,
  `DON_id` char(9) DEFAULT NULL,
  `PAT_id` char(9) DEFAULT NULL,
  `Matched_id` char(8) DEFAULT NULL,
  `Weight` double NOT NULL,
  PRIMARY KEY (`ORGAN_id`),
  KEY `DON_id` (`DON_id`),
  KEY `PAT_id` (`PAT_id`),
  KEY `Matched_id` (`Matched_id`),
  CONSTRAINT `Liver_ibfk_1` FOREIGN KEY (`DON_id`) REFERENCES `Organ_Donor` (`DON_id`),
  CONSTRAINT `Liver_ibfk_2` FOREIGN KEY (`PAT_id`) REFERENCES `Patient` (`PAT_id`),
  CONSTRAINT `Liver_ibfk_3` FOREIGN KEY (`Matched_id`) REFERENCES `Liver` (`ORGAN_id`)
) ENGINE=InnoDB DEFAULT CHARSET=latin1;
/*!40101 SET character_set_client = @saved_cs_client */;

--
-- Dumping data for table `Liver`
--

LOCK TABLES `Liver` WRITE;
/*!40000 ALTER TABLE `Liver` DISABLE KEYS */;
INSERT INTO `Liver` VALUES ('LI000001',NULL,'PAT_2767',NULL,1450.2514915575582),('LI000002',NULL,'PAT_1701',NULL,1536.7256114248714),('LI000003',NULL,'PAT_1951',NULL,1411.6244839426809),('LI000004',NULL,'PAT_1258',NULL,1513.9491160319258),('LI000005',NULL,'PAT_2830',NULL,1369.1871290370536),('LI000006',NULL,'PAT_2378',NULL,1307.245955600805),('LI000007',NULL,'PAT_2356',NULL,1433.6234124414436),('LI000008',NULL,'PAT_393',NULL,1476.7111820986256),('LI000009',NULL,'PAT_1255',NULL,1399.555047714962),('LI000010',NULL,'PAT_950',NULL,1310.222436563696),('LI000011',NULL,'PAT_2245',NULL,1540.7874335663982),('LI000012',NULL,'PAT_267',NULL,1512.83973229808),('LI000013',NULL,'PAT_2633',NULL,1499.6993131288375),('LI000014',NULL,'PAT_117',NULL,1511.252102013328),('LI000015',NULL,'PAT_1599',NULL,1306.955939932083),('LI000016',NULL,'PAT_1846',NULL,1461.752263087726),('LI000017',NULL,'PAT_2262',NULL,1359.5582623158728),('LI000018',NULL,'PAT_480',NULL,1454.4363734281958),('LI000019',NULL,'PAT_1127',NULL,1394.3470595329259),('LI000020',NULL,'PAT_3046',NULL,1437.6453392988105),('LI000021',NULL,'PAT_2509',NULL,1545.8531101239323),('LI000022',NULL,'PAT_383',NULL,1352.3796830793667),('LI000023',NULL,'PAT_563',NULL,1487.1563139965467),('LI000024',NULL,'PAT_1698',NULL,1502.7531629467094),('LI000025',NULL,'PAT_761',NULL,1456.4526080483606),('LI000026',NULL,'PAT_3873',NULL,1310.2009287424241),('LI000027',NULL,'PAT_1645',NULL,1500.268524931778),('LI000028',NULL,'PAT_154',NULL,1473.81377562831),('LI000029',NULL,'PAT_2220',NULL,1423.2025307766905),('LI000030',NULL,'PAT_1579',NULL,1336.6677232736408),('LI000031',NULL,'PAT_1226',NULL,1541.351958228127),('LI000032',NULL,'PAT_1882',NULL,1465.5045615341594),('LI000033',NULL,'PAT_291',NULL,1469.404083984107),('LI000034',NULL,'PAT_3208',NULL,1303.0097780146066),('LI000035',NULL,'PAT_440',NULL,1326.4017843458057),('LI000036',NULL,'PAT_2612',NULL,1413.8550672992383),('LI000037',NULL,'PAT_40',NULL,1313.108858127366),('LI000038',NULL,'PAT_786',NULL,1361.8660972355385),('LI000039',NULL,'PAT_2071',NULL,1457.486767456999),('LI000040',NULL,'PAT_3578',NULL,1365.1469530514735),('LI000041',NULL,'PAT_1078',NULL,1408.544465475733),('LI000042',NULL,'PAT_3',NULL,1335.1491523388245),('LI000043',NULL,'PAT_1079',NULL,1538.3363152975423),('LI000044',NULL,'PAT_2765',NULL,1413.8333407791204),('LI000045',NULL,'PAT_226',NULL,1498.982964496525),('LI000046',NULL,'PAT_2498',NULL,1538.001654543898),('LI000047',NULL,'PAT_1042',NULL,1328.7950874449136),('LI000048',NULL,'PAT_1937',NULL,1408.6163393034676),('LI000049',NULL,'PAT_1448',NULL,1473.498878556554),('LI000050',NULL,'PAT_3402',NULL,1336.5978090785259),('LI000051',NULL,'PAT_1796',NULL,1509.612911391039),('LI000052',NULL,'PAT_3451',NULL,1492.563642303102),('LI000053',NULL,'PAT_729',NULL,1337.4568091767185),('LI000054',NULL,'PAT_3124',NULL,1454.2554593586792),('LI000055',NULL,'PAT_1625',NULL,1419.5676583492698),('LI000056',NULL,'PAT_2392',NULL,1493.7431831163908),('LI000057',NULL,'PAT_2457',NULL,1356.1296697647763),('LI000058',NULL,'PAT_1095',NULL,1397.4805748029005),('LI000059',NULL,'PAT_1788',NULL,1333.9121007373515),('LI000060',NULL,'PAT_3900',NULL,1443.0836547709173),('LI000061',NULL,'PAT_3192',NULL,1337.8502749583186),('LI000062',NULL,'PAT_3962',NULL,1413.0886481116677),('LI000063',NULL,'PAT_868',NULL,1491.36721205238),('LI000064',NULL,'PAT_3581',NULL,1436.1854072490808),('LI000065',NULL,'PAT_3368',NULL,1388.8833969885782),('LI000066',NULL,'PAT_3832',NULL,1533.274011206057),('LI000067',NULL,'PAT_1523',NULL,1499.1166732876834),('LI000068',NULL,'PAT_3087',NULL,1485.8738848969097),('LI000069',NULL,'PAT_2667',NULL,1401.4632331400655),('LI000070',NULL,'PAT_1999',NULL,1313.6073423643525),('LI000071',NULL,'PAT_751',NULL,1408.4323356608234),('LI000072',NULL,'PAT_1085',NULL,1393.514358201652),('LI000073',NULL,'PAT_2046',NULL,1526.332300844012),('LI000074',NULL,'PAT_813',NULL,1517.8384900178723),('LI000075',NULL,'PAT_554',NULL,1415.564863959817),('LI000076',NULL,'PAT_1325',NULL,1533.9285397709439),('LI000077',NULL,'PAT_3740',NULL,1546.144981176946),('LI000078',NULL,'PAT_3561',NULL,1515.2305664856203),('LI000079',NULL,'PAT_2492',NULL,1470.792246388598),('LI000080',NULL,'PAT_1652',NULL,1470.699448023584),('LI000081',NULL,'PAT_1759',NULL,1397.3319507664585),('LI000082',NULL,'PAT_2839',NULL,1529.3334867351941),('LI000083',NULL,'PAT_1962',NULL,1525.250404167286),('LI000084',NULL,'PAT_2403',NULL,1376.6020808540018),('LI000085',NULL,'PAT_3278',NULL,1457.0563347620168),('LI000086','DON_465',NULL,NULL,1338.4029816956318),('LI000087','DON_542',NULL,NULL,1307.4692939525107),('LI000088','DON_298',NULL,NULL,1489.3858334794281),('LI000089','DON_856',NULL,NULL,1495.1205719637717),('LI000090','DON_101',NULL,NULL,1332.8100962267501),('LI000091','DON_938',NULL,NULL,1376.1074245687412),('LI000092','DON_761',NULL,NULL,1360.613812912375),('LI000093','DON_37',NULL,NULL,1427.0764199936082),('LI000094','DON_508',NULL,NULL,1374.0386162342068),('LI000095','DON_135',NULL,NULL,1337.0172576773718),('LI000096','DON_878',NULL,NULL,1393.1657568097955),('LI000097','DON_984',NULL,NULL,1316.4999146537748),('LI000098','DON_130',NULL,NULL,1542.1161256672021),('LI000099','DON_667',NULL,NULL,1518.788054716907),('LI000100','DON_245',NULL,NULL,1339.4421857980428);
/*!40000 ALTER TABLE `Liver` ENABLE KEYS */;
UNLOCK TABLES;

--
-- Table structure for table `Lung`
--

DROP TABLE IF EXISTS `Lung`;
/*!40101 SET @saved_cs_client     = @@character_set_client */;
/*!40101 SET character_set_client = utf8 */;
CREATE TABLE `Lung` (
  `ORGAN_id` char(8) NOT NULL,
  `DON_id` char(9) DEFAULT NULL,
  `PAT_id` char(9) DEFAULT NULL,
  `Matched_id` char(8) DEFAULT NULL,
  `Age` int(11) NOT NULL,
  `Size` double NOT NULL,
  `Smoking_History` int(11) NOT NULL,
  PRIMARY KEY (`ORGAN_id`),
  KEY `DON_id` (`DON_id`),
  KEY `PAT_id` (`PAT_id`),
  KEY `Matched_id` (`Matched_id`),
  CONSTRAINT `Lung_ibfk_1` FOREIGN KEY (`DON_id`) REFERENCES `Organ_Donor` (`DON_id`),
  CONSTRAINT `Lung_ibfk_2` FOREIGN KEY (`PAT_id`) REFERENCES `Patient` (`PAT_id`),
  CONSTRAINT `Lung_ibfk_3` FOREIGN KEY (`Matched_id`) REFERENCES `Lung` (`ORGAN_id`)
) ENGINE=InnoDB DEFAULT CHARSET=latin1;
/*!40101 SET character_set_client = @saved_cs_client */;

--
-- Dumping data for table `Lung`
--

LOCK TABLES `Lung` WRITE;
/*!40000 ALTER TABLE `Lung` DISABLE KEYS */;
INSERT INTO `Lung` VALUES ('LU000001',NULL,'PAT_3566',NULL,20,4489,2),('LU000002',NULL,'PAT_2994',NULL,23,3755,6),('LU000003',NULL,'PAT_1282',NULL,45,4104,7),('LU000004',NULL,'PAT_1319',NULL,43,3825,2),('LU000005',NULL,'PAT_459',NULL,31,4782,7),('LU000006',NULL,'PAT_1877',NULL,27,4483,3),('LU000007',NULL,'PAT_5',NULL,33,4408,4),('LU000008',NULL,'PAT_587',NULL,29,3264,2),('LU000009',NULL,'PAT_3052',NULL,48,3062,3),('LU000010',NULL,'PAT_1342',NULL,44,4552,0),('LU000011',NULL,'PAT_2116',NULL,39,3906,10),('LU000012',NULL,'PAT_1236',NULL,22,3694,0),('LU000013',NULL,'PAT_3955',NULL,28,4912,2),('LU000014',NULL,'PAT_1206',NULL,40,3747,4),('LU000015',NULL,'PAT_2328',NULL,28,4793,9),('LU000016',NULL,'PAT_1547',NULL,40,4027,10),('LU000017',NULL,'PAT_1940',NULL,49,3583,0),('LU000018',NULL,'PAT_719',NULL,31,4290,0),('LU000019',NULL,'PAT_1658',NULL,28,4985,9),('LU000020',NULL,'PAT_2812',NULL,47,3111,10),('LU000021',NULL,'PAT_3021',NULL,35,3665,0),('LU000022',NULL,'PAT_275',NULL,20,3356,7),('LU000023',NULL,'PAT_392',NULL,37,3256,9),('LU000024',NULL,'PAT_3985',NULL,42,4663,2),('LU000025',NULL,'PAT_1720',NULL,28,4524,3),('LU000026',NULL,'PAT_595',NULL,22,3138,3),('LU000027',NULL,'PAT_485',NULL,44,3885,10),('LU000028',NULL,'PAT_821',NULL,20,3785,8),('LU000029',NULL,'PAT_1447',NULL,41,4771,0),('LU000030',NULL,'PAT_3071',NULL,43,4215,5),('LU000031',NULL,'PAT_2251',NULL,47,4865,1),('LU000032',NULL,'PAT_2273',NULL,40,3693,10),('LU000033',NULL,'PAT_1526',NULL,33,4864,10),('LU000034',NULL,'PAT_3123',NULL,47,3216,5),('LU000035',NULL,'PAT_450',NULL,46,4031,1),('LU000036',NULL,'PAT_1270',NULL,29,4986,5),('LU000037',NULL,'PAT_865',NULL,37,4409,10),('LU000038',NULL,'PAT_2363',NULL,20,3774,6),('LU000039',NULL,'PAT_1537',NULL,22,3841,4),('LU000040',NULL,'PAT_3926',NULL,37,4633,10),('LU000041',NULL,'PAT_3713',NULL,32,4844,9),('LU000042',NULL,'PAT_2490',NULL,48,3481,6),('LU000043',NULL,'PAT_332',NULL,44,3884,0),('LU000044',NULL,'PAT_1914',NULL,20,4627,1),('LU000045',NULL,'PAT_2424',NULL,20,3649,8),('LU000046',NULL,'PAT_71',NULL,27,4797,6),('LU000047',NULL,'PAT_2062',NULL,24,4539,2),('LU000048',NULL,'PAT_2536',NULL,29,3280,1),('LU000049',NULL,'PAT_1130',NULL,41,3625,9),('LU000050',NULL,'PAT_1581',NULL,32,3150,6),('LU000051',NULL,'PAT_359',NULL,44,3379,1),('LU000052',NULL,'PAT_2988',NULL,48,3151,2),('LU000053',NULL,'PAT_1230',NULL,30,4708,10),('LU000054',NULL,'PAT_881',NULL,46,4707,8),('LU000055',NULL,'PAT_2247',NULL,44,3117,4),('LU000056',NULL,'PAT_3045',NULL,32,3457,10),('LU000057',NULL,'PAT_2400',NULL,21,3840,1),('LU000058',NULL,'PAT_3918',NULL,35,4882,2),('LU000059',NULL,'PAT_3994',NULL,23,4658,2),('LU000060',NULL,'PAT_3072',NULL,45,3667,1),('LU000061',NULL,'PAT_3815',NULL,48,3756,0),('LU000062',NULL,'PAT_3353',NULL,21,4734,2),('LU000063',NULL,'PAT_409',NULL,44,3765,9),('LU000064',NULL,'PAT_2995',NULL,37,4403,2),('LU000065',NULL,'PAT_3434',NULL,22,4719,6),('LU000066',NULL,'PAT_2215',NULL,42,4361,6),('LU000067',NULL,'PAT_1464',NULL,27,4418,5),('LU000068',NULL,'PAT_2185',NULL,33,3061,1),('LU000069',NULL,'PAT_3472',NULL,39,4344,1),('LU000070',NULL,'PAT_2992',NULL,21,3023,10),('LU000071',NULL,'PAT_2532',NULL,22,3196,7),('LU000072',NULL,'PAT_586',NULL,36,3062,4),('LU000073',NULL,'PAT_686',NULL,49,4817,4),('LU000074',NULL,'PAT_2847',NULL,35,3106,4),('LU000075',NULL,'PAT_3731',NULL,38,4827,5),('LU000076',NULL,'PAT_1293',NULL,33,3650,3),('LU000077','DON_31',NULL,NULL,40,4551,2),('LU000078','DON_749',NULL,NULL,27,3536,4),('LU000079','DON_942',NULL,NULL,45,3031,2),('LU000080','DON_887',NULL,NULL,22,4642,1),('LU000081','DON_716',NULL,NULL,43,3281,6),('LU000082','DON_976',NULL,NULL,22,3457,5),('LU000083','DON_320',NULL,NULL,46,3042,3),('LU000084','DON_229',NULL,NULL,46,4261,1),('LU000085','DON_182',NULL,NULL,40,4729,7),('LU000086','DON_493',NULL,NULL,23,4825,0),('LU000087','DON_370',NULL,NULL,21,4225,4),('LU000088','DON_585',NULL,NULL,20,4649,4),('LU000089','DON_552',NULL,NULL,31,4970,2),('LU000090','DON_220',NULL,NULL,50,4484,0),('LU000091','DON_337',NULL,NULL,38,4899,10),('LU000092','DON_654',NULL,NULL,42,3811,2);
/*!40000 ALTER TABLE `Lung` ENABLE KEYS */;
UNLOCK TABLES;

--
-- Table structure for table `New_Donor`
--

DROP TABLE IF EXISTS `New_Donor`;
/*!40101 SET @saved_cs_client     = @@character_set_client */;
/*!40101 SET character_set_client = utf8 */;
CREATE TABLE `New_Donor` (
  `Age` int(11) NOT NULL,
  `DON_id` char(9) NOT NULL,
  `Name` varchar(35) NOT NULL,
  `Address` varchar(100) NOT NULL,
  `Contact` char(10) NOT NULL,
  `Blood_Group` varchar(3) DEFAULT NULL,
  `Pincode` char(6) NOT NULL,
  PRIMARY KEY (`DON_id`)
) ENGINE=InnoDB DEFAULT CHARSET=latin1;
/*!40101 SET character_set_client = @saved_cs_client */;

--
-- Dumping data for table `New_Donor`
--

LOCK TABLES `New_Donor` WRITE;
/*!40000 ALTER TABLE `New_Donor` DISABLE KEYS */;
/*!40000 ALTER TABLE `New_Donor` ENABLE KEYS */;
UNLOCK TABLES;

--
-- Table structure for table `Organ_Donor`
--

DROP TABLE IF EXISTS `Organ_Donor`;
/*!40101 SET @saved_cs_client     = @@character_set_client */;
/*!40101 SET character_set_client = utf8 */;
CREATE TABLE `Organ_Donor` (
  `Age` int(11) NOT NULL,
  `DON_id` char(9) NOT NULL,
  `Name` varchar(35) NOT NULL,
  `Address` varchar(100) NOT NULL,
  `Contact` char(10) NOT NULL,
  `ORG_id` char(9) NOT NULL,
  `Status` varchar(5) NOT NULL,
  `Last_check_up_date` date DEFAULT NULL,
  `Blood_Group` varchar(3) NOT NULL,
  `Pincode` char(6) NOT NULL,
  PRIMARY KEY (`DON_id`),
  KEY `ORG_id` (`ORG_id`),
  CONSTRAINT `Organ_Donor_ibfk_1` FOREIGN KEY (`ORG_id`) REFERENCES `Organisation` (`ORG_id`)
) ENGINE=InnoDB DEFAULT CHARSET=latin1;
/*!40101 SET character_set_client = @saved_cs_client */;

--
-- Dumping data for table `Organ_Donor`
--

LOCK TABLES `Organ_Donor` WRITE;
/*!40000 ALTER TABLE `Organ_Donor` DISABLE KEYS */;
INSERT INTO `Organ_Donor` VALUES (45,'DON_101','Thomas Bennington','0563 Jake Manors Vanike PUNJAB','7291801309','ORG_971','Alive','2020-02-28','O+','143108'),(22,'DON_103','Arminda Martin','4855 Angela Motorway Apt. 237 Municipal Board UTTAR PRADESH','7540082461','ORG_846','Alive','2020-02-26','A+','243001'),(29,'DON_108','Mildred Langston','42285 Rita Pass Salchua ORISSA','7644509530','ORG_214','Alive','2020-03-08','B-','757106'),(19,'DON_120','Eva Mertes','93633 Natalie Crescent Suite 553 Sel UTTARAKHAND','7484819650','ORG_881','Alive','2020-02-27','A+','262529'),(36,'DON_121','Charles Stanley','2552 Chase Drive Suite 982 Dist Jail PUNJAB','7166813806','ORG_516','Alive','2020-04-10','A-','143008'),(22,'DON_126','Connie Louis','798 Jerry Rest Suite 335 Kaluheda MADHYA PRADESH','7851738986','ORG_104','Alive','2020-01-02','A+','456006'),(35,'DON_130','Carroll Jordan','8019 Charles Course Apt. 794 Errabally ANDHRA PRADESH','7222202485','ORG_854','Alive','2020-01-13','A-','502301'),(38,'DON_135','Charles Mustafa','4957 Thomas Expressway Suite 781 Karmala GUJARAT','7794957596','ORG_854','Alive','2020-03-15','A+','394130'),(19,'DON_137','Edgar Loucks','8058 Ralph Plains Pali Mahaveer Udhyog Nagar RAJASTHAN','7154076030','ORG_136','Alive','2020-03-10','O+','306401'),(47,'DON_140','Marjorie Cote','Unit 7069 Box 3115 Chandur ANDHRA PRADESH','7280978410','ORG_361','Alive','2020-01-21','B-','502314'),(38,'DON_148','Charles Mcknight','1088 Mcdaniel Meadows Apt. 787 Uparjhar ORISSA','7762011078','ORG_846','Alive','2020-02-03','A-','767067'),(19,'DON_150','Jerome Stack','51579 Castaneda Canyon Sellipet TAMILNADU','7571788304','ORG_631','Alive','2020-01-17','O+','605501'),(30,'DON_158','Ruby Deininger','3110 Philip Alley Suite 068 Nayagaon RAJASTHAN','7820750412','ORG_352','Alive','2020-01-23','O-','321404'),(40,'DON_177','Cheryl Alvarez','4890 Rodriguez Forge Lingapur ANDHRA PRADESH','7771551928','ORG_207','Alive','2020-01-26','O-','505325'),(32,'DON_182','Lulu Gonzalez','4814 Brittney Crest Durg CHATTISGARH','7380250526','ORG_352','Alive','2020-01-12','A-','491001'),(29,'DON_203','Ryan Fort','0604 Shaw Crossroad Soi UTTAR PRADESH','7335676022','ORG_348','Alive','2020-03-14','O-','202396'),(40,'DON_213','Lawrence Borden','3606 Julia Fall Manlnai JAMMUKASHMIR','7163358435','ORG_136','Alive','2020-02-02','AB+','182201'),(45,'DON_220','Gerard Hewins','9161 Christine Gardens Apt. 824 Radhiwad GUJARAT','7854109541','ORG_721','Alive','2020-02-19','B-','383270'),(41,'DON_229','Joseph Wallace','8249 Tammy Islands Suite 291 Nellimarla Bazar ANDHRA PRADESH','7100068548','ORG_348','Alive','2020-03-08','AB-','535217'),(24,'DON_24','Marvin Sierra','2843 Nicole Station Jam MADHYA PRADESH','7375131065','ORG_207','Alive','2020-01-14','A+','460663'),(34,'DON_245','Dan Pokorney','3083 Emma Mountains Suite 239 Pookode KERALA','7536957147','ORG_120','Alive','2020-02-29','AB-','680505'),(27,'DON_255','Charlene Sutter','7781 Hailey Points Bairnatham TAMILNADU','7699919853','ORG_533','Alive','2020-02-05','AB-','636905'),(46,'DON_290','Matthew Legrand','6182 Kelly Route Borlai GUJARAT','7275401008','ORG_562','Alive','2020-02-06','AB+','396105'),(28,'DON_292','Della Roberts','2145 Rhodes Estates Baduab JAMMUKASHMIR','7473167534','ORG_32','Alive','2020-03-07','B-','193503'),(44,'DON_295','Terri Kuehnle','USS Warren Sahaspur UTTAR PRADESH','7299798882','ORG_128','Alive','2020-02-03','B+','246745'),(35,'DON_296','Raymond Schuch','02976 Adrienne Mountain Bhandagaon ORISSA','7046545487','ORG_104','Alive','2020-02-22','O+','757019'),(45,'DON_298','Eugene Ezell','10934 Johnson Valleys Nadavayal KERALA','7316976451','ORG_881','Alive','2020-02-07','A-','670721'),(34,'DON_304','Ryan Hiestand','541 Aguilar Cape Singalandapuram TAMILNADU','7586783828','ORG_51','Alive','2020-03-22','O+','621014'),(30,'DON_305','Rosemary Hoffman','5146 Karen Harbor Olikana ORISSA','7763651542','ORG_352','Alive','2020-02-15','A+','752114'),(21,'DON_31','Susan Doss','44396 Brett Stravenue Suite 945 Pydigudem ANDHRA PRADESH','7313585757','ORG_533','Alive','2020-04-14','AB-','507137'),(46,'DON_312','Joseph Lawlor','USCGC Evans Kalipahadi Meda MADHYA PRADESH','7836722061','ORG_227','Alive','2020-01-15','AB-','473880'),(20,'DON_314','David Giannetti','05549 Mays Centers Apt. 845 Vandalaigudalur TAMILNADU','7389064684','ORG_207','Alive','2020-01-12','A+','621711'),(50,'DON_320','David Patel','414 Joseph Court Maubawk NORTH EASTERN','7721519766','ORG_551','Alive','2020-01-08','AB-','796005'),(23,'DON_337','Daniel Sawyer','133 Kristen Burg Apt. 535 Bakshaduar WEST BENGAL','7035061265','ORG_630','Alive','2020-01-22','A+','735227'),(35,'DON_344','Roscoe Pearson','52588 Jeremiah Field Suite 794 Tungou NORTH EASTERN','7350567069','ORG_854','Alive','2020-04-19','AB+','795142'),(46,'DON_35','Christa Mullins','0828 Erika Club Apt. 887 Aurangabad Cantonment MAHARASHTRA','7193624183','ORG_971','Alive','2020-01-03','AB+','431002'),(36,'DON_357','Lisa Dennis','0319 Richard Flats Dumuria ORISSA','7195168569','ORG_799','Alive','2020-03-25','O-','758030'),(29,'DON_361','George Nordberg','66651 Conner Locks Garposh ORISSA','7724335772','ORG_881','Alive','2020-02-20','O-','768224'),(27,'DON_37','Ella Gallardo','7049 Elizabeth Falls Alur KARNATAKA','7635079200','ORG_551','Alive','2020-02-15','B+','572143'),(26,'DON_370','Judy Clark','454 Frank Orchard Apt. 222 Kinjirma ORISSA','7557546734','ORG_341','Alive','2020-04-04','O-','770019'),(49,'DON_386','Zelma Cain','USCGC Lee Chauka MADHYA PRADESH','7266412500','ORG_551','Alive','2020-03-03','O+','470339'),(24,'DON_388','Gregory Rocha','11081 Leonard Camp Mohanpur BIHAR','7546320289','ORG_348','Alive','2020-01-20','B+','824232'),(50,'DON_39','Matthew Allen','3051 Olson Stravenue Sangvi MAHARASHTRA','7679940095','ORG_207','Alive','2020-02-03','O-','425405'),(19,'DON_398','Michael Eisinger','PSC 8041, Box 0664 Samoda GUJARAT','7837871585','ORG_207','Alive','2020-04-08','AB-','384151'),(23,'DON_400','Lucille Hood','429 Walker Field Gobok NORTH EASTERN','7427325674','ORG_361','Alive','2020-02-22','B-','795102'),(32,'DON_415','Julia Michael','5363 Smith Bridge Dalchapra UTTAR PRADESH','7244615293','ORG_562','Alive','2020-04-10','O+','277209'),(45,'DON_425','Bobby Scott','91357 Ryan Run Anandpar(Morbi) GUJARAT','7322630916','ORG_794','Alive','2020-01-21','O+','360003'),(27,'DON_463','Nancy Rodgers','4759 John Valleys Anandapur NORTH EASTERN','7981460210','ORG_128','Alive','2020-03-29','O-','799157'),(45,'DON_465','Angela Courtright','935 Sydney Key Suite 616 Terwada GUJARAT','7036417551','ORG_292','Alive','2020-03-06','A+','385320'),(32,'DON_479','Rob Drake','80778 James Mission Chalunigaon ORISSA','7457270732','ORG_214','Alive','2020-03-04','B-','756168'),(43,'DON_492','Teresa Gordan','23274 James Locks Apt. 017 Someshwar MAHARASHTRA','7583522681','ORG_516','Alive','2020-04-19','A+','415612'),(27,'DON_493','Ruben Brito','92158 Bryce Gateway Jamdar ORISSA','7642130661','ORG_523','Alive','2020-02-27','O+','770043'),(30,'DON_504','Anna Lyons','67896 Frederick Rest Sihpur BIHAR','7787109188','ORG_207','Alive','2020-01-26','O+','845305'),(18,'DON_507','Lester Dejesus','4726 Anthony Trace Barsudi UTTARAKHAND','7420624399','ORG_631','Alive','2020-03-21','A+','246171'),(21,'DON_508','Lola Thibodeaux','440 Allen River Gadha GUJARAT','7961960386','ORG_799','Alive','2020-01-20','A-','383316'),(27,'DON_511','Elizabeth Cox','462 Trevor Rest Suite 206 Mahwatpur UTTAR PRADESH','7376886799','ORG_631','Alive','2020-03-22','AB+','283201'),(20,'DON_512','Randi Byrnes','775 Dixon Port Mahendrawada ANDHRA PRADESH','7260810052','ORG_128','Alive','2020-02-26','O-','533342'),(46,'DON_541','Jack Hager','Unit 7072 Box 8239 Khamlya MADHYA PRADESH','7062694447','ORG_551','Alive','2020-01-12','B+','465337'),(24,'DON_542','Tony Malinoski','74348 Hannah Overpass Suite 867 Bhimkhanda ORISSA','7585248474','ORG_846','Alive','2020-03-09','B-','757042'),(49,'DON_552','David Gordon','4049 Mark Village Kotagarlahalli KARNATAKA','7896648197','ORG_551','Alive','2020-03-03','B+','572132'),(38,'DON_580','Kevin Hill','989 Holmes Corner Suite 010 Kodavasal TAMILNADU','7988537790','ORG_348','Alive','2020-03-05','O-','612601'),(20,'DON_585','Karl Bermudez','198 John Path Panitras WEST BENGAL','7912801473','ORG_136','Alive','2020-01-30','B-','711325'),(29,'DON_589','Robert Pacheco','811 Morgan Mountain Harichandrapuram TAMILNADU','7361265491','ORG_846','Alive','2020-04-11','B-','631210'),(19,'DON_6','Jason Hosler','3186 Antonio Terrace Apt. 357 Yelavi MAHARASHTRA','7445603907','ORG_551','Alive','2020-01-22','A-','416319'),(31,'DON_606','Joshua Wright','4363 William Union Kabbur KARNATAKA','7481839956','ORG_59','Alive','2020-02-05','AB-','591222'),(48,'DON_623','Stephanie Rodriquez','976 White Oval Arabhavimath KARNATAKA','7826009950','ORG_341','Alive','2020-04-14','AB+','591306'),(48,'DON_636','Michael Burcham','69794 Hess Parkways Veraiyur TAMILNADU','7933270632','ORG_136','Alive','2020-04-07','AB+','606806'),(26,'DON_638','Sylvester Jimenez','2785 Carla Mountain Mangrop RAJASTHAN','7348648372','ORG_32','Alive','2020-02-05','A-','311028'),(40,'DON_640','Ramona Moeller','12478 Michael Dam Suite 456 Bhundimuhan ORISSA','7043880987','ORG_348','Alive','2020-04-17','A+','767048'),(18,'DON_651','James Helgeson','8827 Mayer Pines Pendra Road Sanotorium CHATTISGARH','7260959521','ORG_631','Alive','2020-02-02','AB+','495117'),(40,'DON_654','William Williams','4198 Rogers Alley Apt. 205 Bochi BIHAR','7738557950','ORG_361','Alive','2020-03-21','AB+','854311'),(48,'DON_667','Howard Wilkinson','3006 David Mountain Suite 455 Filozpura MADHYA PRADESH','7760539456','ORG_533','Alive','2020-02-16','B-','476339'),(46,'DON_68','Henry Collier','18782 Elliott Locks Apt. 062 Kavvagunta ANDHRA PRADESH','7576734743','ORG_399','Alive','2020-03-06','AB-','534475'),(46,'DON_691','Evelyn Branson','138 Amanda Dam Korumilli ANDHRA PRADESH','7993904898','ORG_207','Alive','2020-02-15','O+','533309'),(18,'DON_70','Kevin Mckinney','93411 May Union Kaisian Kalan PUNJAB','7742791171','ORG_104','Alive','2020-03-26','O-','143118'),(33,'DON_700','Martin Goodman','50620 Carter Harbor Khanjahachak BIHAR','7182943604','ORG_476','Alive','2020-02-18','A-','844121'),(27,'DON_701','Christopher Meza','132 Terry Overpass Apt. 949 Pahara MADHYA PRADESH','7469377827','ORG_794','Alive','2020-04-07','A-','471105'),(39,'DON_716','Miranda Dignan','USCGC Edwards Cherlopalli ANDHRA PRADESH','7519254788','ORG_361','Alive','2020-02-19','B+','516126'),(26,'DON_732','Rose Ahrens','2923 Daniel Hollow Apt. 566 Gunda KARNATAKA','7627252853','ORG_275','Alive','2020-02-26','AB-','583222'),(41,'DON_734','Ty Gobert','PSC 2406, Box 9878 Zanipora JAMMUKASHMIR','7680001944','ORG_523','Alive','2020-03-23','B-','192124'),(41,'DON_749','Christine Turner','294 Daniel Circle Kelloballam ORISSA','7126937463','ORG_721','Alive','2020-02-27','O+','768106'),(41,'DON_761','Helen Marin','18224 Valerie Ranch Suite 853 Sailutar NORTH EASTERN','7854349204','ORG_292','Alive','2020-04-18','B+','796111'),(43,'DON_769','Mary Robertson','04449 Carroll Views Anandapuram TAMILNADU','7088275243','ORG_971','Alive','2020-02-04','B-','628701'),(45,'DON_790','Minnie Bejar','5854 Kristi Roads Apt. 742 Viring PUNJAB','7093529947','ORG_128','Alive','2020-03-25','AB+','143117'),(22,'DON_791','Alexander Baker','66481 Cole Views Sandhu Chatha PUNJAB','7705352246','ORG_128','Alive','2020-01-25','AB+','144625'),(35,'DON_803','Marcus Barbour','Unit 3093 Box 3375 Johal PUNJAB','7297517713','ORG_516','Alive','2020-03-16','A-','144305'),(35,'DON_826','Chris Mautone','4346 Schultz Mountain Suite 575 Bhutiya GUJARAT','7655513413','ORG_721','Alive','2020-03-12','AB-','383440'),(29,'DON_831','Terry Harris','8330 Beltran Mills Kilakku Kalakad TAMILNADU','7779909791','ORG_118','Alive','2020-03-26','A-','627501'),(38,'DON_842','Marcellus Queja','7567 Katie Vista Suite 098 Turkagarh WEST BENGAL','7259502810','ORG_361','Alive','2020-01-10','A+','721445'),(46,'DON_856','Rigoberto Lopez','9977 Castaneda Pine Apt. 787 Ashta MADHYA PRADESH','7567731769','ORG_846','Alive','2020-02-28','B+','480667'),(48,'DON_870','John Jenkins','206 Amy Tunnel Suite 921 Marmamul ANDHRA PRADESH','7674981185','ORG_136','Alive','2020-01-23','A-','506224'),(28,'DON_878','Stanford Baca','467 Roger Brooks Mandora UTTAR PRADESH','7024785232','ORG_881','Alive','2020-01-21','B-','243302'),(43,'DON_880','Anthony Kha','79523 Murphy Viaduct Apt. 058 Agunshi WEST BENGAL','7378553853','ORG_32','Alive','2020-04-10','B-','711303'),(49,'DON_887','Cecil Ledwig','2137 Kevin Crescent Sikharna UTTAR PRADESH','7597221458','ORG_631','Alive','2020-03-26','A-','206129'),(41,'DON_896','Mike Krout','13670 Diaz Spring Apt. 513 Kaklana RAJASTHAN','7896799505','ORG_214','Alive','2020-03-26','AB-','305205'),(42,'DON_90','Paige Giddins','20671 Melendez Springs Apt. 291 Namnoor ANDHRA PRADESH','7890358049','ORG_831','Alive','2020-01-08','B+','504207'),(27,'DON_910','James Anderson','178 Garcia Pine Dehgamda GUJARAT','7914102758','ORG_348','Alive','2020-01-07','AB+','382220'),(40,'DON_911','Karl Harrell','35741 Snyder Turnpike Sarhoti JAMMUKASHMIR','7156348040','ORG_802','Alive','2020-01-18','A-','185203'),(46,'DON_918','Wm Clines','3028 Rivera Key Suite 961 Jasauli Patti BIHAR','7720299099','ORG_721','Alive','2020-01-08','AB-','845437'),(48,'DON_924','Charles Gibbs','55005 Karen Hill Kothapalli ANDHRA PRADESH','7954227190','ORG_207','Alive','2020-01-14','O+','521111'),(39,'DON_926','John Mckown','Unit 3204 Box 9101 Kutkhedai MADHYA PRADESH','7004986834','ORG_292','Alive','2020-02-16','B+','460551'),(34,'DON_935','William Smith','64463 David Flat Apt. 417 Karur KARNATAKA','7286486649','ORG_120','Alive','2020-04-12','AB-','583120'),(23,'DON_938','Alice Smith','8441 Jones Lodge Vaghada GUJARAT','7770748170','ORG_136','Alive','2020-01-18','A+','382130'),(26,'DON_940','Sue Montano','09604 Flores Glen Purawa RAJASTHAN','7030250191','ORG_854','Alive','2020-03-04','A+','344704'),(26,'DON_942','Travis Dupre','85532 Hernandez Dale Boria Bechraji GUJARAT','7122784141','ORG_341','Alive','2020-03-01','B+','383215'),(47,'DON_964','Theresa Stump','6631 Richards Course Piplibari ASSAM','7799738197','ORG_799','Alive','2020-04-02','B+','781338'),(35,'DON_976','Jennifer Crosby','9457 Renee Shores Ethiraspalli ANDHRA PRADESH','7329785246','ORG_544','Alive','2020-02-08','A-','501111'),(43,'DON_983','Theodore Luc','814 Robert Hills Ananda Bazar ASSAM','7451278927','ORG_214','Alive','2020-03-11','A+','783390'),(48,'DON_984','Gina Duncan','4489 Brandi Trafficway Dhanoli UTTAR PRADESH','7800379432','ORG_120','Alive','2020-01-28','O+','283102'),(40,'DON_988','Eileen Schoonover','7598 Larry Alley Suite 512 Ammapatti TAMILNADU','7974772724','ORG_794','Alive','2020-01-15','O-','624622');
/*!40000 ALTER TABLE `Organ_Donor` ENABLE KEYS */;
UNLOCK TABLES;

--
-- Table structure for table `Organisation`
--

DROP TABLE IF EXISTS `Organisation`;
/*!40101 SET @saved_cs_client     = @@character_set_client */;
/*!40101 SET character_set_client = utf8 */;
CREATE TABLE `Organisation` (
  `ORG_id` char(9) NOT NULL,
  `Address` varchar(100) NOT NULL,
  `Contact` char(10) NOT NULL,
  `Name` varchar(100) NOT NULL,
  PRIMARY KEY (`ORG_id`)
) ENGINE=InnoDB DEFAULT CHARSET=latin1;
/*!40101 SET character_set_client = @saved_cs_client */;

--
-- Dumping data for table `Organisation`
--

LOCK TABLES `Organisation` WRITE;
/*!40000 ALTER TABLE `Organisation` DISABLE KEYS */;
INSERT INTO `Organisation` VALUES ('ORG_104','00545 Hawkins Curve Ubsal GUJARAT 383246','699066535','National Transplant Organisation'),('ORG_118','32032 Jacobs Pike Naipura UTTAR PRADESH 224145','681087607','The Eye-Bank'),('ORG_120','6288 Christina Lodge Kalladikode KERALA 678596','612923233','Donate Life'),('ORG_128','7420 Kristin Walks Apt. 921 Midjil ANDHRA PRADESH 509357','682644848','United Network of Organ Sharing'),('ORG_136','677 Simmons Port Apt. 299 Natoj RAJASTHAN 321606','624182879','Lifecenter'),('ORG_207','513 Mcintosh Grove Athikombai TAMILNADU 624619','693676629','Gift of Life'),('ORG_214','Unit 2366 Box 2672 Kendudiha ORISSA 757026','659493733','Indiana Donor Network'),('ORG_227','13213 Antonio Loop Uchadhungi UTTARAKHAND 246425','677714624','Donor Service'),('ORG_275','1143 Jackson Ville Beeda MADHYA PRADESH 485775','656287002','National Society of Transplantation'),('ORG_292','USCGC Young Varkute Mhaswad MAHARASHTRA 415509','675167779','Organ Donor Register'),('ORG_32','990 Natasha Pine Suite 027 Tidel Park TAMILNADU 600113','669892706','Society of Transplant'),('ORG_326','9621 Austin Plaza Thambikottai TAMILNADU 614704','698876144','Community organ Network'),('ORG_341','70185 Paul Fords Suite 192 Lohan BIHAR 811304','645824732','Help Hope Live'),('ORG_348','352 Monica Heights Coudapakkam TAMILNADU 605502','681816604','faith organizations'),('ORG_352','138 Henry Fords Apt. 757 Kallayee Sorathur TAMILNADU 606754','608878741','Donor Life'),('ORG_361','USNV Mcbride Govindpur Fagoi UTTAR PRADESH 202002','639122988','Liver Foundation'),('ORG_399','501 Anderson Centers Ponani KERALA 679577','609943193','New-Eye'),('ORG_419','18150 Brian Roads Suite 782 Gorsari MADHYA PRADESH 485881','644801206','Transplant Alliance'),('ORG_476','97806 Sanders Station Apt. 338 Mandarbati WEST BENGAL 713127','678905101','Lifeshares'),('ORG_51','318 Kristin Junctions Kafer WEST BENGAL 734314','696842851','Mahatma Gandhi Organ Donation'),('ORG_516','76104 Luis Mission Apt. 547 Kuppinakeri KARNATAKA 583135','641335302','Eye Bank'),('ORG_523','871 Claire Stravenue Kanchugal Bidre KARNATAKA 577138','602106030','Association of organ bank'),('ORG_533','00467 Charlotte Pass Bibleland KERALA 673575','669724823','Lifesource'),('ORG_544','04067 Schultz Bridge Suite 676 Pinnathur TAMILNADU 614706','682048489','Donate life'),('ORG_551','4298 Chad Squares Umerkote Bazar ORISSA 764073','605437007','National Kidney Foundation'),('ORG_562','24154 Lewis Mills Linganur KARNATAKA 587301','626449584','New Donor Servies'),('ORG_577','5775 Brooke Lights Bapujinagar KARNATAKA 560026','644623052','LifeGift'),('ORG_59','933 Ashley Glen Apt. 924 Jarwal Road UTTAR PRADESH 271901','672655200','National Organ & Tissue Transplant Organisation'),('ORG_61','061 Henry Knolls Amargol KARNATAKA 586129','638379243','Gift of hope'),('ORG_630','6498 Nancy Forges Apt. 869 I.Pangidi ANDHRA PRADESH 534342','604749095','Center for Organ recovery'),('ORG_631','531 Costa Stream Samsipur Bhith BIHAR 851111','602926757','Lifeshare'),('ORG_650','905 Marquez Groves Apt. 254 N.Khairavadi ANDHRA PRADESH 518345','661938412','Center for Donation and Transplant'),('ORG_721','4094 Erik Mall Apt. 408 Andharia MADHYA PRADESH 460551','629493217','Mohan Foundation'),('ORG_794','391 Leah Wall Suite 891 Badoli GUJARAT 383410','675111160','NHS Blood and Transplant'),('ORG_799','Unit 2804 Box 3466 Chochra RAJASTHAN 344701','610302133','Scientific Registry of Transplant reciptants'),('ORG_802','568 Gould Pine Apt. 607 Najrah BIHAR 853204','605646078','Lifeline'),('ORG_831','580 Huerta Divide Suite 506 Brajerkuthi WEST BENGAL 736202','638626828','National Transplant Assistace'),('ORG_846','2300 Troy Terrace Tajpur Purakona WEST BENGAL 722208','681790340','The charity for organ Donation'),('ORG_854','USS Salazar Velam TAMILNADU 632501','617577318','Blood center'),('ORG_881','1122 Sosa Bypass Suite 422 Mahishrekha WEST BENGAL 711303','625590665','Indian Kidney fund'),('ORG_951','311 Brooks Ports Apt. 721 Abhapur GUJARAT 383460','606595459','Donor Network'),('ORG_971','468 Lisa Plain Lehra UTTAR PRADESH 202133','689627973','LifeNet health');
/*!40000 ALTER TABLE `Organisation` ENABLE KEYS */;
UNLOCK TABLES;

--
-- Table structure for table `Organisation_Org_Accepted`
--

DROP TABLE IF EXISTS `Organisation_Org_Accepted`;
/*!40101 SET @saved_cs_client     = @@character_set_client */;
/*!40101 SET character_set_client = utf8 */;
CREATE TABLE `Organisation_Org_Accepted` (
  `ORG_id` char(9) DEFAULT NULL,
  `Organ` varchar(20) DEFAULT NULL,
  KEY `ORG_id` (`ORG_id`),
  CONSTRAINT `Organisation_Org_Accepted_ibfk_1` FOREIGN KEY (`ORG_id`) REFERENCES `Organisation` (`ORG_id`)
) ENGINE=InnoDB DEFAULT CHARSET=latin1;
/*!40101 SET character_set_client = @saved_cs_client */;

--
-- Dumping data for table `Organisation_Org_Accepted`
--

LOCK TABLES `Organisation_Org_Accepted` WRITE;
/*!40000 ALTER TABLE `Organisation_Org_Accepted` DISABLE KEYS */;
INSERT INTO `Organisation_Org_Accepted` VALUES ('ORG_562','Kidney'),('ORG_562','Heart'),('ORG_562','Lung'),('ORG_562','Pancreas'),('ORG_562','Liver'),('ORG_61','Heart'),('ORG_61','Cornea'),('ORG_59','Kidney'),('ORG_59','Lung'),('ORG_59','Cornea'),('ORG_59','Pancreas'),('ORG_59','Liver'),('ORG_59','Heart'),('ORG_352','Heart'),('ORG_352','Liver'),('ORG_352','Lung'),('ORG_352','Pancreas'),('ORG_352','Cornea'),('ORG_352','Kidney'),('ORG_136','Lung'),('ORG_136','Pancreas'),('ORG_136','Liver'),('ORG_136','Heart'),('ORG_136','Kidney'),('ORG_721','Lung'),('ORG_721','Heart'),('ORG_721','Cornea'),('ORG_721','Liver'),('ORG_721','Pancreas'),('ORG_214','Lung'),('ORG_214','Kidney'),('ORG_214','Heart'),('ORG_214','Pancreas'),('ORG_214','Cornea'),('ORG_120','Liver'),('ORG_120','Kidney'),('ORG_348','Kidney'),('ORG_348','Cornea'),('ORG_348','Lung'),('ORG_348','Heart'),('ORG_348','Pancreas'),('ORG_846','Pancreas'),('ORG_846','Lung'),('ORG_846','Liver'),('ORG_846','Heart'),('ORG_846','Cornea'),('ORG_799','Cornea'),('ORG_799','Liver'),('ORG_799','Heart'),('ORG_799','Kidney'),('ORG_32','Cornea'),('ORG_32','Heart'),('ORG_32','Kidney'),('ORG_207','Kidney'),('ORG_207','Heart'),('ORG_207','Pancreas'),('ORG_207','Lung'),('ORG_207','Cornea'),('ORG_118','Lung'),('ORG_118','Pancreas'),('ORG_118','Kidney'),('ORG_118','Heart'),('ORG_118','Cornea'),('ORG_292','Kidney'),('ORG_292','Heart'),('ORG_292','Cornea'),('ORG_292','Liver'),('ORG_292','Lung'),('ORG_361','Cornea'),('ORG_361','Lung'),('ORG_361','Pancreas'),('ORG_854','Liver'),('ORG_854','Cornea'),('ORG_854','Heart'),('ORG_854','Kidney'),('ORG_854','Lung'),('ORG_551','Cornea'),('ORG_551','Pancreas'),('ORG_551','Liver'),('ORG_551','Lung'),('ORG_551','Heart'),('ORG_551','Kidney'),('ORG_881','Cornea'),('ORG_881','Liver'),('ORG_881','Pancreas'),('ORG_881','Lung'),('ORG_881','Heart'),('ORG_881','Kidney'),('ORG_128','Heart'),('ORG_128','Cornea'),('ORG_128','Pancreas'),('ORG_128','Lung'),('ORG_128','Liver'),('ORG_128','Kidney'),('ORG_650','Kidney'),('ORG_650','Cornea'),('ORG_650','Liver'),('ORG_516','Heart'),('ORG_516','Liver'),('ORG_516','Kidney'),('ORG_341','Lung'),('ORG_341','Cornea'),('ORG_341','Kidney'),('ORG_341','Heart'),('ORG_341','Pancreas'),('ORG_341','Liver'),('ORG_275','Pancreas'),('ORG_275','Lung'),('ORG_419','Liver'),('ORG_419','Lung'),('ORG_51','Lung'),('ORG_51','Liver'),('ORG_51','Cornea'),('ORG_51','Pancreas'),('ORG_951','Lung'),('ORG_951','Cornea'),('ORG_794','Pancreas'),('ORG_794','Lung'),('ORG_630','Lung'),('ORG_630','Pancreas'),('ORG_630','Heart'),('ORG_104','Heart'),('ORG_104','Cornea'),('ORG_104','Lung'),('ORG_104','Pancreas'),('ORG_533','Liver'),('ORG_533','Lung'),('ORG_533','Heart'),('ORG_533','Cornea'),('ORG_577','Lung'),('ORG_577','Liver'),('ORG_577','Kidney'),('ORG_577','Pancreas'),('ORG_971','Kidney'),('ORG_971','Cornea'),('ORG_971','Liver'),('ORG_631','Cornea'),('ORG_631','Liver'),('ORG_631','Lung'),('ORG_631','Kidney'),('ORG_631','Pancreas'),('ORG_631','Heart'),('ORG_831','Kidney'),('ORG_831','Cornea'),('ORG_831','Pancreas'),('ORG_544','Liver'),('ORG_544','Cornea'),('ORG_544','Heart'),('ORG_544','Lung'),('ORG_523','Lung'),('ORG_523','Heart'),('ORG_476','Kidney'),('ORG_476','Pancreas'),('ORG_227','Lung'),('ORG_227','Heart'),('ORG_326','Pancreas'),('ORG_326','Heart'),('ORG_399','Heart'),('ORG_399','Cornea'),('ORG_802','Lung'),('ORG_802','Pancreas'),('ORG_802','Kidney');
/*!40000 ALTER TABLE `Organisation_Org_Accepted` ENABLE KEYS */;
UNLOCK TABLES;

--
-- Table structure for table `Pancreas`
--

DROP TABLE IF EXISTS `Pancreas`;
/*!40101 SET @saved_cs_client     = @@character_set_client */;
/*!40101 SET character_set_client = utf8 */;
CREATE TABLE `Pancreas` (
  `ORGAN_id` char(8) NOT NULL,
  `DON_id` char(9) DEFAULT NULL,
  `PAT_id` char(9) DEFAULT NULL,
  `Matched_id` char(8) DEFAULT NULL,
  `OPTN` double DEFAULT NULL,
  PRIMARY KEY (`ORGAN_id`),
  KEY `PAT_id` (`PAT_id`),
  KEY `Matched_id` (`Matched_id`),
  KEY `DON_id` (`DON_id`),
  CONSTRAINT `Pancreas_ibfk_1` FOREIGN KEY (`PAT_id`) REFERENCES `Patient` (`PAT_id`),
  CONSTRAINT `Pancreas_ibfk_2` FOREIGN KEY (`Matched_id`) REFERENCES `Pancreas` (`ORGAN_id`),
  CONSTRAINT `Pancreas_ibfk_3` FOREIGN KEY (`DON_id`) REFERENCES `Organ_Donor` (`DON_id`)
) ENGINE=InnoDB DEFAULT CHARSET=latin1;
/*!40101 SET character_set_client = @saved_cs_client */;

--
-- Dumping data for table `Pancreas`
--

LOCK TABLES `Pancreas` WRITE;
/*!40000 ALTER TABLE `Pancreas` DISABLE KEYS */;
INSERT INTO `Pancreas` VALUES ('PN000001',NULL,'PAT_3411',NULL,12.20278071290014),('PN000002',NULL,'PAT_653',NULL,12.21159003398969),('PN000003',NULL,'PAT_3827',NULL,12.98242141061616),('PN000004',NULL,'PAT_1184',NULL,13.475495389033496),('PN000005',NULL,'PAT_618',NULL,10.68825676121601),('PN000006',NULL,'PAT_1395',NULL,10.647538021944609),('PN000007',NULL,'PAT_421',NULL,12.286819196664522),('PN000008',NULL,'PAT_1242',NULL,11.010988349731837),('PN000009',NULL,'PAT_3770',NULL,10.18449341217546),('PN000010',NULL,'PAT_1927',NULL,12.1286661336256),('PN000011',NULL,'PAT_3469',NULL,11.924323490674855),('PN000012',NULL,'PAT_2549',NULL,11.206730956521946),('PN000013',NULL,'PAT_596',NULL,14.346674596359154),('PN000014',NULL,'PAT_337',NULL,12.266524650438136),('PN000015',NULL,'PAT_1138',NULL,11.40866665687485),('PN000016',NULL,'PAT_1603',NULL,12.320478854794402),('PN000017',NULL,'PAT_1110',NULL,13.034674575964459),('PN000018',NULL,'PAT_2780',NULL,13.041673931024373),('PN000019',NULL,'PAT_572',NULL,13.760754319048488),('PN000020',NULL,'PAT_2639',NULL,13.317806431128991),('PN000021',NULL,'PAT_2974',NULL,11.7007354617848),('PN000022',NULL,'PAT_397',NULL,12.215040147312308),('PN000023',NULL,'PAT_2681',NULL,11.203303245429504),('PN000024',NULL,'PAT_2946',NULL,10.482480131064108),('PN000025',NULL,'PAT_1220',NULL,14.474395935885541),('PN000026',NULL,'PAT_2145',NULL,14.279680152870561),('PN000027',NULL,'PAT_2439',NULL,12.549529429027244),('PN000028',NULL,'PAT_3393',NULL,14.067361653426001),('PN000029',NULL,'PAT_469',NULL,12.444088672083332),('PN000030',NULL,'PAT_148',NULL,10.845338978139385),('PN000031',NULL,'PAT_777',NULL,12.77369004855338),('PN000032',NULL,'PAT_3588',NULL,11.100119170556383),('PN000033',NULL,'PAT_1271',NULL,11.99642186723177),('PN000034',NULL,'PAT_3042',NULL,13.603438591673427),('PN000035',NULL,'PAT_2412',NULL,11.025231592498761),('PN000036',NULL,'PAT_1019',NULL,13.431245467819863),('PN000037',NULL,'PAT_1098',NULL,12.385828989904725),('PN000038',NULL,'PAT_1816',NULL,13.177030579731593),('PN000039',NULL,'PAT_3057',NULL,11.618391420960641),('PN000040',NULL,'PAT_3452',NULL,12.781692528535126),('PN000041',NULL,'PAT_3218',NULL,11.675946367650056),('PN000042',NULL,'PAT_2550',NULL,10.818349669556836),('PN000043',NULL,'PAT_3552',NULL,13.550434797150618),('PN000044',NULL,'PAT_2212',NULL,13.730044442953591),('PN000045',NULL,'PAT_2364',NULL,13.03247637557967),('PN000046',NULL,'PAT_63',NULL,11.492126280800967),('PN000047',NULL,'PAT_807',NULL,10.887943334540445),('PN000048',NULL,'PAT_529',NULL,12.191528083307734),('PN000049',NULL,'PAT_1473',NULL,12.7368080642205),('PN000050',NULL,'PAT_1171',NULL,10.652781501882947),('PN000051',NULL,'PAT_737',NULL,12.40153884174184),('PN000052',NULL,'PAT_449',NULL,14.35518692421216),('PN000053',NULL,'PAT_1744',NULL,12.356176470793976),('PN000054',NULL,'PAT_1814',NULL,13.553644388413609),('PN000055',NULL,'PAT_253',NULL,14.288990089642468),('PN000056',NULL,'PAT_1551',NULL,12.973535696259416),('PN000057',NULL,'PAT_3717',NULL,10.739159170513082),('PN000058',NULL,'PAT_2665',NULL,12.994908528591708),('PN000059',NULL,'PAT_250',NULL,12.216835395213334),('PN000060',NULL,'PAT_89',NULL,12.78778266470108),('PN000061',NULL,'PAT_1307',NULL,12.482024894487258),('PN000062',NULL,'PAT_1577',NULL,10.564473495403135),('PN000063',NULL,'PAT_2388',NULL,11.146788161088478),('PN000064',NULL,'PAT_931',NULL,14.262777952227465),('PN000065',NULL,'PAT_2077',NULL,10.029307958935572),('PN000066',NULL,'PAT_784',NULL,11.992624681120883),('PN000067',NULL,'PAT_3771',NULL,14.20281486485258),('PN000068',NULL,'PAT_131',NULL,13.100404518515603),('PN000069',NULL,'PAT_3949',NULL,13.058280328750401),('PN000070',NULL,'PAT_574',NULL,13.58344023239953),('PN000071',NULL,'PAT_217',NULL,13.05585287338429),('PN000072',NULL,'PAT_3325',NULL,11.880131819347806),('PN000073',NULL,'PAT_362',NULL,13.276447784819398),('PN000074',NULL,'PAT_451',NULL,10.875712709161064),('PN000075','DON_507',NULL,NULL,13.701746205163325),('PN000076','DON_589',NULL,NULL,14.044689948940203),('PN000077','DON_651',NULL,NULL,13.109595729009524),('PN000078','DON_842',NULL,NULL,13.93641670078993),('PN000079','DON_701',NULL,NULL,14.490665699041639),('PN000080','DON_983',NULL,NULL,13.525286808860287),('PN000081','DON_140',NULL,NULL,13.775572632746368),('PN000082','DON_911',NULL,NULL,14.080928656825677),('PN000083','DON_870',NULL,NULL,12.09827024002037),('PN000084','DON_177',NULL,NULL,13.663571778963652),('PN000085','DON_732',NULL,NULL,10.339108893417846),('PN000086','DON_691',NULL,NULL,12.883930405742499);
/*!40000 ALTER TABLE `Pancreas` ENABLE KEYS */;
UNLOCK TABLES;

--
-- Table structure for table `Patient`
--

DROP TABLE IF EXISTS `Patient`;
/*!40101 SET @saved_cs_client     = @@character_set_client */;
/*!40101 SET character_set_client = utf8 */;
CREATE TABLE `Patient` (
  `Pincode` char(6) NOT NULL,
  `Last_check_up_date` date DEFAULT NULL,
  `PAT_id` char(9) NOT NULL,
  `Name` varchar(35) NOT NULL,
  `Contact` char(10) NOT NULL,
  `Address` varchar(100) NOT NULL,
  `Doc_id` char(9) NOT NULL,
  `Age` int(11) NOT NULL,
  `Blood_Group` varchar(3) NOT NULL,
  PRIMARY KEY (`PAT_id`),
  KEY `Doc_id` (`Doc_id`),
  CONSTRAINT `Patient_ibfk_1` FOREIGN KEY (`Doc_id`) REFERENCES `Doctor` (`Doc_ID`)
) ENGINE=InnoDB DEFAULT CHARSET=latin1;
/*!40101 SET character_set_client = @saved_cs_client */;

--
-- Dumping data for table `Patient`
--

LOCK TABLES `Patient` WRITE;
/*!40000 ALTER TABLE `Patient` DISABLE KEYS */;
INSERT INTO `Patient` VALUES ('521162','2019-12-14','PAT_1017','Patsy Hulse','8937657061','0629 Heather Forks Suite 747 Ramannapet ANDHRA PRADESH','DOC_22249',37,'AB-'),('221711','2019-08-24','PAT_1019','Claire Gieger','8304962013','679 Powell Passage Suite 658 Inds0 UTTAR PRADESH','DOC_49941',27,'O-'),('604203','2019-11-01','PAT_1034','Derrick Plank','8735616659','83981 Martinez Causeway Apt. 799 Arugavur TAMILNADU','DOC_84324',29,'B+'),('627201','2020-01-30','PAT_1042','Stuart Gerry','8243309738','175 Smith Road Suite 124 Madavakurichi TAMILNADU','DOC_31310',55,'AB+'),('721150','2019-12-30','PAT_1053','Evelyn Kent','8053553437','74996 Williams Corner Suite 187 Parsura WEST BENGAL','DOC_83725',29,'A+'),('679336','2019-12-09','PAT_1062','Irene Goehring','8108227136','1385 Haley Hill Marayamangalam KERALA','DOC_7778',50,'AB-'),('194301','2019-09-28','PAT_1066','Avery Richards','8893542338','88804 Garcia Brooks Purthikchey JAMMUKASHMIR','DOC_40399',22,'B-'),('442903','2019-08-04','PAT_1078','Amy Bobb','8001686966','289 Michael Locks Sathgaon MAHARASHTRA','DOC_60248',20,'A-'),('272155','2019-11-18','PAT_1079','Edna Theiler','8521751696','97383 Barry Ways Suite 531 Barahpur UTTAR PRADESH','DOC_20522',40,'O-'),('229412','2019-08-07','PAT_1080','Betty Murray','8450170623','56626 Martin Pines Ulda UTTAR PRADESH','DOC_68117',45,'AB-'),('313038','2019-12-05','PAT_1085','Katie Stacey','8208792281','5460 Sullivan Station Matasula RAJASTHAN','DOC_69498',55,'AB+'),('413737','2019-10-27','PAT_1095','Tierra Craig','8868880200','952 John Vista Babhleshwar MAHARASHTRA','DOC_5275',35,'O+'),('505404','2019-12-06','PAT_1098','Jeffrey Miller','8591452168','53643 Natalie Pike Suite 346 Pothgal ANDHRA PRADESH','DOC_42999',23,'AB+'),('143415','2019-12-07','PAT_1110','Theodore Lopez','8783263830','832 Kyle Rapids Suite 597 Jaura PUNJAB','DOC_54452',59,'B-'),('344001','2020-02-21','PAT_1114','Jeffrey Soland','8322648422','7678 Watson Valleys Uttarl R.S. RAJASTHAN','DOC_14682',68,'B-'),('756023','2020-02-01','PAT_1115','Jennifer Cooper','8397140538','74915 Sabrina Loop Suite 462 Beladandia ORISSA','DOC_14144',43,'A+'),('311025','2019-08-23','PAT_1118','Karen Vargas','8205029715','169 Krueger Lights Suthepa RAJASTHAN','DOC_22249',21,'O-'),('501101','2020-02-12','PAT_1127','Matthew Polich','8880806697','815 Stone Run Suite 738 Anantagiripally ANDHRA PRADESH','DOC_30996',57,'O+'),('782435','2020-01-01','PAT_1129','Michael Gourley','8984068772','7940 David Row Padumpukhuri ASSAM','DOC_12861',49,'AB+'),('535281','2019-12-03','PAT_1130','John Cline','8592123397','7709 Moran Way Nallaballi ANDHRA PRADESH','DOC_16914',60,'A-'),('327001','2019-08-11','PAT_1131','Esther Jackson','8252523108','6241 Gabrielle Branch Apt. 313 Bor Khaber RAJASTHAN','DOC_84439',62,'A+'),('572103','2020-02-28','PAT_1134','Sandra Jones','8980222350','62035 Ashley Groves Suite 776 R G Market Tumkur KARNATAKA','DOC_60838',27,'AB+'),('581355','2019-11-16','PAT_1138','Holly Reimers','8503597073','821 Torres Vista Suite 814 Tyarsi KARNATAKA','DOC_61222',50,'B-'),('363510','2019-09-28','PAT_114','Rachel Flores','8314667911','9817 Wheeler Manor Apt. 266 Sarla GUJARAT','DOC_10338',47,'A-'),('721443','2019-11-18','PAT_117','Duane Combs','8631020548','535 Cook Mountain Renjura WEST BENGAL','DOC_73886',23,'A-'),('781341','2019-12-18','PAT_1171','Diane Green','8107047078','817 Gavin Underpass Kendukuchi ASSAM','DOC_63507',22,'B-'),('388150','2019-09-09','PAT_1184','Carman Welch','8248161712','247 Patricia Route Nar GUJARAT','DOC_61222',56,'AB+'),('625519','2020-01-25','PAT_1185','Ellen Stewart','8389993676','34081 Andrew Meadows Suite 040 Manalar TAMILNADU','DOC_56279',33,'B+'),('560003','2020-02-07','PAT_1197','Edna Lombardo','8687276505','876 Cook Crest Venkatarangapura KARNATAKA','DOC_7492',47,'O+'),('770019','2019-12-09','PAT_1206','Richard Ortmann','8664637228','8363 Kaitlyn Village Kinjirma ORISSA','DOC_54655',30,'AB+'),('473638','2019-10-10','PAT_1210','Susan Edwards','8447488211','771 Williamson Port Katthamil Shivpuri MADHYA PRADESH','DOC_42273',24,'O-'),('466115','2019-11-22','PAT_1220','Charles Jolicoeur','8186443942','97317 Ellen Ford Suite 981 Dolatpur MADHYA PRADESH','DOC_1821',53,'O+'),('848129','2020-01-04','PAT_1226','Jesse Conrad','8345155552','74771 Alicia Stravenue Shambhupatti BIHAR','DOC_32278',67,'B-'),('184206','2019-12-14','PAT_1228','Joan Adkins','8965765326','58411 Bean Cove Daggar JAMMUKASHMIR','DOC_98355',37,'B-'),('480447','2020-02-18','PAT_1230','Eric Santos','8966320580','57704 Holloway Harbor Barkuhi MADHYA PRADESH','DOC_65784',23,'O-'),('736159','2019-11-19','PAT_1236','Keith Zaiser','8960565840','496 Emily Union Apt. 585 Shalbari WEST BENGAL','DOC_94954',69,'B+'),('627861','2020-01-16','PAT_1242','Lou Shelton','8760206297','237 Massey Roads Veeranam TAMILNADU','DOC_12457',57,'O+'),('600034','2020-01-26','PAT_1244','Russell Burdette','8893460435','1747 Ibarra Way Nungambakkam TAMILNADU','DOC_26115',43,'B-'),('764044','2019-11-02','PAT_1255','Michael Cannon','8591439313','72589 Reid Center Suite 714 Mekka ORISSA','DOC_40111',27,'A+'),('515521','2019-09-14','PAT_1258','Henry Roberson','8771464721','516 Bird Inlet Mekalacheruvu ANDHRA PRADESH','DOC_4876',36,'O-'),('605105','2019-11-24','PAT_1270','Ryan Broach','8733523477','4925 Mahoney Road Poovarasankuppam TAMILNADU','DOC_23915',18,'A-'),('305206','2020-01-09','PAT_1271','Karen Crouch','8085797269','85005 David Shoal Saradhana RAJASTHAN','DOC_282',57,'O+'),('770018','2019-09-01','PAT_1278','Fernando Paul','8739132727','615 Monique Pass Amgova ORISSA','DOC_68117',36,'B+'),('210121','2020-02-21','PAT_1280','Clyde Mayo','8593161205','49272 Arnold Radial Pindaran UTTAR PRADESH','DOC_59958',65,'AB+'),('833203','2019-09-29','PAT_1282','Alex Ludkowski','8376704490','778 Case Stravenue Maluka JHARKHAND','DOC_65784',28,'AB-'),('227131','2019-12-31','PAT_1293','Elva Hunter','8939627266','7139 Shelby Lodge Bara UTTAR PRADESH','DOC_43756',58,'O+'),('472246','2020-02-07','PAT_1297','Nicholas Rivera','8476954390','386 Shaffer Well Suite 048 Dhilla MADHYA PRADESH','DOC_75668',49,'AB-'),('143601','2019-09-22','PAT_1307','William Sappington','8789163889','06868 Hoffman Island Apt. 032 Sham Nagar PUNJAB','DOC_11958',25,'A+'),('145001','2019-12-16','PAT_131','Wilfred Orosco','8303303370','0936 Vargas Corners Mamoon PUNJAB','DOC_95320',47,'AB-'),('325009','2019-08-15','PAT_1319','Stephen Bradbury','8140792079','21495 Sarah Springs Khatoli RAJASTHAN','DOC_77254',66,'A+'),('344037','2019-09-04','PAT_1325','Duane Collins','8831788787','76684 Marshall Street Suite 020 Jakhada RAJASTHAN','DOC_20070',45,'AB-'),('680514','2020-02-12','PAT_1342','Hannah Metheney','8414396562','805 Morgan Square Suite 337 Kadappuram KERALA','DOC_38961',60,'B+'),('501506','2020-01-27','PAT_1356','Laura Hill','8526030940','0640 Gonzalez Via Apt. 939 Eleminedu ANDHRA PRADESH','DOC_84215',45,'B-'),('245412','2019-12-23','PAT_1358','Crystal White','8030675979','387 Marcus Coves Baddha  Bazidpur UTTAR PRADESH','DOC_87701',22,'AB+'),('841504','2020-01-17','PAT_1395','Laurie Mckinley','8614293885','7325 Barry Stream Apt. 476 Ramnagar BIHAR','DOC_36405',42,'B+'),('272002','2019-11-23','PAT_141','Jose Northrup','8519667333','Unit 9986 Box 4622 Karma Khan UTTAR PRADESH','DOC_40399',28,'B-'),('583219','2019-10-26','PAT_142','James Pena','8635494820','6507 Kyle Expressway Apt. 402 Navali KARNATAKA','DOC_51803',66,'AB-'),('249155','2020-01-09','PAT_1435','Jessica Lamm','8240966087','263 Caitlin Gateway Suite 961 Bhatgaon UTTARAKHAND','DOC_34770',25,'B+'),('500022','2020-01-23','PAT_1447','Donna Kelly','8998472169','450 Alexandra Gardens Central Secretariat ANDHRA PRADESH','DOC_87624',29,'O-'),('383340','2020-02-21','PAT_1448','Blake Yenz','8539960194','433 Gerald Union Apt. 237 Savela GUJARAT','DOC_6829',35,'B-'),('442301','2020-02-19','PAT_1458','George Ballard','8724775146','8402 Campbell Ford Nimbha MAHARASHTRA','DOC_49046',33,'O+'),('845454','2020-02-24','PAT_1464','Ashley Robertson','8650124811','287 Michael Ridge Suite 408 Harpur Tola BIHAR','DOC_65293',22,'B-'),('321615','2019-11-01','PAT_1465','Dexter Mendibles','8573806180','432 Estes Shoal Apt. 399 Naroli RAJASTHAN','DOC_94475',27,'B+'),('770042','2019-11-28','PAT_1467','Hung Harmon','8533447576','227 Shepard Springs Tensa ORISSA','DOC_23280',33,'AB+'),('143528','2019-11-29','PAT_1473','Natosha Liberty','8032579236','46802 Wilkerson Crescent Suite 599 Nainakot PUNJAB','DOC_16952',65,'A-'),('577412','2020-02-03','PAT_148','Robert Terp','8009618572','9761 Quinn Squares Apt. 788 Ullur KARNATAKA','DOC_29132',69,'B-'),('363421','2019-09-17','PAT_151','Doris Peters','8835737411','Unit 1875 Box 6314 Tokrala GUJARAT','DOC_3231',28,'AB-'),('626101','2020-02-09','PAT_1519','Verla Simonson','8282590590','18630 Colon Parkway Apt. 646 Aruppukottai East TAMILNADU','DOC_92083',46,'B+'),('764072','2020-02-11','PAT_1523','James Thieman','8764512723','253 Aguilar Mountains Singisari ORISSA','DOC_56436',53,'AB-'),('415408','2020-02-14','PAT_1526','Danny Allison','8527936937','003 Terry Roads Suite 409 Ingrul MAHARASHTRA','DOC_53060',54,'AB-'),('392220','2019-09-26','PAT_153','Charles Rodriguez','8248894476','874 Karen Roads Suite 035 Matroj GUJARAT','DOC_40239',56,'O+'),('146001','2020-02-06','PAT_1537','John Morgan','8435767470','19973 Jessica Meadows Suite 691 Baghpur PUNJAB','DOC_45298',50,'A+'),('246721','2020-01-08','PAT_154','Crystal Speer','8842443356','24725 Mark Loop Mohd.Pur Devmal UTTAR PRADESH','DOC_82361',28,'A-'),('250101','2019-10-21','PAT_1547','Nelson Jacob','8711168733','00368 Kristen Garden Suite 521 Garhi Kalanjiri UTTAR PRADESH','DOC_56418',49,'AB+'),('605106','2020-01-11','PAT_155','Raisa Richardson','8300662251','1156 Kirk Villages Nallathur TAMILNADU','DOC_83725',57,'AB+'),('327022','2019-10-03','PAT_1551','Brian Cothran','8338128377','0215 Simmons Manors Suite 599 Matwala RAJASTHAN','DOC_56875',44,'B-'),('456665','2019-08-09','PAT_1556','Robert Gathers','8919887195','972 Marvin Port Apt. 577 Sumrakheda MADHYA PRADESH','DOC_14144',60,'A+'),('752038','2019-10-16','PAT_1577','David Sas','8153933897','686 Brian Views Apt. 765 Godikilo ORISSA','DOC_52127',41,'A-'),('421204','2019-10-20','PAT_1579','Lupe Montes','8544090185','Unit 7228 Box 3369 Manpada MAHARASHTRA','DOC_70527',52,'A+'),('144208','2019-11-22','PAT_1581','Carmella Dubay','8816471652','257 Ramirez Lodge Apt. 231 Gobindpur Khun Khun PUNJAB','DOC_13442',35,'A+'),('576216','2020-02-07','PAT_1593','Rosemary Dudley','8296468866','USNV Robinson Ganguli Bunder KARNATAKA','DOC_7028',31,'AB+'),('854318','2020-01-27','PAT_1599','Sophia Joyner','8546247564','040 Kim Extension Suite 301 Haripur Dak BIHAR','DOC_25821',54,'A-'),('624401','2020-02-08','PAT_160','Jane Frey','8466693625','5100 Clark Fork Sethur TAMILNADU','DOC_3573',31,'A-'),('591233','2020-01-16','PAT_1603','Sherrie Hegge','8040335220','091 Heather Mountains Talakatnal KARNATAKA','DOC_21230',60,'A+'),('768038','2019-12-12','PAT_1615','Eric Moradian','8234208799','PSC 0709, Box 6239 Bargarh-bargaon ORISSA','DOC_32181',58,'O-'),('262311','2019-09-12','PAT_1625','Felix Smith','8548922177','3613 Knight Ramp Apt. 306 Sarasaria UTTARAKHAND','DOC_24811',27,'A-'),('533235','2019-08-07','PAT_1637','John Rodriguez','8464136807','886 Yoder Rest Suite 793 Vasanthavada ANDHRA PRADESH','DOC_77573',70,'AB+'),('737111','2020-02-02','PAT_1644','Christopher Campbell','8776336305','059 Gomez Corners Karjee WEST BENGAL','DOC_89215',56,'O+'),('202522','2019-09-25','PAT_1645','Jodi Ramos','8932783622','058 Kayla Squares Pataria UTTAR PRADESH','DOC_1730',63,'O-'),('768029','2019-08-10','PAT_1650','Sandra Moore','8573209797','623 Foster Junction Kainsir ORISSA','DOC_60329',43,'A+'),('721260','2019-08-16','PAT_1652','Kim Battaglia','8842913679','82680 Barker Summit Suite 985 Toria WEST BENGAL','DOC_80384',63,'A+'),('522101','2019-08-01','PAT_1658','Lisa Blair','8248413169','USNS Moran Snpagraharam ANDHRA PRADESH','DOC_13442',26,'B-'),('814110','2019-10-18','PAT_1661','Norris Conner','8246464372','1131 Donald Manors Suite 186 Puranadumka JHARKHAND','DOC_51512',64,'AB-'),('673580','2019-08-02','PAT_1665','Ronald Calles','8659795489','093 Brown Overpass Theyyappara KERALA','DOC_77870',40,'AB-'),('413401','2019-08-22','PAT_168','Angelo Stanger','8890270480','15912 Owen Bridge Suite 193 Korphale MAHARASHTRA','DOC_46422',58,'A-'),('152121','2019-11-27','PAT_1698','Patricia Ramirez','8075141396','708 Gabrielle Trafficway Suite 269 Kamal Wala PUNJAB','DOC_84041',42,'O+'),('470880','2019-11-29','PAT_1701','Jeffrey Stewart','8682916112','6355 Nicholson Junction Suite 406 Deori Jmadar MADHYA PRADESH','DOC_19768',18,'B-'),('767027','2019-09-18','PAT_1703','Wade Vesely','8521801745','483 Paul Villages Kandhenjhula ORISSA','DOC_22101',59,'B-'),('768105','2019-09-19','PAT_1713','Young Bemis','8102605363','29007 Good Ville Suite 481 Lipinda ORISSA','DOC_84745',38,'AB-'),('802208','2019-08-17','PAT_1720','Christopher Boyd','8447010275','1490 Holmes Village Nawada Pataria BIHAR','DOC_98665',49,'B+'),('360330','2019-11-14','PAT_173','Deborah Donnelly','8038724717','8887 Jonathan Point Suite 430 Devchadi GUJARAT','DOC_77175',63,'A+'),('334602','2020-02-14','PAT_174','Angela Hudson','8428257799','4957 Cruz Camp Suite 272 Rawansar RAJASTHAN','DOC_60329',40,'B-'),('382150','2020-01-26','PAT_1744','Manuel Bonilla','8884102535','95477 Sharp Springs Sachana GUJARAT','DOC_31445',47,'B-'),('383317','2020-02-01','PAT_1751','Thomas Elmore','8992154876','408 Nicole Fields Mahadevgram GUJARAT','DOC_18290',49,'A-'),('396230','2019-12-25','PAT_1759','Jesus Hadsall','8457101001','7587 Ware Circle Suite 987 Chisda GUJARAT','DOC_96645',56,'AB-'),('182145','2019-10-16','PAT_1764','Gerald Johnson','8019210105','016 Howard Fort Suite 668 Khorial JAMMUKASHMIR','DOC_67547',39,'B+'),('505325','2019-09-01','PAT_1775','Patricia Mckinney','8643640792','37038 Martinez Streets Apt. 840 Venkatropet ANDHRA PRADESH','DOC_54431',43,'B-'),('690106','2019-08-10','PAT_1777','Robert Murphy','8533804684','11854 Salinas Haven Apt. 610 Kannamangalam KERALA','DOC_90733',28,'B-'),('713426','2020-02-10','PAT_1787','Sonya Morales','8589557569','1179 Bradley Drives Ramchandrapur WEST BENGAL','DOC_45111',19,'B-'),('313328','2020-01-20','PAT_1788','Joseph Hagan','8586049580','52167 Allen Stream Gogathala RAJASTHAN','DOC_48702',36,'O+'),('756029','2019-12-11','PAT_1796','Doris Moon','8552245381','24927 Ramirez Manors Bidyadharpur ORISSA','DOC_6234',49,'A-'),('210001','2019-10-08','PAT_1814','Sheila Guttman','8571394866','55448 Peggy Coves Goeramugli UTTAR PRADESH','DOC_64913',18,'A+'),('382150','2020-01-15','PAT_1816','Bonnie Nolte','8234582131','82574 Harris Course Apt. 425 Ukhlod GUJARAT','DOC_8757',58,'A-'),('249171','2019-09-26','PAT_1846','Lee Tate','8571465572','Unit 5730 Box 6337 Bhankoli-ranwain UTTARAKHAND','DOC_68094',51,'B+'),('591114','2020-02-08','PAT_1849','Jodi Soileau','8788483171','5860 Fisher Burgs Chandargi KARNATAKA','DOC_34938',40,'AB-'),('624005','2019-10-15','PAT_1869','Nicole Defelice','8801221075','252 Carey Stream Thottanampatti TAMILNADU','DOC_70851',61,'AB-'),('144004','2019-08-11','PAT_187','Dena Richman','8648993452','USNS Gordon Randhawa Masanda PUNJAB','DOC_3881',66,'A-'),('846004','2020-01-10','PAT_1877','Billy Brown','8503296282','19572 Haynes Center Apt. 452 C M College BIHAR','DOC_56418',41,'B+'),('843302','2019-08-26','PAT_1882','Pearlene Beck','8014695080','PSC 8365, Box 9965 Rajopatti BIHAR','DOC_98914',30,'O+'),('713326','2019-10-18','PAT_1911','William Lindsey','8472200369','0521 Mcgee Rapids Chotodighari WEST BENGAL','DOC_12861',42,'AB-'),('243122','2019-08-13','PAT_1914','Megan Lee','8590864002','783 Diana Rapids Biharman Nagla UTTAR PRADESH','DOC_99210',40,'O-'),('181201','2020-02-09','PAT_1927','Yvette Gordon','8069613419','88505 Emily Ranch Mandarian JAMMUKASHMIR','DOC_41961',18,'O-'),('392220','2020-01-29','PAT_1937','Robert Foti','8844175989','USS Williams Mesrad GUJARAT','DOC_58361',33,'AB+'),('470661','2020-01-05','PAT_1940','Gustavo Woodworth','8591077168','USNS Rivera Belai MADHYA PRADESH','DOC_61160',41,'B-'),('486669','2020-02-20','PAT_1946','Phyllis Copstead','8858577446','141 Reynolds Route Apt. 985 Rajaniya MADHYA PRADESH','DOC_78360',19,'B+'),('283110','2019-11-24','PAT_1947','Julian Munoz','8023432856','92620 Shepherd Forks Jajau UTTAR PRADESH','DOC_87701',48,'B+'),('848201','2019-10-19','PAT_1951','Benjamin Jackson','8740342086','629 Vaughn Forest Suite 903 Deopura BIHAR','DOC_636',56,'A-'),('245403','2020-01-07','PAT_196','Alma Badillo','8969227868','688 Brandon Pine Gesupur Barwala UTTAR PRADESH','DOC_44910',37,'O+'),('534320','2019-09-30','PAT_1962','Cynthia Farr','8271361444','48598 Aaron Crossroad Suite 758 Pekeru ANDHRA PRADESH','DOC_80384',18,'AB-'),('431703','2019-08-06','PAT_1984','Jack Lightfoot','8665918395','USCGC Ward Hatala MAHARASHTRA','DOC_59958',24,'AB+'),('501101','2020-01-22','PAT_1999','Donald Richard','8149363888','9801 Hall Club Suite 034 Atveli ANDHRA PRADESH','DOC_89484',24,'A-'),('125120','2019-11-08','PAT_2019','Chuck Morris','8906645085','757 Brian Gardens Pirthala HARYANA','DOC_45213',36,'A+'),('853205','2020-01-04','PAT_2033','Shirley Mcnabb','8390612643','568 Erica Meadows Suite 388 Ismailpur BIHAR','DOC_62057',47,'AB-'),('304021','2020-01-27','PAT_2046','Jennifer Betts','8183934770','43774 Amy Glens Apt. 920 Seedra RAJASTHAN','DOC_57225',32,'AB-'),('262406','2019-11-05','PAT_2062','Joseph Jauregui','8835344628','Unit 2101 Box 6398 Narharpur Gaurikhera UTTAR PRADESH','DOC_65827',68,'O-'),('517581','2020-01-17','PAT_2071','Bryan Wilner','8182382907','32912 James Trail Palamangalam ANDHRA PRADESH','DOC_20522',57,'O+'),('382435','2019-12-11','PAT_2076','Stephanie Smith','8834178943','USS Terry Harniav GUJARAT','DOC_53442',31,'B+'),('502291','2019-11-06','PAT_2077','Kenneth Gazaille','8258651442','288 Stacey Island Babulgaon ANDHRA PRADESH','DOC_85497',67,'B-'),('632515','2019-10-21','PAT_2110','William Mcdonald','8923758762','176 Adams Crossroad Suite 252 Seekarajapuram TAMILNADU','DOC_81428',61,'O+'),('689107','2019-10-14','PAT_2116','Richard Wilson','8768497666','2341 Murphy Forges Perumthuruthy KERALA','DOC_58722',52,'B-'),('413201','2019-11-08','PAT_2145','Irma Summey','8712043268','76193 Elizabeth Vista Suite 234 Kaudgaon MAHARASHTRA','DOC_11958',19,'AB+'),('424101','2019-11-17','PAT_2164','Bobby Harris','8089720141','934 Howard Flat Apt. 893 Bhoras Budruk MAHARASHTRA','DOC_27724',68,'O-'),('313201','2019-09-06','PAT_217','Crystal Dawson','8214688092','59019 Robbins Trail Veerdholia RAJASTHAN','DOC_31701',64,'AB-'),('385340','2019-09-03','PAT_2185','Jane Esquivel','8356456719','9465 Moran Viaduct Bandhvad GUJARAT','DOC_23102',32,'AB+'),('403709','2019-09-23','PAT_22','William Bennett','8059774013','9013 Davis Station Apt. 548 Curtorim MAHARASHTRA','DOC_42296',62,'O-'),('425401','2020-01-18','PAT_2206','Pedro Carroll','8418186186','2899 Adams Roads Ranaiche MAHARASHTRA','DOC_32719',46,'B-'),('522124','2019-08-30','PAT_221','Mack Jordan','8649658463','6522 Anthony Plaza Apt. 394 Ponnur ANDHRA PRADESH','DOC_89223',58,'O-'),('605107','2019-09-21','PAT_2212','Arline Martin','8709183067','5633 Salas Corners Puranasingupalayam TAMILNADU','DOC_8405',53,'O+'),('764078','2020-01-28','PAT_2215','Paul Hayes','8597611077','USNS Smith R.Jaganathpur ORISSA','DOC_55089',48,'B+'),('845105','2019-11-12','PAT_2220','Fred Edwards','8519775687','26834 Kathryn Trail Semra Medraul BIHAR','DOC_66635',42,'B+'),('788108','2019-11-02','PAT_223','William Williams','8265385297','178 Tracey Springs Suite 842 Lodikachari ASSAM','DOC_33265',50,'O+'),('390007','2019-10-16','PAT_2234','Tony Escobedo','8585640874','17323 Cordova Drive Suite 068 Vasna Road GUJARAT','DOC_24722',38,'A+'),('473585','2019-12-18','PAT_2244','Mary Muscara','8754250401','PSC 9845, Box 1405 Bijrawan MADHYA PRADESH','DOC_17727',27,'B-'),('341503','2019-10-28','PAT_2245','Elena Moran','8551351955','0078 Andre Knoll Suite 759 Nimbrikallan RAJASTHAN','DOC_62780',46,'AB-'),('756045','2019-11-09','PAT_2247','Corinne Bergquist','8903725869','1479 Donna Bypass Mangalapur ORISSA','DOC_54460',52,'O+'),('392040','2019-12-03','PAT_2251','Gary Ashley','8997435856','680 Thompson Court Apt. 854 Devla GUJARAT','DOC_46654',39,'B-'),('210001','2019-09-11','PAT_2259','Douglas Jeffers','8550905828','785 Jeffrey Point Apt. 558 Ajeetpur UTTAR PRADESH','DOC_2660',64,'AB+'),('442605','2019-11-05','PAT_226','Elliott Smith','8422073709','5628 Willie Path Ambeshioni MAHARASHTRA','DOC_58361',35,'B+'),('182203','2019-08-16','PAT_2262','John Steichen','8067483767','79762 Kelley Forks Apt. 709 Chouri JAMMUKASHMIR','DOC_2820',59,'O+'),('845301','2019-08-24','PAT_2271','Jonathan Byers','8011534874','125 Mclean Fields Dubaha BIHAR','DOC_41053',25,'AB+'),('484224','2020-02-18','PAT_2273','David Potts','8574648697','76140 Taylor Springs Suite 068 Pasla MADHYA PRADESH','DOC_24482',65,'B+'),('626133','2019-12-17','PAT_2313','Karen Jones','8791180921','10008 Terri Landing Suite 890 Kummapatti TAMILNADU','DOC_48308',46,'AB-'),('476335','2020-02-07','PAT_2314','Carol Ramirez','8542485820','3288 Thompson Stream Suite 446 Ghunghas MADHYA PRADESH','DOC_43768',70,'O+'),('518344','2019-12-11','PAT_2320','Rene Lafountain','8806615466','9930 Brown Shoal Erigeri ANDHRA PRADESH','DOC_36291',32,'B+'),('845458','2020-01-02','PAT_2325','Adriana Raczka','8980901075','USNS Rodriguez Chhapkahia BIHAR','DOC_86904',19,'B-'),('786184','2020-02-29','PAT_2328','Chrystal Zeller','8371781828','400 Jennifer Run Chabua ASSAM','DOC_38961',32,'A-'),('456010','2020-01-21','PAT_2331','Brian Harris','8688555537','775 Kristin Trail Ujjain Vikram University MADHYA PRADESH','DOC_10667',30,'O-'),('486445','2019-08-17','PAT_234','Patti Hood','8347586274','22285 Dustin Via Suite 542 Babaiya MADHYA PRADESH','DOC_29008',65,'O-'),('471525','2019-10-14','PAT_2341','Nathan Dubow','8223726367','185 Amy Falls Hathohan MADHYA PRADESH','DOC_27999',35,'A+'),('757001','2019-12-22','PAT_2356','David Ardizzone','8128342928','08775 Graham Shoal Baripada ORISSA','DOC_47418',18,'O+'),('508286','2019-12-17','PAT_2363','Robert Karn','8676204259','24828 Mark Creek Wangapalli ANDHRA PRADESH','DOC_66958',50,'AB-'),('472221','2019-09-23','PAT_2364','Dorcas Leiber','8660111561','699 Rachel Isle Para MADHYA PRADESH','DOC_97198',23,'AB+'),('632001','2019-11-25','PAT_2375','Jeffery George','8121918307','14507 Johnson Forges Old District Board Buildings TAMILNADU','DOC_5082',19,'B-'),('534311','2019-10-01','PAT_2378','Salvador Hernandez','8390549527','396 Rubio Rapid Rajanagaram ANDHRA PRADESH','DOC_1560',67,'B-'),('509339','2019-12-29','PAT_2384','Jackie Lopez','8533075047','812 Gordon Bypass Suite 207 Sarzakhanpet ANDHRA PRADESH','DOC_60329',70,'B-'),('841214','2019-12-30','PAT_2388','Carl Hilliard','8518339081','PSC 3203, Box 5337 Kachnar BIHAR','DOC_45337',64,'AB+'),('445204','2019-10-15','PAT_2392','Dollie Harris','8566641914','398 Patricia Harbors Apt. 419 Moha MAHARASHTRA','DOC_70527',56,'B+'),('311404','2019-09-20','PAT_2398','Dan Leising','8064041606','54116 Bolton Ports Suite 959 Arnia Rasa RAJASTHAN','DOC_55942',33,'A-'),('577411','2019-09-20','PAT_2400','Kevin Drake','8137061383','92955 Dustin Parks Guddekere KARNATAKA','DOC_13442',35,'O-'),('383430','2019-09-03','PAT_2403','Clara Todd','8118828698','USS Cline Umedpura GUJARAT','DOC_5275',45,'O+'),('829131','2019-12-29','PAT_2405','Mary Wheeler','8097768666','PSC 5185, Box 1576 Src JHARKHAND','DOC_69855',63,'B-'),('632002','2019-10-05','PAT_2412','Jonathan Ramos','8913151316','07624 Karen Mill Chitteri TAMILNADU','DOC_36405',61,'A+'),('334202','2019-12-29','PAT_242','Alva Hewitt','8291144228','0806 Virginia Views Sinthal RAJASTHAN','DOC_84745',33,'O+'),('521301','2019-08-05','PAT_2424','Annette Massey','8594075209','26109 Richard Prairie Gudivada ANDHRA PRADESH','DOC_61160',39,'AB-'),('605759','2019-10-30','PAT_2433','Anthony Keys','8927976262','06362 Rosales Dam Suite 758 Manampoondi TAMILNADU','DOC_25104',34,'A+'),('515631','2019-12-17','PAT_2439','Kiara Harper','8207086059','0809 Judith Haven Peddachigullarevu ANDHRA PRADESH','DOC_99631',64,'A-'),('246443','2020-02-28','PAT_2457','John Goddard','8510601106','USNV Thompson Rainipalla UTTARAKHAND','DOC_27851',23,'B+'),('391775','2020-02-22','PAT_2461','Lauren Koch','8244337424','396 Carlson Coves Namisara GUJARAT','DOC_99759',53,'A-'),('678661','2019-09-23','PAT_2463','Linda Walken','8520340793','0745 Jesse Ports Apt. 612 Thunacadavu KERALA','DOC_44673',30,'O-'),('752031','2019-12-01','PAT_247','Malcolm Rodgers','8440330778','USS Gilmore Godabaris Mahavidyalaya ORISSA','DOC_9354',39,'O-'),('786613','2019-11-29','PAT_2472','Edward Herrera','8927489991','8142 Tate Walks Suite 002 Bamunbari ASSAM','DOC_81528',29,'AB+'),('505473','2020-02-12','PAT_2490','Rima Dunn','8200912948','0584 Armstrong Fort Cheelapur ANDHRA PRADESH','DOC_59154',61,'O+'),('586214','2019-08-12','PAT_2492','Danny Bailey','8021578651','40425 Jose Knoll Tumbagi KARNATAKA','DOC_1737',24,'O+'),('791001','2020-02-11','PAT_2498','Natalie Haught','8531733722','345 Misty Branch Suite 559 Bene NORTH EASTERN','DOC_43462',40,'B-'),('752046','2020-02-25','PAT_250','Inez Williams','8964021169','561 Bartlett Mall Teisipur ORISSA','DOC_21317',63,'AB+'),('577126','2020-01-04','PAT_2509','William Fichter','8886998763','USNV Armstrong Dayamballi KARNATAKA','DOC_52515',29,'A+'),('770076','2020-02-08','PAT_2527','Maria Price','8836241424','96222 Tiffany Burgs Suite 823 Balinga ORISSA','DOC_87833',48,'A-'),('673508','2019-11-13','PAT_253','Luba Hemenway','8346775260','0050 Natalie Loop Kurichagam KERALA','DOC_36405',37,'A-'),('534211','2019-11-25','PAT_2532','Liza Daniel','8111553809','3001 Ashley Villages Apt. 895 Tanuku ANDHRA PRADESH','DOC_10716',47,'A+'),('802206','2020-01-13','PAT_2536','Ernest Topping','8645233387','6323 Hicks Rapids Suite 083 Sakhuan BIHAR','DOC_84844',55,'A+'),('403503','2020-02-03','PAT_2549','Sara Rankin','8310846139','61605 Carter Lodge Advalpal MAHARASHTRA','DOC_17690',67,'O-'),('311401','2019-09-22','PAT_2550','Gregory Tagaban','8532508520','9620 Brett Estates Kalsans RAJASTHAN','DOC_24421',54,'A-'),('394651','2020-01-13','PAT_2572','Mary Washington','8518350497','0152 Katelyn Cove Vadkui GUJARAT','DOC_47228',60,'A-'),('516130','2019-11-09','PAT_2587','Brent Hadden','8724676110','3571 Karen Locks Apt. 199 Kanchipativandlapalli ANDHRA PRADESH','DOC_27603',51,'AB+'),('212502','2019-08-17','PAT_2612','Timothy White','8836566951','871 Kelly Ports Bari UTTAR PRADESH','DOC_65537',22,'AB-'),('813101','2020-01-25','PAT_2633','Charles Hadley','8483504625','075 Christy Plaza Ranikita BIHAR','DOC_23282',53,'AB+'),('576224','2019-09-05','PAT_2637','Dorothy Kane','8518423090','2957 Carrillo Junctions Badakere KARNATAKA','DOC_54431',69,'AB+'),('641028','2019-10-29','PAT_2639','Chris Terres','8167593526','5263 Christopher Curve Suite 671 Sowripalayam TAMILNADU','DOC_55758',37,'A+'),('502108','2019-11-18','PAT_2642','Thomas Rodriguez','8503785222','421 Bryan Brook Suite 660 Habsipur ANDHRA PRADESH','DOC_29958',36,'B-'),('180005','2019-12-06','PAT_2643','Mary Ennis','8502205106','19399 Carter Viaduct Suite 029 Karan Nagar JAMMUKASHMIR','DOC_1097',65,'A-'),('721450','2019-10-25','PAT_2650','Geraldine Brock','8499466332','16417 Joseph Landing Apt. 582 Deshdattabarh WEST BENGAL','DOC_40399',59,'O-'),('363660','2019-08-11','PAT_2665','Eric Cruz','8023852581','Unit 5948 Box 6666 Bodki GUJARAT','DOC_15891',35,'B+'),('627356','2020-02-12','PAT_2667','Robert Libengood','8219351384','260 Potter Mills Kila Omanallur TAMILNADU','DOC_49838',56,'AB-'),('392170','2019-08-04','PAT_267','Jeffery Roux','8767470403','8959 John Court Apt. 406 Kimoj GUJARAT','DOC_24811',22,'A-'),('612802','2020-02-08','PAT_2681','Matthew Smith','8042295922','5846 William Way Maruvathur TAMILNADU','DOC_81749',41,'A+'),('515521','2019-12-04','PAT_2694','Patricia Dunnam','8123465611','473 Maureen Extensions P.Kothapalli ANDHRA PRADESH','DOC_67086',44,'B-'),('232110','2019-11-29','PAT_2710','Erin Obrien','8097478795','PSC 6386, Box 7798 Bagahikumbhapur UTTAR PRADESH','DOC_724',54,'O+'),('676542','2019-10-24','PAT_275','Ronald Alcala','8114099689','2489 Perkins Underpass Pullippadam KERALA','DOC_65174',24,'AB-'),('504001','2020-01-02','PAT_2754','Brittany Ragle','8499517459','97469 Catherine Park Apt. 727 Ankoli ANDHRA PRADESH','DOC_10033',59,'AB-'),('670731','2019-10-15','PAT_2765','Glenn Tolbert','8597697238','9136 Catherine Turnpike Vellamunda KERALA','DOC_35397',50,'AB-'),('445102','2019-12-07','PAT_2767','Frances Parr','8654165153','USCGC Randall Watfali MAHARASHTRA','DOC_73886',51,'A+'),('142052','2019-11-21','PAT_2769','Mary Cooley','8478168190','PSC 7866, Box 5328 Dod R.S PUNJAB','DOC_3573',58,'B-'),('283101','2019-10-25','PAT_278','Daniel Mcglothian','8453161640','9957 Annette Crossing Achnera Mandi UTTAR PRADESH','DOC_50667',31,'O+'),('491221','2019-08-20','PAT_2780','Marcos Kirklin','8032411876','433 Cameron Crossing Suite 942 Machandur CHATTISGARH','DOC_33201',41,'A-'),('608303','2020-02-11','PAT_2812','Mary Tejeiro','8751629438','25309 Rachel Keys Neyvasal TAMILNADU','DOC_58722',65,'B+'),('515286','2020-01-21','PAT_2819','Virginia Till','8226607891','67178 Dalton Divide Hemavathi ANDHRA PRADESH','DOC_56279',40,'A+'),('759145','2019-08-05','PAT_2826','Gregory Shoults','8672257092','490 Teresa Rapid Suite 409 Kandasar ORISSA','DOC_3843',34,'AB+'),('131023','2020-01-18','PAT_2827','Shelli Springer','8646548929','620 Jared Streets Jakhauli HARYANA','DOC_2411',20,'A-'),('144044','2020-02-12','PAT_2830','Robert Galizia','8108506124','960 Robinson Garden Suite 649 Bath Kalan PUNJAB','DOC_73396',29,'A+'),('522235','2019-08-29','PAT_2839','Natasha Heinen','8847815424','157 Mark Flat Apt. 326 Kommuru ANDHRA PRADESH','DOC_89933',64,'O-'),('562127','2019-10-09','PAT_2841','Javier Watson','8357147703','9242 Gregory Overpass Motagondanahalli KARNATAKA','DOC_15645',54,'B+'),('689549','2020-02-12','PAT_2846','Peggy White','8518009269','60633 Brenda Rapids Apt. 716 Chirayirambu KERALA','DOC_7779',42,'O-'),('768228','2020-02-04','PAT_2847','Richard Urena','8919314590','USS Kim Sargidihi ORISSA','DOC_88349',34,'O-'),('415014','2019-09-15','PAT_2852','Daniel Chapin','8644020269','USNV Gutierrez Murud MAHARASHTRA','DOC_39634',50,'AB-'),('796261','2019-11-26','PAT_2865','Frank Porter','8047196443','9828 Anthony Brooks N.E.Bualpui NORTH EASTERN','DOC_81587',25,'O-'),('460668','2019-09-17','PAT_290','Jamie Wiley','8110263435','62842 Carmen Corners Suite 608 Masod MADHYA PRADESH','DOC_49817',49,'O-'),('811101','2019-09-03','PAT_2903','Richard Kapp','8908157986','3134 Ray Curve Maldah BIHAR','DOC_210',53,'B+'),('610202','2020-02-09','PAT_291','John Skipper','8196278740','PSC 8442, Box 3862 Mavoor TAMILNADU','DOC_88143',41,'O+'),('500074','2019-12-14','PAT_2935','Carlos Turner','8306018195','7381 Susan Junctions Rangareddy Dt Courts ANDHRA PRADESH','DOC_7307',70,'AB+'),('811102','2019-09-15','PAT_2941','Luis Stevens','8530078899','696 Stacey Mission Suite 161 Mafo BIHAR','DOC_79500',23,'O-'),('843327','2019-10-27','PAT_2946','Alice Horton','8302467077','95668 Sharp Coves Babhangama BIHAR','DOC_30883',67,'A+'),('304801','2019-11-14','PAT_2974','Cheryl Chavous','8865210887','522 Bennett Tunnel Peeplu RAJASTHAN','DOC_32441',69,'A+'),('146104','2019-08-13','PAT_298','Armando Samuel','8409427312','319 Veronica Mountains Lehli Kalan PUNJAB','DOC_87833',27,'A+'),('571117','2020-01-02','PAT_2981','Cathy Melton','8572614172','789 Rogers Tunnel Jyothigowdanapura KARNATAKA','DOC_37192',38,'AB+'),('263601','2020-01-30','PAT_2988','Marc Stump','8576466795','USS Martin Ayarpani UTTARAKHAND','DOC_94286',45,'AB-'),('445203','2020-01-13','PAT_2989','Richard Childress','8471191912','6128 David Ferry Apt. 168 Sakhara Wai MAHARASHTRA','DOC_32730',44,'B-'),('413222','2019-10-08','PAT_2990','Christa Willis','8660306217','USNV Smith Kalman MAHARASHTRA','DOC_26684',37,'B+'),('193121','2019-11-21','PAT_2992','Marcus Roldan','8218509216','3705 Rice Ford Suite 977 Pattan JAMMUKASHMIR','DOC_38961',35,'O-'),('711410','2019-11-12','PAT_2994','Howard Bostic','8671099777','5324 Stephanie Villages Kanpur WEST BENGAL','DOC_64071',52,'B+'),('344001','2019-09-17','PAT_2995','Rachel Mckenzie','8972264107','7725 Brandy Lock Suite 708 Barmer Agore RAJASTHAN','DOC_92532',33,'AB-'),('507208','2019-08-08','PAT_3','William Monette','8326592970','888 Sharp Mountains Apt. 058 Jagannadhapuram ANDHRA PRADESH','DOC_20070',47,'O+'),('334402','2019-09-21','PAT_3000','Norma Sapp','8116223795','2403 Martinez Walks Barsingsar RAJASTHAN','DOC_39294',31,'AB-'),('385560','2019-10-31','PAT_3021','Joshua Ruiz','8341770270','334 Brian Mill Apt. 668 Mandla GUJARAT','DOC_98571',18,'B+'),('152117','2019-10-22','PAT_3025','Jose Nelson','8003063669','510 Davidson Mountains Suite 378 Gaddan Dob PUNJAB','DOC_36257',56,'AB+'),('388180','2019-11-10','PAT_3042','Amy Bloom','8349478798','3649 Jason Ways Suite 892 Padra GUJARAT','DOC_70895',64,'AB+'),('360060','2019-08-13','PAT_3045','Luis Armistead','8354665928','714 Katherine Village Suite 074 Baldhoi GUJARAT','DOC_34831',28,'B+'),('721454','2019-08-14','PAT_3046','Wayne Teter','8047438057','1886 Shirley Harbor Selmabad WEST BENGAL','DOC_88056',18,'O+'),('517423','2020-02-13','PAT_3052','Charles Shannon','8095800473','840 Phillips Throughway Santhipuram ANDHRA PRADESH','DOC_33221',24,'A+'),('736204','2020-02-21','PAT_3057','Sarah Gunn','8990635532','25785 Brooke Glen Apt. 829 Uttar Simlabari WEST BENGAL','DOC_97198',48,'O+'),('415608','2019-08-25','PAT_3064','Leona Taylor','8648086331','97480 Courtney Parkway Aravali MAHARASHTRA','DOC_42296',40,'A+'),('471501','2019-10-18','PAT_3071','James Wal','8639998130','4813 Ashley Corners Dumra MADHYA PRADESH','DOC_23325',59,'B+'),('391240','2019-11-20','PAT_3072','Claire Mcclanahan','8540665174','2572 Jennifer Mountain Suite 202 Kanbola GUJARAT','DOC_43756',27,'A+'),('322702','2019-10-27','PAT_3073','Brian Davis','8238696177','USNS Gregory Badagaon Didayach RAJASTHAN','DOC_8810',36,'AB+'),('212301','2019-12-19','PAT_3081','Dorene Wildenthaler','8611723211','02184 Vanessa Estates Pipraon UTTAR PRADESH','DOC_69855',22,'A-'),('307001','2019-09-02','PAT_3082','Carmen Russell','8847718400','1017 Lauren Parkway Khambal RAJASTHAN','DOC_22974',30,'AB-'),('768050','2020-01-10','PAT_3086','Rosalina Corbett','8426380913','8842 Bruce Summit Suite 727 Jhitiki ORISSA','DOC_29502',39,'A+'),('572105','2019-11-09','PAT_3087','Steven Robinson','8642872242','11946 Zachary Mountains Suite 338 Maralur KARNATAKA','DOC_74780',63,'A+'),('628302','2019-11-15','PAT_31','Delores Wilson','8122452734','9525 Murphy Creek Maniyac R.S. TAMILNADU','DOC_34988',32,'O-'),('583128','2020-01-19','PAT_3123','Elizabeth Stevens','8412622490','46169 Maureen Common Apt. 616 Jiginahalli KARNATAKA','DOC_27354',28,'AB-'),('507126','2020-02-08','PAT_3124','Dona Ward','8244053768','5485 Joel Canyon Suite 775 Chintur ANDHRA PRADESH','DOC_52515',40,'O+'),('700001','2019-09-19','PAT_3192','Margaret Wade','8346795956','4673 William Crossroad Council House Street WEST BENGAL','DOC_46354',25,'AB-'),('382130','2020-01-19','PAT_3203','Star Webb','8490502686','72591 Anderson Viaduct Vinzuvada GUJARAT','DOC_93662',48,'O-'),('608901','2020-02-12','PAT_3208','Hortencia Jackson','8107251676','35376 Vincent Land Apt. 286 Nagampandal TAMILNADU','DOC_53250',38,'O+'),('403713','2019-11-17','PAT_3216','Yolanda Gallant','8161164510','USCGC Thomas Betalbhatim MAHARASHTRA','DOC_99537',20,'B+'),('322219','2019-12-01','PAT_3218','Roslyn Isom','8370566947','248 Katherine Rue Medi RAJASTHAN','DOC_99631',67,'AB+'),('764001','2020-02-16','PAT_3222','Janetta Suttee','8719892821','433 Ryan Forges Suite 721 B.D.Pur ORISSA','DOC_65591',49,'A+'),('577136','2019-08-30','PAT_3243','George Barnes','8156222953','2644 Norman Course Suite 255 Jannagadde KARNATAKA','DOC_3573',65,'A+'),('583136','2019-10-11','PAT_326','Marjorie Johnson','8281644293','73845 Sara Green Apt. 132 Kalapura KARNATAKA','DOC_12684',41,'AB-'),('494223','2019-12-25','PAT_3270','Charles Conner','8076930499','764 Aaron Meadow Suite 840 Bhainsgaon CHATTISGARH','DOC_3231',65,'A+'),('757085','2020-01-12','PAT_3272','Emmett Farmer','8986128696','0879 Patricia Court Kushalda ORISSA','DOC_54313',37,'A+'),('360003','2019-11-24','PAT_3277','Annette French','8493642039','4021 Tim Groves Pipaliya GUJARAT','DOC_59958',52,'O+'),('363351','2019-12-07','PAT_3278','Mark Cherrington','8332622798','60149 Mason Highway Apt. 269 Isanpur GUJARAT','DOC_69498',21,'AB-'),('757017','2020-01-03','PAT_3280','Carmen Sullivan','8980241311','55174 John Alley Nankua ORISSA','DOC_84745',32,'AB+'),('781316','2020-02-03','PAT_3288','Barbara Gilmore','8796603473','55422 Andre Overpass Hudukhata ASSAM','DOC_28506',39,'AB+'),('757034','2019-11-21','PAT_3307','Kevin Aponte','8710793806','648 Christopher Hill Jashipur ORISSA','DOC_3843',25,'B+'),('486001','2020-02-03','PAT_332','Nathan Dupont','8924948627','87199 Garrett Wells Rausar MADHYA PRADESH','DOC_87624',25,'B+'),('636805','2019-09-22','PAT_3320','Janice Henderson','8246029316','6925 Shawn Path Suite 606 Mahendramangalam TAMILNADU','DOC_9351',28,'B-'),('844121','2019-11-12','PAT_3325','Ernest Langley','8342629435','78213 Gomez Meadow Apt. 317 Sahdullahpur BIHAR','DOC_95320',66,'AB+'),('341509','2019-12-29','PAT_3347','Katherine Burke','8324830073','432 Myers Loaf Govindi RAJASTHAN','DOC_73939',49,'B+'),('246472','2019-10-12','PAT_335','John Carradine','8444171152','4731 Daniel Coves Langsi UTTARAKHAND','DOC_89099',47,'AB+'),('305001','2020-02-13','PAT_3353','Frank Perez','8204731114','138 Raymond Wells Jones Ganj Ajmer RAJASTHAN','DOC_22415',23,'AB+'),('621307','2019-09-04','PAT_3357','Stephanie Conway','8928040665','01916 Michele Expressway Amayapuram TAMILNADU','DOC_67620',42,'O-'),('534206','2019-12-15','PAT_336','Rachel Sparkman','8338097536','4164 Holly Manor Suite 156 Lakshminarasimhapuram ANDHRA PRADESH','DOC_79500',63,'B+'),('332709','2020-01-12','PAT_3368','Clyde Brown','8250628957','8519 Lewis Mission Khatundra RAJASTHAN','DOC_53250',19,'AB-'),('786601','2019-11-10','PAT_337','Jessica Fisherman','8406862819','054 Douglas Via Balijan T.E. ASSAM','DOC_71986',25,'O-'),('767016','2019-12-18','PAT_3374','Kent Handley','8566962713','4992 Simmons Bridge Suite 786 Pua ORISSA','DOC_7782',31,'O+'),('445208','2020-01-06','PAT_3389','Antoinette Dickison','8532121656','8342 White Wall Ladkhed MAHARASHTRA','DOC_84439',69,'A+'),('416506','2019-08-14','PAT_3393','Thomas Kumar','8011912117','39343 Ryan Viaduct Kadalage MAHARASHTRA','DOC_79667',55,'A+'),('576227','2020-01-18','PAT_3397','Christopher Wong','8905019174','89643 Steven Streets Apt. 551 Rattadi KARNATAKA','DOC_272',58,'A-'),('441923','2019-08-19','PAT_3402','Lena Darby','8760664298','0695 Meyers Estate Gangla MAHARASHTRA','DOC_68571',63,'A-'),('843320','2019-11-03','PAT_3409','Ronald Lingafelter','8921062461','8922 Mitchell Stream Apt. 668 Pokharbhinda BIHAR','DOC_67620',58,'O-'),('263653','2019-09-14','PAT_341','John Garcia','8371325173','647 Patrick Loop Apt. 803 Bitholi UTTARAKHAND','DOC_85895',37,'A-'),('522658','2019-09-26','PAT_3411','Donald Odonnell','8367266072','733 Lamb Plains Angaluru ANDHRA PRADESH','DOC_76964',37,'A+'),('517591','2019-10-25','PAT_3416','Evelyn John','8545955916','0725 Rice Mountain Apt. 814 Damarapakam ANDHRA PRADESH','DOC_66168',28,'AB-'),('225416','2019-11-27','PAT_3434','Laura Randolph','8419080341','7601 Garcia Underpass Apt. 927 Asandra UTTAR PRADESH','DOC_94954',49,'O+'),('591221','2019-08-31','PAT_3438','Rosemarie Marcum','8002527154','USNS Washington Hebbal KARNATAKA','DOC_11178',44,'AB-'),('321001','2019-08-15','PAT_3443','Christopher Manuel','8836452802','0683 Michael Hollow Suite 455 Forest Lodge RAJASTHAN','DOC_44910',53,'A-'),('560002','2019-09-20','PAT_3448','Molly Carlson','8829964817','685 Larson Groves Avenue Road KARNATAKA','DOC_61999',36,'O-'),('509320','2020-02-16','PAT_3451','Clyde Kane','8630036530','699 Williams Field Tarnikal ANDHRA PRADESH','DOC_99353',45,'A-'),('767066','2020-01-25','PAT_3452','Norma Nixon','8638252249','5827 Cisneros Wells Suite 068 Adabahal ORISSA','DOC_99652',55,'B+'),('522237','2020-01-06','PAT_3465','Bruce Chisolm','8727147654','Unit 6622 Box 6834 Tulluru ANDHRA PRADESH','DOC_90495',34,'A+'),('477105','2020-02-23','PAT_3469','John Flynn','8807749778','929 Kevin Green Apt. 915 Nai Zameen Bhind MADHYA PRADESH','DOC_97198',49,'AB-'),('641114','2020-02-11','PAT_3472','James Shirley','8912312513','035 Boyle Stream Semmedu TAMILNADU','DOC_77747',30,'B-'),('522257','2019-11-29','PAT_3489','Michael Thomas','8784347764','305 Johnson Alley Suite 512 Pesarlanka ANDHRA PRADESH','DOC_31248',57,'B+'),('679501','2020-02-12','PAT_3492','Walter Wallace','8210059366','1057 Brandon Trafficway Suite 742 Panamanna South KERALA','DOC_18290',68,'B-'),('835201','2019-08-07','PAT_35','Harry Cline','8733543979','08782 Butler Pass Suite 201 Raikera JHARKHAND','DOC_43768',39,'A+'),('756144','2019-11-03','PAT_3500','Ethel Javier','8269162395','734 Joseph Ports Basantia ORISSA','DOC_51512',27,'B-'),('180011','2019-12-18','PAT_3522','Michael Graham','8710783161','627 Chang Ferry Suite 604 Sunjwan JAMMUKASHMIR','DOC_23814',64,'AB+'),('522657','2020-02-24','PAT_3527','Pamella Doyle','8278927177','134 Ryan Greens Suite 903 Naidupalem ANDHRA PRADESH','DOC_47367',23,'A+'),('626121','2019-11-09','PAT_3539','Dorothy Cuellar','8709002795','661 Christopher Harbors Suite 148 Chockanathanpudur TAMILNADU','DOC_39086',27,'B-'),('509001','2019-09-03','PAT_3552','Josh Davis','8554321273','6628 Laura Plains Advi Venkatapur ANDHRA PRADESH','DOC_13879',27,'O+'),('795113','2019-09-27','PAT_3561','Noah Kozyra','8520040469','7754 Pamela Keys Suite 081 Langjing Achouba NORTH EASTERN','DOC_38303',46,'A+'),('480107','2019-08-01','PAT_3566','Rafael Carmichael','8063540349','6652 Hill Branch Ubhegaon MADHYA PRADESH','DOC_62521',33,'B+'),('606201','2020-02-14','PAT_3569','Joseph Connell','8021571691','402 Daniels Key Pandiyankuppam TAMILNADU','DOC_84745',28,'O-'),('721147','2019-10-08','PAT_3578','Paul Wold','8941653816','3571 Kim Knoll Apt. 393 Shyamchandpur WEST BENGAL','DOC_11148',40,'AB-'),('606001','2019-11-17','PAT_3581','Esther Catapano','8504482542','2356 Garcia Stravenue Apt. 110 Budamur TAMILNADU','DOC_84240',41,'O+'),('495004','2019-11-20','PAT_3588','Joseph Tenebruso','8015324551','5428 Brian Centers Apt. 705 Harditonakala CHATTISGARH','DOC_73249',50,'AB+'),('517234','2019-11-23','PAT_359','Joyce Lewis','8043285018','1299 Angela Mountain Kalikiri Kothapalle ANDHRA PRADESH','DOC_99210',60,'B-'),('591223','2019-10-23','PAT_3594','Joanna Lheureux','8375000871','06707 Hall Garden Kagvad KARNATAKA','DOC_84215',53,'A-'),('202126','2019-09-11','PAT_3597','Elizabeth Garcia','8963655713','217 Mcintyre Course Debthala UTTAR PRADESH','DOC_85709',42,'A-'),('852215','2019-10-11','PAT_3605','Eugene Holton','8639780690','58013 Kelly Loop Suite 019 Baisa BIHAR','DOC_7028',27,'A-'),('844507','2019-09-14','PAT_3608','Robert Tucker','8403301131','584 Shawn Forks Parmanandpur BIHAR','DOC_57263',38,'A-'),('505153','2019-11-30','PAT_3614','Mary Larson','8952248905','97316 Kathleen Pines Tharupalli ANDHRA PRADESH','DOC_14144',46,'B-'),('305802','2019-08-11','PAT_3618','Clifford Smith','8149220273','076 Jacqueline Shoals Suite 324 Udaipur Kalan RAJASTHAN','DOC_25335',39,'O+'),('425408','2019-12-27','PAT_362','Angela Landaverde','8100832311','52043 Gentry Inlet Suite 535 Aichale MAHARASHTRA','DOC_99094',48,'B+'),('144033','2019-08-02','PAT_3665','Jeffery Hicks','8691902031','3351 Ralph Mews Suite 431 Dhaliwal PUNJAB','DOC_272',33,'A-'),('572216','2019-12-15','PAT_3672','Vivian Wong','8714919749','36950 Amber Roads Suite 369 Gopalapura KARNATAKA','DOC_7028',51,'B+'),('678554','2019-10-15','PAT_368','Miguel Cook','8743665331','1868 Torres Plaza Apt. 567 Nattukal KERALA','DOC_33805',27,'A-'),('851210','2020-02-15','PAT_3682','Crystal Bonds','8861959590','041 Reynolds Dam Mahna BIHAR','DOC_40662',27,'B+'),('572114','2019-11-06','PAT_3695','Genevieve Suniga','8874662138','0506 Kenneth Gardens Karadi KARNATAKA','DOC_92681',48,'B+'),('711303','2019-08-15','PAT_3700','Gary Seaton','8562275894','7344 Lawrence Radial Suite 862 Khadinan WEST BENGAL','DOC_72839',46,'A+'),('590014','2020-01-03','PAT_3713','Kathryn Burton','8976496631','82929 Richardson Trace Kanakumbi KARNATAKA','DOC_23325',59,'O-'),('841311','2019-09-20','PAT_3717','Bethany Hall','8011775915','68425 Alyssa Fields Madarpur BIHAR','DOC_50041',26,'O+'),('383250','2019-10-18','PAT_3731','Tamara Houston','8183601476','USS Lee Vandhiyol GUJARAT','DOC_77254',28,'O-'),('283122','2019-11-01','PAT_3734','Michelle Moreno','8711437978','2252 Hayes Bypass Apt. 549 Puramana UTTAR PRADESH','DOC_67620',38,'B+'),('431124','2019-09-04','PAT_3740','Fernando Stokes','8427287216','9221 Lisa Village Apt. 999 Anjandoha MAHARASHTRA','DOC_6234',39,'A+'),('614703','2020-02-29','PAT_3767','Frank Davis','8661892615','64408 John Cliffs Vadiakadu TAMILNADU','DOC_43768',44,'B-'),('781126','2019-09-07','PAT_3768','Michael Krupa','8617204803','49113 Sims Greens Mukalmua ASSAM','DOC_47367',55,'AB-'),('587103','2019-12-15','PAT_3770','Destiny Bilodeau','8317780219','36480 Daniel Spur Suite 668 Bagalkot Navanagar Extn. Count KARNATAKA','DOC_58420',58,'B+'),('585413','2019-12-28','PAT_3771','Terry Mullins','8959479432','Unit 0979 Box 9901 Kon Melkunda KARNATAKA','DOC_52140',40,'AB-'),('516215','2019-11-07','PAT_3782','Pamela Meyers','8614049159','904 Collins Heights Apt. 064 Dudyala ANDHRA PRADESH','DOC_7631',49,'O-'),('144014','2020-02-07','PAT_3802','Robert Kern','8506938998','9645 Lynch Ways Apt. 878 Tower Town Colony PUNJAB','DOC_17868',29,'O+'),('631208','2019-09-23','PAT_3815','Jamey Love','8947827194','73109 Hernandez Groves T.T.Kandigai TAMILNADU','DOC_25390',48,'O+'),('767067','2019-08-26','PAT_3825','Violet Garcia','8283696698','6348 Shawn Ways Arjunpur ORISSA','DOC_92519',31,'O+'),('243632','2019-10-05','PAT_3827','Maryann Gore','8159671848','543 Nathaniel Manors Sikri UTTAR PRADESH','DOC_51210',40,'AB+'),('383440','2020-02-13','PAT_383','Megan Molina','8308929765','5093 Montgomery Bridge Apt. 852 Bhutiya GUJARAT','DOC_38303',47,'A-'),('752014','2019-12-25','PAT_3832','Theresa Young','8576414334','4581 Zachary Walks Biragobindapur ORISSA','DOC_75902',61,'A+'),('507303','2020-01-31','PAT_386','Timothy Gadberry','8937408420','8187 Lisa Centers Sadasivunipalem ANDHRA PRADESH','DOC_62544',66,'A-'),('517586','2019-08-20','PAT_3867','Minnie Parker','8916963110','067 Katie Ridges Pannur ANDHRA PRADESH','DOC_66982',23,'AB-'),('784523','2019-08-20','PAT_387','Meredith Gass','8980684510','74626 David Shoal Panerihat ASSAM','DOC_58461',19,'B+'),('416511','2020-01-20','PAT_3873','Ernest Gregory','8955942228','10662 Gardner Extensions Zolambe MAHARASHTRA','DOC_66765',40,'A+'),('721463','2020-01-19','PAT_3900','Brenda Ruggiero','8119075578','87104 Teresa Pine Suite 922 Digha New Township WEST BENGAL','DOC_91863',26,'A+'),('813106','2019-09-25','PAT_3904','Dawne Rocker','8785974618','8685 Clements Glens Suite 040 Barbasaui BIHAR','DOC_63020',34,'AB-'),('271205','2019-10-06','PAT_3918','Joseph Gilmer','8738911891','91371 Henderson Road Mundila UTTAR PRADESH','DOC_79753',34,'A+'),('828403','2019-08-10','PAT_392','Greta Podmore','8113214858','Unit 3556 Box 7653 Taranga JHARKHAND','DOC_1077',54,'AB-'),('471111','2019-10-27','PAT_3926','Betty Sellers','8932078897','1106 Justin Court Sarsed MADHYA PRADESH','DOC_12719',22,'O-'),('689576','2019-08-06','PAT_393','Kathleen Wilburn','8888927062','469 Mills Villages Apt. 373 Anaprambal KERALA','DOC_85975',29,'O+'),('202140','2019-09-29','PAT_3935','Roderick Farley','8487346721','794 Rachel Branch Beharipur UTTAR PRADESH','DOC_26684',39,'O-'),('560045','2019-09-08','PAT_3939','David Whitt','8488753445','50947 Ward Falls Suite 159 Venkateshapura KARNATAKA','DOC_63714',65,'O+'),('391130','2020-02-11','PAT_3949','Earnest Brown','8663356379','05654 Anna Fords Khunvad GUJARAT','DOC_13409',51,'B-'),('313203','2019-10-04','PAT_3955','Ariel Sparks','8073404041','8989 John Lane Ladani RAJASTHAN','DOC_53060',68,'A-'),('793015','2019-08-26','PAT_3962','Dennis Elmore','8678000305','1806 Willie Square Suite 181 Smit NORTH EASTERN','DOC_32278',30,'A+'),('768212','2019-10-15','PAT_3967','Tiffany Ali','8182728523','8878 Kelly Groves Apt. 618 Jharghati Colony ORISSA','DOC_15645',42,'AB+'),('212128','2019-12-09','PAT_397','Loretta Padula','8914150983','Unit 4410 Box 6081 Sheikhupur UTTAR PRADESH','DOC_4374',70,'A-'),('248009','2019-08-27','PAT_3975','Chris Thompson','8747884307','Unit 2196 Box 8495 Bhagwantpur UTTARAKHAND','DOC_32242',22,'B-'),('505524','2020-01-29','PAT_398','Henry Atkin','8495294045','61612 Sheryl Wells Tadagonda ANDHRA PRADESH','DOC_7782',52,'AB+'),('756001','2020-02-09','PAT_3985','Gertrude Mahoney','8775157436','5935 Corey River Apt. 461 Balasore RS ORISSA','DOC_94458',41,'O-'),('131102','2019-08-19','PAT_3994','George Norton','8492140840','4153 Cooper Parkway Purkhas HARYANA','DOC_19798',57,'B+'),('301701','2020-02-02','PAT_40','Philip Backus','8300055676','43554 Lopez Keys Suite 888 Rewali RAJASTHAN','DOC_83876',18,'AB-'),('635801','2019-09-25','PAT_409','Mark Winsor','8840334485','PSC 5969, Box 1078 Avarankuppam TAMILNADU','DOC_18769',67,'A-'),('756030','2019-11-19','PAT_416','Rosalie Brassell','8641254292','39910 Williams Groves Suite 818 Chasipada ORISSA','DOC_21858',47,'O-'),('628001','2020-02-08','PAT_417','Robert Imperial','8177040153','37365 Nancy Isle Apt. 908 Tuticorin Keelur TAMILNADU','DOC_27278',39,'B+'),('341508','2019-08-06','PAT_421','Victor Sinko','8550607059','3400 Nathan Islands Anandpura RAJASTHAN','DOC_1250',35,'A+'),('683565','2019-11-18','PAT_440','Monica Dolfi','8976874081','297 Joseph Shoals Vempilly KERALA','DOC_79703',43,'O-'),('246747','2019-08-04','PAT_449','Lucille Harris','8313350222','833 Wilson View Suite 130 Allhapurmohkam UTTAR PRADESH','DOC_75268',33,'B+'),('736157','2020-02-24','PAT_450','John Kelley','8330142876','10697 Walsh Lane Elajanerkuthi WEST BENGAL','DOC_22553',20,'AB-'),('632012','2020-01-24','PAT_451','Eva Weiland','8872726974','3724 Renee Knolls Apt. 891 Kagithapattarai TAMILNADU','DOC_13409',64,'B+'),('679303','2019-08-21','PAT_459','Jimmy Clauson','8031972840','7798 Brandon Courts Kizhayur KERALA','DOC_53060',49,'AB-'),('752081','2020-01-24','PAT_463','David Taylor','8970434142','974 Ashley Road Apt. 083 Kaibalyapur ORISSA','DOC_81428',56,'B-'),('415521','2019-11-27','PAT_468','Stephanie Mason','8987274952','99178 Levy Drive Andori MAHARASHTRA','DOC_63958',22,'B-'),('491331','2019-09-12','PAT_469','Linwood Smith','8828638152','060 Stafford Bridge Pendrawan CHATTISGARH','DOC_55758',38,'B-'),('782103','2019-12-25','PAT_480','John Williams','8053307914','5325 Franco Vista Apt. 493 Kapahera ASSAM','DOC_46634',68,'O-'),('768037','2019-08-03','PAT_485','Helen Douthitt','8641005700','6694 Stacey Alley Suite 384 Dangabahal ORISSA','DOC_62521',27,'A+'),('135106','2020-02-13','PAT_496','Matthew Williams','8841909875','764 Marvin Underpass Tajewala HARYANA','DOC_47367',39,'AB+'),('415311','2019-11-08','PAT_497','Linda Stancliff','8927667960','1151 Davis Stravenue Suite 160 Dhavaleshwar MAHARASHTRA','DOC_68117',35,'A-'),('413221','2019-10-25','PAT_498','Harold Riggs','8789458867','USNV Kramer Kusur MAHARASHTRA','DOC_96811',63,'A+'),('202138','2020-01-27','PAT_5','Janet Messano','8705745759','78969 Brittney Centers Apt. 701 Khair Mandi UTTAR PRADESH','DOC_94286',31,'O+'),('515465','2020-01-14','PAT_510','Renee Shea','8664109219','1874 Thompson Vista Apt. 186 Thimmampalli ANDHRA PRADESH','DOC_3843',22,'A+'),('321202','2020-01-13','PAT_524','Jeff Eldredge','8844407952','993 John Wall Kasot RAJASTHAN','DOC_69236',22,'A-'),('516267','2019-12-03','PAT_529','Mary Peters','8915950684','729 Jackson Lights Apt. 572 Pujalavandlapalli ANDHRA PRADESH','DOC_63507',58,'O+'),('509201','2019-09-17','PAT_530','Barbara Hubbard','8888557656','PSC 2288, Box 6136 Maddimadugu ANDHRA PRADESH','DOC_55010',60,'AB+'),('210125','2020-02-02','PAT_552','Cindy Messer','8947371650','2670 Wells Forges Suite 356 Bira UTTAR PRADESH','DOC_78926',56,'O+'),('757086','2019-11-12','PAT_554','Joanne Kaina','8649529671','63058 Donaldson Isle Belbaria ORISSA','DOC_40111',41,'AB+'),('509337','2020-02-14','PAT_563','Antone Shifflett','8652411771','96893 Moon Point Apt. 818 Shaik Pally ANDHRA PRADESH','DOC_77861',67,'AB+'),('327604','2019-09-18','PAT_572','Phyllis Boeding','8654328050','4527 Proctor Burgs Samaria RAJASTHAN','DOC_92347',48,'O+'),('403714','2019-10-07','PAT_574','Charles Gilbert','8550899971','PSC 9190, Box 4958 Cavorim MAHARASHTRA','DOC_13474',33,'O-'),('638055','2019-09-28','PAT_586','Charlotte Gardner','8680778219','0738 Stevens Gateway Suite 616 Pappampalayam TAMILNADU','DOC_50790',25,'AB+'),('534426','2019-10-05','PAT_587','Aaron Mcqueeney','8928506688','531 Michael View Suite 973 Rallakunta ANDHRA PRADESH','DOC_1267',28,'AB-'),('757087','2019-09-29','PAT_595','Ron Abernathy','8830967978','1492 Mclaughlin Passage Apt. 095 Athapara ORISSA','DOC_46654',63,'A+'),('847302','2019-12-13','PAT_596','Karl Palmer','8476421169','953 Erica Coves Suite 367 Katraul BIHAR','DOC_12457',50,'B-'),('305407','2019-10-16','PAT_60','Mark Spears','8881952412','1759 Estes Ridges Apt. 829 Gulgaon RAJASTHAN','DOC_99759',44,'O+'),('465001','2019-09-30','PAT_607','David Connaughton','8834364072','9115 Ashley Field Panwadi MADHYA PRADESH','DOC_36257',67,'O+'),('304505','2020-02-06','PAT_618','Betty Meginnes','8723236555','94103 Hampton Walk Suite 570 Laxmipura RAJASTHAN','DOC_67577',56,'A-'),('606401','2019-08-18','PAT_626','Demetrius Olson','8832805345','3189 Dillon Mill Vellarikadu TAMILNADU','DOC_23464',35,'A+'),('533253','2019-09-17','PAT_63','Anna Comfort','8592624907','72735 Gordon Throughway Gudimellanka ANDHRA PRADESH','DOC_63507',40,'B+'),('277201','2020-02-14','PAT_630','Suzanne Dials','8470958583','4902 Mckenzie Square Tengarihi UTTAR PRADESH','DOC_61585',29,'AB+'),('822115','2019-08-05','PAT_638','Gerald Aguillon','8891205941','68646 Keith Crest Suite 178 Kukahi JHARKHAND','DOC_3881',20,'A+'),('243505','2019-08-17','PAT_639','James Anderson','8171370934','98920 Robertson Square Nagaria Sobarni UTTAR PRADESH','DOC_14144',46,'O-'),('824124','2019-12-30','PAT_648','Dorothy Robinson','8016294280','7477 West Hills Kaithi BIHAR','DOC_20168',62,'O+'),('394520','2019-11-20','PAT_653','Lisa Newhall','8483702728','58303 Christopher Mill Kosam GUJARAT','DOC_67284',43,'B+'),('392140','2020-02-06','PAT_666','Rolando President','8247605121','10344 Hernandez Extension Apt. 153 Sutrel GUJARAT','DOC_29958',27,'B+'),('396001','2020-02-18','PAT_670','David Smith','8881083338','Unit 7799 Box 2584 Valsad GUJARAT','DOC_49634',62,'O-'),('327001','2020-02-27','PAT_686','Timothy Alvarado','8957375048','152 Amy Springs Apt. 915 Kotra RAJASTHAN','DOC_43756',42,'AB+'),('583218','2019-11-11','PAT_71','Patty Wright','8449295665','5409 Ann Vista Katriki Halli KARNATAKA','DOC_45479',67,'A-'),('783131','2019-12-06','PAT_719','Wilma Miller','8534195938','10272 Michelle Centers Radhamadhabhat ASSAM','DOC_25390',34,'B+'),('767001','2019-11-13','PAT_723','Benjamin Herman','8116135041','951 Lee Spurs Suite 989 Sudpara ORISSA','DOC_85709',19,'O-'),('151203','2019-11-18','PAT_729','Carrie Wilson','8811051216','703 Jeremy Port Apt. 287 Moranwali PUNJAB','DOC_68094',62,'A-'),('767028','2020-01-14','PAT_730','James Donnell','8997338518','6132 Mark Oval Apt. 953 Turla ORISSA','DOC_31115',46,'O+'),('690505','2019-10-21','PAT_732','Edward Johnson','8898381026','8326 Gail Greens Apt. 964 Kannanakuzhy KERALA','DOC_71119',20,'B-'),('122003','2019-09-22','PAT_735','Joseph Jordan','8249840003','75133 Jessica Mission Gwal Pahari HARYANA','DOC_79538',41,'O+'),('144216','2019-08-31','PAT_737','Robert Mast','8791683359','08432 Mary Parks Apt. 173 Talwara Village PUNJAB','DOC_97198',68,'A-'),('277203','2019-11-16','PAT_751','Marisol Steier','8209050516','Unit 2949 Box 2165 Dawani UTTAR PRADESH','DOC_89484',19,'B-'),('403712','2019-11-29','PAT_760','Emily Smith','8806331177','12350 Perkins Lock Suite 301 Velsao PSSK MAHARASHTRA','DOC_63958',27,'AB+'),('711312','2019-09-21','PAT_761','Valorie Atkins','8131741509','143 Anna Stream Suite 824 Naul WEST BENGAL','DOC_35397',47,'B-'),('759129','2019-11-14','PAT_770','Joseph Williams','8319506773','8083 Castro Street Manapur ORISSA','DOC_70205',37,'O+'),('802162','2019-10-07','PAT_777','Donald Derby','8807709833','0892 Christopher Skyway Apt. 269 Nawada Ben BIHAR','DOC_57713',36,'AB+'),('494010','2019-09-17','PAT_784','Jackie Frey','8756655089','971 Timothy Flat Parapur CHATTISGARH','DOC_86369',57,'B-'),('415508','2019-10-19','PAT_786','Margaret Tyler','8136266436','7698 Christopher Port Ranand MAHARASHTRA','DOC_53110',27,'AB+'),('322213','2019-08-12','PAT_790','Fannie Chavarria','8654251586','2939 Hunter Course Kheda Malupada RAJASTHAN','DOC_20168',57,'AB-'),('443103','2019-12-09','PAT_8','Carl Nelson','8927688162','8056 Jeremy Branch Apt. 335 Jaipur MAHARASHTRA','DOC_34938',68,'A-'),('854333','2019-11-19','PAT_807','Marianne Vaughan','8919964971','56917 Michael Rue Suite 490 Pararia BIHAR','DOC_97846',30,'AB-'),('795102','2019-08-16','PAT_813','Brenda Bowlin','8745992736','9199 David Field Suite 218 Phiran Machet NORTH EASTERN','DOC_49838',43,'A-'),('494115','2019-11-18','PAT_815','Collette Breaud','8796597346','4800 Roberts Course Suite 379 Pendalnar CHATTISGARH','DOC_12057',19,'O-'),('501503','2019-12-05','PAT_819','Jimmie Abrams','8600422634','929 Justin Ports Suite 177 Kandwada ANDHRA PRADESH','DOC_54313',27,'AB+'),('826005','2020-01-28','PAT_821','Beulah Spencer','8571167969','Unit 7632 Box 9869 BCCl Township JHARKHAND','DOC_59154',33,'AB-'),('497223','2020-01-22','PAT_858','Cynthia Vitale','8755022879','Unit 8016 Box 0583 Masga CHATTISGARH','DOC_26115',63,'AB-'),('813214','2019-11-28','PAT_865','Ruth Long','8350636012','207 Amy Via Ghazipur BIHAR','DOC_62521',47,'O+'),('425111','2019-12-21','PAT_868','Lindsay Shams','8973504033','2572 Baker Loop Dholi MAHARASHTRA','DOC_1737',18,'AB+'),('736135','2019-12-30','PAT_881','Floyd Brinkley','8305135683','82833 Sullivan Well Subachanirpath WEST BENGAL','DOC_60635',70,'O-'),('451447','2020-02-07','PAT_89','Aubrey Dunn','8867462454','5826 Franklin Shoals Suite 622 Haribad MADHYA PRADESH','DOC_79667',70,'A+'),('431512','2020-01-20','PAT_902','Jerry Collins','8565614324','5737 Victoria Falls Suite 498 Basmathnagar MAHARASHTRA','DOC_29502',69,'AB+'),('262401','2020-01-06','PAT_919','Angela Gray','8605707348','2137 Charles Mountains Suite 119 Fauzi Coloney UTTARAKHAND','DOC_54630',67,'B+'),('143528','2020-01-18','PAT_923','Fernando Harms','8590284117','USNV Harvey Chak Sharif PUNJAB','DOC_4008',62,'B-'),('824201','2019-08-18','PAT_931','Troy Gaytan','8346579113','10008 Darlene Stravenue Bahoura BIHAR','DOC_51210',25,'O-'),('700043','2019-12-16','PAT_932','Kendra Fadden','8986442048','706 Sutton Land South Eastern Railway WEST BENGAL','DOC_29166',45,'A+'),('756028','2020-02-25','PAT_933','James Goins','8895272680','15902 Patrick Pike Apt. 716 Bamada ORISSA','DOC_29166',63,'B-'),('442605','2019-09-10','PAT_934','Ann Combs','8613153091','231 Hector Shoals Suite 293 Lanjeda MAHARASHTRA','DOC_2411',39,'B-'),('463111','2019-09-11','PAT_938','Russell Kelsey','8497213910','25127 April Land Apt. 352 Sohaya MADHYA PRADESH','DOC_86904',37,'B-'),('628102','2020-02-26','PAT_946','August Kennedy','8260997522','660 Michael Springs Mudittanendal TAMILNADU','DOC_81528',28,'B-'),('505502','2019-12-31','PAT_95','William Huguenin','8882307442','USS French Korkal ANDHRA PRADESH','DOC_89215',38,'AB-'),('148028','2019-11-04','PAT_950','Timothy Pinner','8329788918','593 Gilbert Terrace Suite 587 Dharamgarh PUNJAB','DOC_40658',40,'AB-'),('752080','2019-08-13','PAT_969','Stacey Martin','8785065709','794 Timothy Turnpike Binayakpur ORISSA','DOC_13242',32,'A-'),('491107','2019-08-25','PAT_97','Ruth Howard','8290775624','93321 Hanson Canyon Apt. 120 Purai CHATTISGARH','DOC_61308',20,'A+'),('757052','2019-09-25','PAT_982','Phyllis Pierce','8880588981','159 Christopher Overpass Apt. 988 Raghavpur ORISSA','DOC_42727',30,'O+');
/*!40000 ALTER TABLE `Patient` ENABLE KEYS */;
UNLOCK TABLES;

--
-- Table structure for table `Patients_Organ`
--

DROP TABLE IF EXISTS `Patients_Organ`;
/*!40101 SET @saved_cs_client     = @@character_set_client */;
/*!40101 SET character_set_client = utf8 */;
CREATE TABLE `Patients_Organ` (
  `PAT_id` char(9) DEFAULT NULL,
  `Organ` varchar(20) DEFAULT NULL,
  KEY `PAT_id` (`PAT_id`),
  CONSTRAINT `Patients_Organ_ibfk_1` FOREIGN KEY (`PAT_id`) REFERENCES `Patient` (`PAT_id`)
) ENGINE=InnoDB DEFAULT CHARSET=latin1;
/*!40101 SET character_set_client = @saved_cs_client */;

--
-- Dumping data for table `Patients_Organ`
--

LOCK TABLES `Patients_Organ` WRITE;
/*!40000 ALTER TABLE `Patients_Organ` DISABLE KEYS */;
INSERT INTO `Patients_Organ` VALUES ('PAT_2767','Liver'),('PAT_2384','Kidney'),('PAT_3411','Pancreas'),('PAT_653','Pancreas'),('PAT_1701','Liver'),('PAT_153','Cornea'),('PAT_386','Heart'),('PAT_3566','Lung'),('PAT_1951','Liver'),('PAT_1764','Heart'),('PAT_2841','Kidney'),('PAT_2994','Lung'),('PAT_1258','Liver'),('PAT_2830','Liver'),('PAT_2710','Heart'),('PAT_3967','Kidney'),('PAT_1282','Lung'),('PAT_1210','Cornea'),('PAT_2378','Liver'),('PAT_2935','Kidney'),('PAT_3827','Pancreas'),('PAT_1319','Lung'),('PAT_3597','Kidney'),('PAT_1911','Kidney'),('PAT_1184','Pancreas'),('PAT_3734','Cornea'),('PAT_666','Kidney'),('PAT_459','Lung'),('PAT_858','Heart'),('PAT_1877','Lung'),('PAT_2356','Liver'),('PAT_2989','Heart'),('PAT_393','Liver'),('PAT_5','Lung'),('PAT_3357','Cornea'),('PAT_587','Lung'),('PAT_3052','Lung'),('PAT_1244','Heart'),('PAT_1255','Liver'),('PAT_950','Liver'),('PAT_3665','Cornea'),('PAT_1129','Kidney'),('PAT_3605','Kidney'),('PAT_2245','Liver'),('PAT_267','Liver'),('PAT_2633','Liver'),('PAT_1342','Lung'),('PAT_2116','Lung'),('PAT_3288','Kidney'),('PAT_117','Liver'),('PAT_3904','Kidney'),('PAT_1787','Heart'),('PAT_2827','Heart'),('PAT_3277','Cornea'),('PAT_618','Pancreas'),('PAT_1599','Liver'),('PAT_1236','Lung'),('PAT_1395','Pancreas'),('PAT_3955','Lung'),('PAT_3416','Kidney'),('PAT_1846','Liver'),('PAT_2262','Liver'),('PAT_1206','Lung'),('PAT_923','Cornea'),('PAT_480','Liver'),('PAT_421','Pancreas'),('PAT_2328','Lung'),('PAT_1984','Cornea'),('PAT_1127','Liver'),('PAT_341','Cornea'),('PAT_1356','Heart'),('PAT_607','Cornea'),('PAT_1547','Lung'),('PAT_1940','Lung'),('PAT_938','Heart'),('PAT_1034','Kidney'),('PAT_815','Cornea'),('PAT_3046','Liver'),('PAT_155','Kidney'),('PAT_1242','Pancreas'),('PAT_1775','Heart'),('PAT_1278','Cornea'),('PAT_723','Kidney'),('PAT_1777','Heart'),('PAT_3770','Pancreas'),('PAT_1927','Pancreas'),('PAT_2509','Liver'),('PAT_1297','Heart'),('PAT_2642','Kidney'),('PAT_719','Lung'),('PAT_2341','Heart'),('PAT_3939','Heart'),('PAT_2472','Cornea'),('PAT_626','Kidney'),('PAT_3867','Cornea'),('PAT_934','Heart'),('PAT_3469','Pancreas'),('PAT_3695','Cornea'),('PAT_383','Liver'),('PAT_760','Kidney'),('PAT_1658','Lung'),('PAT_563','Liver'),('PAT_60','Kidney'),('PAT_735','Heart'),('PAT_1698','Liver'),('PAT_326','Kidney'),('PAT_982','Heart'),('PAT_3081','Kidney'),('PAT_3243','Heart'),('PAT_2812','Lung'),('PAT_2549','Pancreas'),('PAT_3021','Lung'),('PAT_2271','Kidney'),('PAT_2826','Kidney'),('PAT_2433','Kidney'),('PAT_275','Lung'),('PAT_392','Lung'),('PAT_761','Liver'),('PAT_596','Pancreas'),('PAT_1228','Kidney'),('PAT_1114','Kidney'),('PAT_3873','Liver'),('PAT_2846','Kidney'),('PAT_1645','Liver'),('PAT_2643','Cornea'),('PAT_3985','Lung'),('PAT_154','Liver'),('PAT_1720','Lung'),('PAT_595','Lung'),('PAT_2220','Liver'),('PAT_337','Pancreas'),('PAT_1435','Heart'),('PAT_1197','Cornea'),('PAT_497','Cornea'),('PAT_485','Lung'),('PAT_821','Lung'),('PAT_151','Kidney'),('PAT_1138','Pancreas'),('PAT_1467','Kidney'),('PAT_278','Kidney'),('PAT_2259','Heart'),('PAT_417','Kidney'),('PAT_1603','Pancreas'),('PAT_3465','Heart'),('PAT_1053','Kidney'),('PAT_174','Kidney'),('PAT_2865','Heart'),('PAT_1615','Heart'),('PAT_1650','Kidney'),('PAT_3320','Kidney'),('PAT_3086','Kidney'),('PAT_1579','Liver'),('PAT_3825','Kidney'),('PAT_1110','Pancreas'),('PAT_2637','Heart'),('PAT_1447','Lung'),('PAT_3071','Lung'),('PAT_2251','Lung'),('PAT_2244','Heart'),('PAT_3347','Cornea'),('PAT_2780','Pancreas'),('PAT_3443','Kidney'),('PAT_168','Heart'),('PAT_1226','Liver'),('PAT_819','Cornea'),('PAT_3272','Cornea'),('PAT_2273','Lung'),('PAT_3064','Cornea'),('PAT_1882','Liver'),('PAT_2769','Heart'),('PAT_969','Heart'),('PAT_291','Liver'),('PAT_2819','Heart'),('PAT_572','Pancreas'),('PAT_1131','Heart'),('PAT_2234','Heart'),('PAT_368','Heart'),('PAT_3208','Liver'),('PAT_1458','Cornea'),('PAT_2754','Cornea'),('PAT_440','Liver'),('PAT_2206','Heart'),('PAT_2990','Cornea'),('PAT_3618','Cornea'),('PAT_2612','Liver'),('PAT_221','Kidney'),('PAT_790','Kidney'),('PAT_2639','Pancreas'),('PAT_2974','Pancreas'),('PAT_3307','Kidney'),('PAT_1526','Lung'),('PAT_95','Cornea'),('PAT_397','Pancreas'),('PAT_3203','Heart'),('PAT_3025','Cornea'),('PAT_3123','Lung'),('PAT_2681','Pancreas'),('PAT_40','Liver'),('PAT_1713','Cornea'),('PAT_2946','Pancreas'),('PAT_786','Liver'),('PAT_31','Heart'),('PAT_2071','Liver'),('PAT_3578','Liver'),('PAT_730','Cornea'),('PAT_933','Cornea'),('PAT_1220','Pancreas'),('PAT_1078','Liver'),('PAT_450','Lung'),('PAT_2164','Cornea'),('PAT_463','Cornea'),('PAT_3438','Kidney'),('PAT_1869','Heart'),('PAT_2527','Cornea'),('PAT_2145','Pancreas'),('PAT_290','Cornea'),('PAT_247','Heart'),('PAT_2398','Kidney'),('PAT_3','Liver'),('PAT_3000','Heart'),('PAT_3767','Cornea'),('PAT_1270','Lung'),('PAT_3374','Kidney'),('PAT_2033','Heart'),('PAT_2439','Pancreas'),('PAT_865','Lung'),('PAT_2363','Lung'),('PAT_3393','Pancreas'),('PAT_1079','Liver'),('PAT_2314','Cornea'),('PAT_670','Kidney'),('PAT_630','Cornea'),('PAT_114','Heart'),('PAT_1185','Heart'),('PAT_1537','Lung'),('PAT_1134','Heart'),('PAT_3926','Lung'),('PAT_2765','Liver'),('PAT_3713','Lung'),('PAT_2405','Kidney'),('PAT_336','Cornea'),('PAT_498','Heart'),('PAT_3082','Cornea'),('PAT_2490','Lung'),('PAT_332','Lung'),('PAT_1914','Lung'),('PAT_469','Pancreas'),('PAT_226','Liver'),('PAT_387','Kidney'),('PAT_1465','Cornea'),('PAT_468','Kidney'),('PAT_1118','Heart'),('PAT_2498','Liver'),('PAT_3522','Heart'),('PAT_3672','Kidney'),('PAT_3489','Cornea'),('PAT_1593','Kidney'),('PAT_148','Pancreas'),('PAT_777','Pancreas'),('PAT_2424','Lung'),('PAT_71','Lung'),('PAT_3588','Pancreas'),('PAT_3409','Cornea'),('PAT_1519','Kidney'),('PAT_1271','Pancreas'),('PAT_1042','Liver'),('PAT_2062','Lung'),('PAT_2325','Heart'),('PAT_3222','Cornea'),('PAT_1937','Liver'),('PAT_97','Heart'),('PAT_2019','Kidney'),('PAT_1448','Liver'),('PAT_3042','Pancreas'),('PAT_2536','Lung'),('PAT_2412','Pancreas'),('PAT_1019','Pancreas'),('PAT_1130','Lung'),('PAT_1581','Lung'),('PAT_223','Heart'),('PAT_3402','Liver'),('PAT_1098','Pancreas'),('PAT_3975','Heart'),('PAT_1796','Liver'),('PAT_416','Kidney'),('PAT_1816','Pancreas'),('PAT_3451','Liver'),('PAT_3057','Pancreas'),('PAT_639','Cornea'),('PAT_359','Lung'),('PAT_729','Liver'),('PAT_3124','Liver'),('PAT_298','Cornea'),('PAT_1625','Liver'),('PAT_3452','Pancreas'),('PAT_2941','Cornea'),('PAT_2988','Lung'),('PAT_3218','Pancreas'),('PAT_2550','Pancreas'),('PAT_3552','Pancreas'),('PAT_552','Cornea'),('PAT_2392','Liver'),('PAT_2457','Liver'),('PAT_1230','Lung'),('PAT_881','Lung'),('PAT_1556','Cornea'),('PAT_1946','Kidney'),('PAT_1095','Liver'),('PAT_2212','Pancreas'),('PAT_3216','Kidney'),('PAT_1788','Liver'),('PAT_3900','Liver'),('PAT_2247','Lung'),('PAT_2313','Cornea'),('PAT_1066','Heart'),('PAT_173','Kidney'),('PAT_2694','Cornea'),('PAT_2364','Pancreas'),('PAT_3397','Cornea'),('PAT_2375','Heart'),('PAT_2463','Heart'),('PAT_3192','Liver'),('PAT_3962','Liver'),('PAT_63','Pancreas'),('PAT_807','Pancreas'),('PAT_3045','Lung'),('PAT_510','Kidney'),('PAT_2400','Lung'),('PAT_1280','Cornea'),('PAT_1703','Heart'),('PAT_868','Liver'),('PAT_529','Pancreas'),('PAT_3581','Liver'),('PAT_2461','Kidney'),('PAT_3918','Lung'),('PAT_1473','Pancreas'),('PAT_3569','Cornea'),('PAT_1080','Cornea'),('PAT_3994','Lung'),('PAT_3072','Lung'),('PAT_3448','Heart'),('PAT_1171','Pancreas'),('PAT_3368','Liver'),('PAT_187','Cornea'),('PAT_335','Heart'),('PAT_737','Pancreas'),('PAT_2650','Heart'),('PAT_3832','Liver'),('PAT_449','Pancreas'),('PAT_1523','Liver'),('PAT_3815','Lung'),('PAT_3539','Cornea'),('PAT_1744','Pancreas'),('PAT_1814','Pancreas'),('PAT_1358','Heart'),('PAT_3389','Heart'),('PAT_3353','Lung'),('PAT_409','Lung'),('PAT_732','Heart'),('PAT_253','Pancreas'),('PAT_1115','Cornea'),('PAT_2995','Lung'),('PAT_3087','Liver'),('PAT_2667','Liver'),('PAT_3073','Cornea'),('PAT_22','Cornea'),('PAT_1551','Pancreas'),('PAT_3434','Lung'),('PAT_3717','Pancreas'),('PAT_530','Kidney'),('PAT_919','Heart'),('PAT_3527','Kidney'),('PAT_946','Cornea'),('PAT_2076','Cornea'),('PAT_3768','Kidney'),('PAT_2903','Kidney'),('PAT_2572','Kidney'),('PAT_2215','Lung'),('PAT_2587','Kidney'),('PAT_1999','Liver'),('PAT_3682','Cornea'),('PAT_196','Kidney'),('PAT_1464','Lung'),('PAT_524','Kidney'),('PAT_142','Cornea'),('PAT_2665','Pancreas'),('PAT_751','Liver'),('PAT_1085','Liver'),('PAT_3280','Cornea'),('PAT_2046','Liver'),('PAT_242','Cornea'),('PAT_250','Pancreas'),('PAT_813','Liver'),('PAT_1661','Cornea'),('PAT_554','Liver'),('PAT_1062','Kidney'),('PAT_398','Kidney'),('PAT_1325','Liver'),('PAT_2185','Lung'),('PAT_496','Kidney'),('PAT_89','Pancreas'),('PAT_3270','Kidney'),('PAT_3500','Cornea'),('PAT_3740','Liver'),('PAT_1307','Pancreas'),('PAT_902','Kidney'),('PAT_35','Cornea'),('PAT_3561','Liver'),('PAT_1577','Pancreas'),('PAT_1637','Kidney'),('PAT_3935','Cornea'),('PAT_2492','Liver'),('PAT_2981','Heart'),('PAT_2388','Pancreas'),('PAT_931','Pancreas'),('PAT_3472','Lung'),('PAT_1665','Heart'),('PAT_2992','Lung'),('PAT_8','Cornea'),('PAT_2077','Pancreas'),('PAT_932','Cornea'),('PAT_3492','Heart'),('PAT_648','Kidney'),('PAT_2532','Lung'),('PAT_770','Heart'),('PAT_784','Pancreas'),('PAT_1017','Heart'),('PAT_3608','Cornea'),('PAT_586','Lung'),('PAT_1652','Liver'),('PAT_1751','Heart'),('PAT_686','Lung'),('PAT_1644','Cornea'),('PAT_3782','Cornea'),('PAT_3771','Pancreas'),('PAT_131','Pancreas'),('PAT_2320','Kidney'),('PAT_3949','Pancreas'),('PAT_3700','Heart'),('PAT_1759','Liver'),('PAT_3802','Heart'),('PAT_638','Cornea'),('PAT_2839','Liver'),('PAT_1947','Heart'),('PAT_2110','Cornea'),('PAT_574','Pancreas'),('PAT_1962','Liver'),('PAT_2847','Lung'),('PAT_3594','Heart'),('PAT_217','Pancreas'),('PAT_2403','Liver'),('PAT_1849','Cornea'),('PAT_3731','Lung'),('PAT_1293','Lung'),('PAT_160','Heart'),('PAT_3614','Cornea'),('PAT_234','Kidney'),('PAT_3325','Pancreas'),('PAT_2331','Cornea'),('PAT_141','Heart'),('PAT_362','Pancreas'),('PAT_2852','Cornea'),('PAT_451','Pancreas'),('PAT_3278','Liver');
/*!40000 ALTER TABLE `Patients_Organ` ENABLE KEYS */;
UNLOCK TABLES;
/*!40103 SET TIME_ZONE=@OLD_TIME_ZONE */;

/*!40101 SET SQL_MODE=@OLD_SQL_MODE */;
/*!40014 SET FOREIGN_KEY_CHECKS=@OLD_FOREIGN_KEY_CHECKS */;
/*!40014 SET UNIQUE_CHECKS=@OLD_UNIQUE_CHECKS */;
/*!40101 SET CHARACTER_SET_CLIENT=@OLD_CHARACTER_SET_CLIENT */;
/*!40101 SET CHARACTER_SET_RESULTS=@OLD_CHARACTER_SET_RESULTS */;
/*!40101 SET COLLATION_CONNECTION=@OLD_COLLATION_CONNECTION */;
/*!40111 SET SQL_NOTES=@OLD_SQL_NOTES */;

-- Dump completed on 2020-04-23 13:21:53
